{"title":"Namibia","version":"1.1.2","type":"FeatureCollection","copyright":"Copyright (c) 2015 Highsoft AS, Based on data from Natural Earth","copyrightShort":"Natural Earth","copyrightUrl":"http://www.naturalearthdata.com","crs":{"type":"name","properties":{"name":"urn:ogc:def:crs:EPSG:32733"}},"hc-transform":{"default":{"crs":"+proj=utm +zone=33 +south +datum=WGS84 +units=m +no_defs","scale":0.000485881899098,"jsonres":15.5,"jsonmarginX":-999,"jsonmarginY":9851.0,"xoffset":151484.008213,"yoffset":8124948.03215}},
"features":[{"type":"Feature","id":"NA.OS","properties":{"hc-group":"admin1","hc-middle-x":0.49,"hc-middle-y":0.41,"hc-key":"na-os","hc-a2":"OS","labelrank":"4","hasc":"NA.OS","alt-name":null,"woe-id":"20069842","subregion":null,"fips":"WA05","postal-code":"OS","name":"Omusati","country":"Namibia","type-en":"Region","region":null,"longitude":"14.8918","woe-name":"Omusati","latitude":"-18.3099","woe-label":"Omusati, NA, Namibia","type":"Region"},"geometry":{"type":"Polygon","coordinates":[[[999,9447],[1001,9492],[1466,9493],[2073,9493],[2074,9437],[2136,9318],[2142,9250],[2143,9245],[1855,8963],[1854,8950],[2024,8857],[2073,8464],[2032,8380],[2071,8244],[2066,8195],[2033,8164],[2103,8096],[1983,8044],[1877,8014],[1877,7991],[1793,7965],[1696,7979],[1514,7954],[1296,7952],[1259,7945],[1261,7876],[1305,7878],[1289,7802],[1190,7805],[1212,7902],[1155,7971],[1122,8068],[1141,8239],[1073,8431],[1075,8606],[1060,8917],[1037,9018],[959,9176],[972,9302],[936,9343],[999,9447]]]}},{"type":"Feature","id":"NA.ON","properties":{"hc-group":"admin1","hc-middle-x":0.53,"hc-middle-y":0.23,"hc-key":"na-on","hc-a2":"ON","labelrank":"4","hasc":"NA.ON","alt-name":null,"woe-id":"20069843","subregion":null,"fips":"WA11","postal-code":"ON","name":"Oshana","country":"Namibia","type-en":"Region","region":null,"longitude":"15.662","woe-name":"Oshana","latitude":"-18.4961","woe-label":"Oshana, NA, Namibia","type":"Region"},"geometry":{"type":"Polygon","coordinates":[[[2157,9200],[2424,9235],[2422,8963],[2444,8949],[2453,8864],[2437,8794],[2376,8721],[2380,8586],[2448,8438],[2399,8419],[2308,8313],[2293,8260],[2300,8176],[2348,8071],[2388,8038],[2353,7994],[2369,7873],[2307,7908],[2183,7921],[2083,7946],[1874,7945],[1877,7991],[1877,8014],[1983,8044],[2103,8096],[2033,8164],[2066,8195],[2071,8244],[2032,8380],[2073,8464],[2024,8857],[1854,8950],[1855,8963],[2142,9250],[2157,9200]]]}},{"type":"Feature","id":"NA.OW","properties":{"hc-group":"admin1","hc-middle-x":0.50,"hc-middle-y":0.37,"hc-key":"na-ow","hc-a2":"OW","labelrank":"4","hasc":"NA.OW","alt-name":null,"woe-id":"20069840","subregion":null,"fips":"WA08","postal-code":"OW","name":"Ohangwena","country":"Namibia","type-en":"Region","region":null,"longitude":"16.7798","woe-name":"Ohangwena","latitude":"-17.5789","woe-label":"Ohangwena, NA, Namibia","type":"Region"},"geometry":{"type":"Polygon","coordinates":[[[2142,9250],[2136,9318],[2074,9437],[2073,9493],[3108,9486],[4027,9474],[4022,9160],[3023,9170],[2734,9051],[2669,9077],[2424,9235],[2157,9200],[2143,9245],[2142,9250]]]}},{"type":"Feature","id":"NA.OT","properties":{"hc-group":"admin1","hc-middle-x":0.49,"hc-middle-y":0.50,"hc-key":"na-ot","hc-a2":"OT","labelrank":"4","hasc":"NA.OT","alt-name":null,"woe-id":"20069841","subregion":null,"fips":"WA12","postal-code":"OT","name":"Oshikoto","country":"Namibia","type-en":"Region","region":null,"longitude":"17.0179","woe-name":"Oshikoto","latitude":"-18.5381","woe-label":"Oshikoto, NA, Namibia","type":"Region"},"geometry":{"type":"Polygon","coordinates":[[[2424,9235],[2669,9077],[2734,9051],[3023,9170],[4022,9160],[4015,8340],[4163,8328],[4141,8169],[4019,8091],[4025,8034],[4004,7915],[3963,7896],[3912,7832],[3911,7793],[3950,7735],[3882,7697],[3864,7731],[3749,7716],[3646,7765],[3591,7823],[3533,7833],[3523,7885],[3539,7946],[3470,7912],[3471,7955],[3367,8016],[3310,8002],[3200,7858],[2983,7749],[2972,7735],[2915,7768],[2671,7806],[2565,7838],[2369,7873],[2353,7994],[2388,8038],[2348,8071],[2300,8176],[2293,8260],[2308,8313],[2399,8419],[2448,8438],[2380,8586],[2376,8721],[2437,8794],[2453,8864],[2444,8949],[2422,8963],[2424,9235]]]}},{"type":"Feature","id":"NA.OH","properties":{"hc-group":"admin1","hc-middle-x":0.48,"hc-middle-y":0.48,"hc-key":"na-oh","hc-a2":"OH","labelrank":"4","hasc":"NA.OH","alt-name":null,"woe-id":"20069836","subregion":null,"fips":"WA09","postal-code":"OH","name":"Omaheke","country":"Namibia","type-en":"Region","region":null,"longitude":"19.4738","woe-name":"Omaheke","latitude":"-22.0526","woe-label":"Omaheke, NA, Namibia","type":"Region"},"geometry":{"type":"Polygon","coordinates":[[[6332,6939],[6285,5589],[6274,5559],[5499,5587],[5448,4029],[4959,4047],[4906,4055],[4907,4204],[4858,4218],[4815,4170],[4728,4178],[4677,4208],[4532,4154],[4432,4180],[4378,4234],[4341,4213],[4275,4365],[4323,4479],[4318,4505],[4212,4597],[4231,4643],[4286,4653],[4271,4707],[4227,4719],[4192,4779],[4246,4808],[4248,4845],[4174,4830],[4172,4943],[4148,5026],[4121,5222],[4084,5208],[4054,5235],[4089,5259],[4028,5333],[3978,5345],[3927,5449],[3937,5524],[4013,5557],[4005,5591],[4058,5684],[4014,5741],[4061,5822],[4055,5871],[4153,5938],[4151,6050],[4171,6061],[4174,6188],[4133,6187],[4137,6247],[4175,6262],[4257,6238],[4246,6291],[4291,6320],[4300,6360],[4256,6360],[4269,6424],[4354,6445],[4372,6423],[4400,6483],[4432,6609],[4577,6839],[4637,6890],[5019,7023],[5069,7058],[5154,7067],[5813,6973],[5897,6945],[5973,6947],[6097,6920],[6182,6916],[6332,6939]]]}},{"type":"Feature","id":"NA.OK","properties":{"hc-group":"admin1","hc-middle-x":0.62,"hc-middle-y":0.63,"hc-key":"na-ok","hc-a2":"OK","labelrank":"4","hasc":"NA.OK","alt-name":null,"woe-id":"20069820","subregion":null,"fips":"WA07","postal-code":"OK","name":"Kavango","country":"Namibia","type-en":"Region","region":null,"longitude":"19.4968","woe-name":"Kavango","latitude":"-18.5224","woe-label":"Okavango, NA, Namibia","type":"Region"},"geometry":{"type":"Polygon","coordinates":[[[6403,8640],[6388,8640],[6364,7926],[4981,7952],[4990,8265],[4163,8328],[4015,8340],[4022,9160],[4027,9474],[4384,9468],[4466,9345],[4631,9164],[4733,9119],[4837,9097],[4958,9112],[5156,9059],[5294,9058],[5358,9068],[5435,9026],[5454,9049],[5581,9046],[5646,9016],[5889,9044],[5969,9008],[6069,8929],[6206,8918],[6260,8885],[6332,8898],[6407,8935],[6402,8640],[6403,8640]]]}},{"type":"Feature","id":"NA.CA","properties":{"hc-group":"admin1","hc-middle-x":0.66,"hc-middle-y":0.40,"hc-key":"na-ca","hc-a2":"CA","labelrank":"4","hasc":"NA.CA","alt-name":null,"woe-id":"20069834","subregion":null,"fips":"WA06","postal-code":"CA","name":"Caprivi","country":"Namibia","type-en":"Region","region":null,"longitude":"23.1229","woe-name":"Caprivi","latitude":"-17.8491","woe-label":"Caprivi, NA, Namibia","type":"Region"},"geometry":{"type":"Polygon","coordinates":[[[6407,8935],[6493,8956],[6592,8959],[6741,8888],[7611,9021],[8403,9143],[8418,9142],[9025,9238],[9176,9234],[9314,9178],[9363,9210],[9570,9166],[9618,9146],[9758,9025],[9797,8964],[9851,8929],[9766,8944],[9738,8918],[9645,8913],[9604,8947],[9494,8910],[9415,8866],[9289,8747],[9230,8737],[9167,8828],[9122,8835],[9063,8774],[8971,8776],[8931,8731],[8866,8706],[8659,8545],[8580,8467],[8478,8422],[8446,8515],[8458,8532],[8415,8628],[8385,8639],[8305,8732],[8271,8826],[8226,8838],[8005,8829],[6789,8642],[6403,8640],[6402,8640],[6407,8935]]]}},{"type":"Feature","id":"NA.KA","properties":{"hc-group":"admin1","hc-middle-x":0.53,"hc-middle-y":0.53,"hc-key":"na-ka","hc-a2":"KA","labelrank":"4","hasc":"NA.KA","alt-name":null,"woe-id":"20069838","subregion":null,"fips":"WA03","postal-code":"KA","name":"Karas","country":"Namibia","type-en":"Region","region":null,"longitude":"17.4903","woe-name":"Karas","latitude":"-27.0276","woe-label":"Karas, NA, Namibia","type":"Region"},"geometry":{"type":"Polygon","coordinates":[[[5396,2562],[5305,243],[5303,218],[5240,216],[5185,177],[5083,149],[4994,139],[4950,85],[4926,19],[4889,-9],[4810,-25],[4783,-11],[4751,-53],[4777,-137],[4681,-196],[4622,-205],[4568,-176],[4531,-125],[4379,-97],[4182,-122],[4121,-139],[4056,-121],[3951,-137],[3862,-98],[3768,-31],[3646,-1],[3582,-19],[3543,-5],[3527,59],[3394,41],[3408,134],[3374,163],[3343,250],[3390,280],[3399,322],[3359,440],[3285,433],[3246,458],[3246,535],[3179,607],[3027,567],[3020,501],[2964,451],[2967,411],[2929,401],[2957,331],[2931,268],[2882,225],[2859,255],[2803,200],[2671,134],[2487,312],[2397,429],[2299,501],[2189,613],[2133,687],[2105,782],[2031,856],[2013,952],[1921,1106],[1846,1212],[1806,1440],[1801,1510],[1759,1547],[1688,1735],[1695,1783],[1729,1752],[1752,1812],[1722,1933],[1652,2010],[1600,2035],[1598,2164],[1610,2266],[1556,2386],[1559,2444],[1507,2512],[1507,2607],[1533,2667],[1488,2843],[1475,2930],[1514,3095],[1496,3149],[2202,3142],[2220,3075],[2278,2663],[2364,2645],[2514,2436],[2638,2432],[2600,2656],[2662,2676],[2691,2655],[2696,2593],[2741,2632],[2779,2708],[2822,2652],[2978,2624],[3081,2583],[3134,2529],[3265,2557],[3389,2501],[3395,2646],[3453,2675],[3620,2648],[3720,2655],[4088,2734],[4258,2744],[4382,2670],[4712,2631],[4835,2683],[4911,2569],[5007,2596],[5108,2556],[5237,2527],[5324,2564],[5396,2562]]]}},{"type":"Feature","id":"NA.HA","properties":{"hc-group":"admin1","hc-middle-x":0.51,"hc-middle-y":0.53,"hc-key":"na-ha","hc-a2":"HA","labelrank":"4","hasc":"NA.HA","alt-name":null,"woe-id":"20069844","subregion":null,"fips":"WA02","postal-code":"HA","name":"Hardap","country":"Namibia","type-en":"Region","region":null,"longitude":"17.2167","woe-name":"Hardap","latitude":"-24.5108","woe-label":"Hardap, NA, Namibia","type":"Region"},"geometry":{"type":"Polygon","coordinates":[[[5448,4029],[5414,3041],[5396,2562],[5324,2564],[5237,2527],[5108,2556],[5007,2596],[4911,2569],[4835,2683],[4712,2631],[4382,2670],[4258,2744],[4088,2734],[3720,2655],[3620,2648],[3453,2675],[3395,2646],[3389,2501],[3265,2557],[3134,2529],[3081,2583],[2978,2624],[2822,2652],[2779,2708],[2741,2632],[2696,2593],[2691,2655],[2662,2676],[2600,2656],[2638,2432],[2514,2436],[2364,2645],[2278,2663],[2220,3075],[2202,3142],[1496,3149],[1471,3214],[1459,3313],[1415,3396],[1322,3513],[1330,3611],[1254,3764],[1223,3849],[1206,3992],[1253,4072],[1232,4184],[1242,4304],[1229,4357],[1662,4315],[1693,4275],[1885,4262],[1973,4238],[2195,4137],[2201,4028],[2248,4004],[2326,4004],[2360,4038],[2593,4097],[2552,4000],[2637,3957],[2616,4029],[2667,4085],[2771,4075],[2771,4126],[2701,4150],[2607,4158],[2615,4223],[2662,4307],[2691,4238],[2758,4244],[2838,4321],[2828,4374],[2773,4423],[2863,4598],[3027,4581],[3129,4612],[3175,4645],[3259,4654],[3306,4635],[3316,4566],[3355,4541],[3535,4562],[3501,4528],[3502,4471],[3469,4452],[3474,4389],[3504,4366],[3513,4295],[3642,4291],[3678,4315],[3824,4316],[3916,4253],[4000,4264],[4102,4301],[4108,4335],[4236,4399],[4275,4365],[4341,4213],[4378,4234],[4432,4180],[4532,4154],[4677,4208],[4728,4178],[4815,4170],[4858,4218],[4907,4204],[4906,4055],[4959,4047],[5448,4029]]]}},{"type":"Feature","id":"NA.KH","properties":{"hc-group":"admin1","hc-middle-x":0.46,"hc-middle-y":0.50,"hc-key":"na-kh","hc-a2":"KH","labelrank":"4","hasc":"NA.KH","alt-name":null,"woe-id":"20069845","subregion":null,"fips":"WA04","postal-code":"KH","name":"Khomas","country":"Namibia","type-en":"Region","region":null,"longitude":"17.1204","woe-name":"Khomas","latitude":"-22.7056","woe-label":"Khomas, NA, Namibia","type":"Region"},"geometry":{"type":"Polygon","coordinates":[[[4275,4365],[4236,4399],[4108,4335],[4102,4301],[4000,4264],[3916,4253],[3824,4316],[3678,4315],[3642,4291],[3513,4295],[3504,4366],[3474,4389],[3469,4452],[3502,4471],[3501,4528],[3535,4562],[3355,4541],[3316,4566],[3306,4635],[3259,4654],[3175,4645],[3129,4612],[3027,4581],[2863,4598],[2773,4423],[2828,4374],[2838,4321],[2758,4244],[2691,4238],[2662,4307],[2615,4223],[2607,4158],[2701,4150],[2771,4126],[2771,4075],[2667,4085],[2616,4029],[2637,3957],[2552,4000],[2593,4097],[2360,4038],[2326,4004],[2248,4004],[2201,4028],[2195,4137],[2260,4143],[2281,4354],[2214,4401],[2236,4487],[2280,4498],[2262,4609],[2335,4643],[2301,4686],[2315,4769],[2317,4894],[2364,4936],[2442,4943],[2448,5047],[2375,5062],[2444,5149],[2523,5142],[2613,5219],[2661,5220],[2679,5293],[2748,5333],[2833,5333],[2869,5369],[2900,5350],[2969,5354],[2931,5396],[2964,5447],[3051,5394],[3155,5446],[3176,5419],[3255,5474],[3288,5441],[3363,5474],[3412,5563],[3428,5524],[3532,5561],[3548,5596],[3531,5653],[3576,5674],[3653,5766],[3722,5783],[3751,5762],[3833,5786],[3886,5831],[4055,5871],[4061,5822],[4014,5741],[4058,5684],[4005,5591],[4013,5557],[3937,5524],[3927,5449],[3978,5345],[4028,5333],[4089,5259],[4054,5235],[4084,5208],[4121,5222],[4148,5026],[4172,4943],[4174,4830],[4248,4845],[4246,4808],[4192,4779],[4227,4719],[4271,4707],[4286,4653],[4231,4643],[4212,4597],[4318,4505],[4323,4479],[4275,4365]]]}},{"type":"Feature","id":"NA.KU","properties":{"hc-group":"admin1","hc-middle-x":0.35,"hc-middle-y":0.46,"hc-key":"na-ku","hc-a2":"KU","labelrank":"4","hasc":"NA.KU","alt-name":null,"woe-id":"20069839","subregion":null,"fips":"WA05","postal-code":"KU","name":"Kunene","country":"Namibia","type-en":"Region","region":null,"longitude":"13.9847","woe-name":"Kunene","latitude":"-19.8757","woe-label":"Kunene, NA, Namibia","type":"Region"},"geometry":{"type":"Polygon","coordinates":[[[999,9447],[936,9343],[972,9302],[959,9176],[1037,9018],[1060,8917],[1075,8606],[1073,8431],[1141,8239],[1122,8068],[1155,7971],[1212,7902],[1190,7805],[1289,7802],[1305,7878],[1261,7876],[1259,7945],[1296,7952],[1514,7954],[1696,7979],[1793,7965],[1877,7991],[1874,7945],[2083,7946],[2183,7921],[2307,7908],[2369,7873],[2565,7838],[2671,7806],[2915,7768],[2972,7735],[2979,7685],[2967,7380],[2974,7348],[2930,7319],[2831,7309],[2844,7210],[2808,7209],[2655,7124],[2655,6998],[2623,6979],[2562,6993],[2442,6969],[2350,6919],[2299,6861],[2216,6830],[2097,6848],[2013,6875],[1984,6905],[1928,6911],[1852,6813],[1720,6680],[1599,6597],[1554,6551],[1414,6484],[1202,6489],[1134,6511],[1074,6493],[1006,6516],[768,6450],[553,6323],[362,6631],[331,6774],[261,6906],[220,7082],[173,7181],[107,7213],[80,7259],[53,7362],[-190,7796],[-210,7877],[-262,7956],[-302,8052],[-380,8138],[-397,8216],[-529,8386],[-619,8443],[-678,8510],[-735,8543],[-814,8770],[-885,8843],[-930,8998],[-999,9339],[-973,9573],[-919,9576],[-824,9647],[-755,9675],[-649,9679],[-583,9614],[-442,9634],[-333,9608],[-268,9651],[-123,9720],[-68,9783],[33,9827],[155,9851],[237,9823],[314,9841],[419,9792],[441,9711],[580,9616],[733,9532],[780,9475],[894,9462],[984,9472],[1001,9492],[999,9447]]]}},{"type":"Feature","id":"NA.ER","properties":{"hc-group":"admin1","hc-middle-x":0.59,"hc-middle-y":0.41,"hc-key":"na-er","hc-a2":"ER","labelrank":"4","hasc":"NA.ER","alt-name":null,"woe-id":"20069837","subregion":null,"fips":"WA01","postal-code":"ER","name":"Erongo","country":"Namibia","type-en":"Region","region":null,"longitude":"15.0824","woe-name":"Erongo","latitude":"-22.2166","woe-label":"Erongo, NA, Namibia","type":"Region"},"geometry":{"type":"Polygon","coordinates":[[[2748,5333],[2679,5293],[2661,5220],[2613,5219],[2523,5142],[2444,5149],[2375,5062],[2448,5047],[2442,4943],[2364,4936],[2317,4894],[2315,4769],[2301,4686],[2335,4643],[2262,4609],[2280,4498],[2236,4487],[2214,4401],[2281,4354],[2260,4143],[2195,4137],[1973,4238],[1885,4262],[1693,4275],[1662,4315],[1229,4357],[1190,4470],[1235,4558],[1220,4655],[1187,4730],[1170,4840],[1202,4889],[1208,4820],[1257,4880],[1266,4938],[1260,5083],[1245,5193],[1150,5419],[1094,5482],[1075,5537],[955,5693],[810,5828],[814,5894],[751,5987],[714,6100],[553,6323],[768,6450],[1006,6516],[1074,6493],[1134,6511],[1202,6489],[1414,6484],[1554,6551],[1599,6597],[1720,6680],[1852,6813],[1928,6911],[1984,6905],[2013,6875],[2097,6848],[2101,6739],[2190,6733],[2209,6682],[2278,6615],[2434,6530],[2481,6484],[2559,6447],[2604,6489],[2652,6418],[2734,6344],[2810,6335],[2803,6259],[2822,6131],[2750,6049],[2711,5872],[2745,5743],[2774,5712],[2767,5591],[2738,5570],[2766,5525],[2710,5485],[2716,5393],[2748,5333]]]}},{"type":"Feature","id":"NA.OD","properties":{"hc-group":"admin1","hc-middle-x":0.33,"hc-middle-y":0.55,"hc-key":"na-od","hc-a2":"OD","labelrank":"4","hasc":"NA.OD","alt-name":null,"woe-id":"20069835","subregion":null,"fips":"WA01","postal-code":"OD","name":"Otjozondjupa","country":"Namibia","type-en":"Region","region":null,"longitude":"18.2876","woe-name":"Otjozondjupa","latitude":"-20.0032","woe-label":"Otjozondjupa, NA, Namibia","type":"Region"},"geometry":{"type":"Polygon","coordinates":[[[6364,7926],[6349,7442],[6332,6939],[6182,6916],[6097,6920],[5973,6947],[5897,6945],[5813,6973],[5154,7067],[5069,7058],[5019,7023],[4637,6890],[4577,6839],[4432,6609],[4400,6483],[4372,6423],[4354,6445],[4269,6424],[4256,6360],[4300,6360],[4291,6320],[4246,6291],[4257,6238],[4175,6262],[4137,6247],[4133,6187],[4174,6188],[4171,6061],[4151,6050],[4153,5938],[4055,5871],[3886,5831],[3833,5786],[3751,5762],[3722,5783],[3653,5766],[3576,5674],[3531,5653],[3548,5596],[3532,5561],[3428,5524],[3412,5563],[3363,5474],[3288,5441],[3255,5474],[3176,5419],[3155,5446],[3051,5394],[2964,5447],[2931,5396],[2969,5354],[2900,5350],[2869,5369],[2833,5333],[2748,5333],[2716,5393],[2710,5485],[2766,5525],[2738,5570],[2767,5591],[2774,5712],[2745,5743],[2711,5872],[2750,6049],[2822,6131],[2803,6259],[2810,6335],[2734,6344],[2652,6418],[2604,6489],[2559,6447],[2481,6484],[2434,6530],[2278,6615],[2209,6682],[2190,6733],[2101,6739],[2097,6848],[2216,6830],[2299,6861],[2350,6919],[2442,6969],[2562,6993],[2623,6979],[2655,6998],[2655,7124],[2808,7209],[2844,7210],[2831,7309],[2930,7319],[2974,7348],[2967,7380],[2979,7685],[2972,7735],[2983,7749],[3200,7858],[3310,8002],[3367,8016],[3471,7955],[3470,7912],[3539,7946],[3523,7885],[3533,7833],[3591,7823],[3646,7765],[3749,7716],[3864,7731],[3882,7697],[3950,7735],[3911,7793],[3912,7832],[3963,7896],[4004,7915],[4025,8034],[4019,8091],[4141,8169],[4163,8328],[4990,8265],[4981,7952],[6364,7926]]]}}]}