{"title":"Azerbaijan","version":"1.1.2","type":"FeatureCollection","copyright":"Copyright (c) 2015 Highsoft AS, Based on data from Natural Earth","copyrightShort":"Natural Earth","copyrightUrl":"http://www.naturalearthdata.com","crs":{"type":"name","properties":{"name":"urn:ogc:def:crs:EPSG:32638"}},"hc-transform":{"default":{"crs":"+proj=utm +zone=38 +datum=WGS84 +units=m +no_defs","scale":0.00140847465187,"jsonres":15.5,"jsonmarginX":-999,"jsonmarginY":9851.0,"xoffset":480673.208137,"yoffset":4638793.51475}},
"features":[{"type":"Feature","id":"AZ.CF","properties":{"hc-group":"admin1","hc-middle-x":0.46,"hc-middle-y":0.38,"hc-key":"az-cf","hc-a2":"CF","labelrank":"9","hasc":"AZ.CF","alt-name":"Julfa","woe-id":"24550721","subregion":null,"fips":"AJ35","postal-code":"CF","name":"Culfa","country":"Azerbaijan","type-en":"District","region":"Naxç?van Autonomous Republic","longitude":"45.6847","woe-name":"Culfa","latitude":"39.136","woe-label":"Culfa, AZ, Azerbaijan","type":"Rayon"},"geometry":{"type":"Polygon","coordinates":[[[876,2680],[779,2717],[610,2717],[503,2743],[436,2747],[427,2838],[464,2903],[414,2977],[378,3056],[413,3131],[418,3219],[305,3278],[384,3329],[423,3417],[479,3455],[457,3522],[538,3569],[674,3632],[717,3587],[764,3578],[861,3697],[973,3659],[1048,3590],[1121,3542],[1001,3398],[969,3270],[887,3079],[807,2978],[786,2846],[854,2799],[911,2742],[876,2680]]]}},{"type":"Feature","id":"AZ.SH","properties":{"hc-group":"admin1","hc-middle-x":0.54,"hc-middle-y":0.53,"hc-key":"az-sh","hc-a2":"SH","labelrank":"9","hasc":"AZ.SH","alt-name":"Shakhbuz","woe-id":"24550718","subregion":null,"fips":"AJ35","postal-code":"SH","name":"?ahbuz","country":"Azerbaijan","type-en":"District","region":"Naxç?van Autonomous Republic","longitude":"45.5799","woe-name":null,"latitude":"39.4227","woe-label":null,"type":"Rayon"},"geometry":{"type":"Polygon","coordinates":[[[861,3697],[764,3578],[717,3587],[674,3632],[538,3569],[457,3522],[426,3517],[412,3598],[372,3649],[201,3732],[163,3835],[94,3873],[139,3942],[219,4019],[282,4008],[473,4125],[523,4146],[763,4206],[807,4207],[901,4157],[918,4127],[913,4024],[931,3913],[923,3875],[861,3771],[861,3697]]]}},{"type":"Feature","id":"AZ.QZ","properties":{"hc-group":"admin1","hc-middle-x":0.72,"hc-middle-y":0.58,"hc-key":"az-qz","hc-a2":"QZ","labelrank":"9","hasc":"AZ.QZ","alt-name":"Qazakh","woe-id":"20070267","subregion":null,"fips":"AJ40","postal-code":"QZ","name":"Qazax","country":"Azerbaijan","type-en":"District","region":"Ganja-Gazakh Economic Region","longitude":"45.2004","woe-name":"Qazax","latitude":"41.0778","woe-label":"Qazax, AZ, Azerbaijan","type":"Rayon"},"geometry":{"type":"MultiPolygon","coordinates":[[[[-172,7617],[-191,7590],[-234,7597],[-252,7652],[-225,7662],[-172,7617]]],[[[-522,7779],[-548,7723],[-615,7746],[-649,7812],[-615,7866],[-542,7849],[-522,7779]]],[[[124,7696],[39,7653],[-84,7693],[-170,7703],[-357,7860],[-373,7787],[-449,7818],[-472,7858],[-453,7936],[-271,7929],[-209,7975],[-235,8048],[-331,8123],[-362,8133],[-482,8133],[-523,8176],[-505,8227],[-573,8371],[-398,8515],[-390,8483],[-305,8400],[-190,8360],[-73,8289],[140,8264],[153,8175],[106,8021],[118,7983],[96,7949],[124,7696]]]]}},{"type":"Feature","id":"AZ.BA","properties":{"hc-group":"admin1","hc-middle-x":0.51,"hc-middle-y":0.14,"hc-key":"az-ba","hc-a2":"BA","labelrank":"9","hasc":"AZ.BA","alt-name":"Baku city","woe-id":"20070218","subregion":null,"fips":"AJ01","postal-code":"BA","name":"Bak?","country":"Azerbaijan","type-en":"Municipality","region":"Absheron Economic Region","longitude":"50.0435","woe-name":"Bak?","latitude":"40.4447","woe-label":"Baki, AZ, Azerbaijan","type":"Sahar"},"geometry":{"type":"MultiPolygon","coordinates":[[[[9823,6392],[9851,6366],[9851,6302],[9792,6300],[9743,6356],[9823,6392]]],[[[8094,6816],[8121,6873],[8126,6897],[8326,6857],[8404,6865],[8548,6924],[8759,6928],[8800,6864],[8873,6795],[8911,6776],[9081,6750],[9114,6734],[9194,6594],[9273,6561],[9310,6526],[9361,6430],[9392,6231],[9425,6168],[9433,6084],[9351,6209],[9302,6260],[9206,6329],[9122,6361],[8968,6387],[8797,6364],[8705,6292],[8668,6290],[8613,6353],[8494,6389],[8400,6308],[8416,6251],[8367,6195],[8293,6152],[8171,6117],[8066,6049],[7927,5989],[7895,5962],[7777,5828],[7792,5685],[7694,5641],[7677,5602],[7712,5506],[7782,5427],[7695,5347],[7676,5270],[7720,5143],[7673,5069],[7688,5006],[7640,4919],[7658,4822],[7703,4744],[7631,4694],[7586,4634],[7564,4707],[7543,4892],[7566,4987],[7550,5110],[7492,5183],[7428,5323],[7458,5456],[7515,5552],[7495,5651],[7546,5753],[7564,5882],[7594,5914],[7643,6022],[7644,6158],[7620,6291],[7612,6413],[7667,6476],[7745,6492],[7833,6597],[7984,6610],[8095,6628],[8180,6607],[8266,6646],[8433,6697],[8466,6738],[8241,6802],[8175,6772],[8132,6778],[8094,6816]],[[8077,6369],[8137,6416],[8072,6509],[7996,6501],[7939,6461],[7991,6370],[8077,6369]]],[[[9284,6652],[9281,6709],[9345,6695],[9352,6645],[9418,6568],[9408,6522],[9344,6514],[9349,6573],[9284,6652]]]]}},{"type":"Feature","id":"AZ.6369","properties":{"hc-group":"admin1","hc-middle-x":0.47,"hc-middle-y":0.54,"hc-key":"az-6369","hc-a2":"ST","labelrank":"9","hasc":"AZ.XC","alt-name":"Khojali","woe-id":"20070276","subregion":null,"fips":"AJ61","postal-code":null,"name":"Stepanakert","country":"Azerbaijan","type-en":"District","region":"Yukhari Garabakh Economic Region","longitude":"46.7662","woe-name":"Xankandi","latitude":"39.8285","woe-label":"Xankandi, AZ, Azerbaijan","type":"Rayon"},"geometry":{"type":"Polygon","coordinates":[[[2747,4813],[2712,4792],[2681,4811],[2676,4868],[2746,4946],[2794,4903],[2747,4813]]]}},{"type":"Feature","id":"AZ.SA","properties":{"hc-group":"admin1","hc-middle-x":0.59,"hc-middle-y":0.50,"hc-key":"az-sa","hc-a2":"SA","labelrank":"9","hasc":"AZ.SA","alt-name":null,"woe-id":"20070246","subregion":null,"fips":"AJ39","postal-code":"SA","name":"??ki","country":"Azerbaijan","type-en":"Municipality","region":"Shaki-Zaqatala Economic Region","longitude":"47.1885","woe-name":"??ki","latitude":"41.1882","woe-label":"Saki, AZ, Azerbaijan","type":"Sahari"},"geometry":{"type":"Polygon","coordinates":[[[3459,8109],[3433,8094],[3357,8113],[3398,8286],[3441,8287],[3480,8223],[3486,8174],[3459,8109]]]}},{"type":"Feature","id":"AZ.GA","properties":{"hc-group":"admin1","hc-middle-x":0.80,"hc-middle-y":0.65,"hc-key":"az-ga","hc-a2":"GA","labelrank":"9","hasc":"AZ.GA","alt-name":"Ganja city","woe-id":"20070231","subregion":null,"fips":"AJ20","postal-code":"GA","name":"G?nc?","country":"Azerbaijan","type-en":"Municipality","region":"Ganja-Gazakh Economic Region","longitude":"46.3206","woe-name":"G?nc?","latitude":"40.6864","woe-label":"Ganca, AZ, Azerbaijan","type":"Sahar"},"geometry":{"type":"Polygon","coordinates":[[[2027,6926],[1976,6838],[1908,6771],[1837,6780],[1819,6855],[1846,6931],[1895,7019],[1988,7018],[2027,6926]]]}},{"type":"Feature","id":"AZ.XR","properties":{"hc-group":"admin1","hc-middle-x":0.49,"hc-middle-y":0.51,"hc-key":"az-xr","hc-a2":"XR","labelrank":"9","hasc":"AZ.XR","alt-name":"Khanlar","woe-id":"20070268","subregion":null,"fips":"AJ20","postal-code":"XR","name":"Xanlar","country":"Azerbaijan","type-en":"District","region":"Ganja-Gazakh Economic Region","longitude":"46.295","woe-name":"Xanlar","latitude":"40.4627","woe-label":"Xanlar, AZ, Azerbaijan","type":"Rayon"},"geometry":{"type":"Polygon","coordinates":[[[1895,7019],[1846,6931],[1819,6855],[1837,6780],[1908,6771],[1976,6838],[2027,6926],[2136,6919],[2188,6803],[2187,6659],[2215,6627],[2205,6584],[2124,6486],[2057,6422],[1922,6238],[1868,6099],[1869,5931],[1713,5952],[1567,6003],[1610,6132],[1694,6227],[1694,6300],[1568,6398],[1520,6472],[1645,6666],[1415,6824],[1482,6873],[1556,6891],[1616,6891],[1666,6929],[1680,7014],[1709,7084],[1719,7178],[1774,7279],[1831,7160],[1895,7019]]]}},{"type":"Feature","id":"AZ.NA","properties":{"hc-group":"admin1","hc-middle-x":0.58,"hc-middle-y":0.52,"hc-key":"az-na","hc-a2":"NA","labelrank":"7","hasc":"AZ.NA","alt-name":null,"woe-id":"20070261","subregion":null,"fips":"AJ21","postal-code":"NA","name":"Naftalan","country":"Azerbaijan","type-en":"Municipality","region":"Ganja-Gazakh Economic Region","longitude":"46.8275","woe-name":"Goranboy","latitude":"40.5077","woe-label":null,"type":"Sahari"},"geometry":{"type":"Polygon","coordinates":[[[2809,6480],[2774,6506],[2802,6539],[2827,6517],[2809,6480]]]}},{"type":"Feature","id":"AZ.GR","properties":{"hc-group":"admin1","hc-middle-x":0.53,"hc-middle-y":0.54,"hc-key":"az-gr","hc-a2":"GR","labelrank":"7","hasc":"AZ.GR","alt-name":null,"woe-id":"20070261","subregion":null,"fips":"AJ21","postal-code":"GR","name":"Goranboy","country":"Azerbaijan","type-en":"District","region":"Ganja-Gazakh Economic Region","longitude":"46.645","woe-name":"Goranboy","latitude":"40.5463","woe-label":null,"type":"Rayon"},"geometry":{"type":"Polygon","coordinates":[[[2269,6027],[2076,5902],[1869,5931],[1868,6099],[1922,6238],[2057,6422],[2124,6486],[2205,6584],[2215,6627],[2187,6659],[2188,6803],[2136,6919],[2167,7031],[2272,7136],[2262,7186],[2497,7427],[2656,7617],[2641,7520],[2657,7322],[2643,7224],[2613,7130],[2657,7060],[2731,7050],[2794,7009],[2694,6855],[2728,6802],[2801,6849],[2865,6844],[2913,6793],[2912,6689],[2925,6584],[2979,6568],[3035,6577],[3051,6555],[3025,6466],[2983,6446],[2899,6361],[2751,6256],[2613,6253],[2522,6211],[2434,6154],[2332,6112],[2269,6027]],[[2809,6480],[2827,6517],[2802,6539],[2774,6506],[2809,6480]]]}},{"type":"Feature","id":"AZ.KA","properties":{"hc-group":"admin1","hc-middle-x":0.53,"hc-middle-y":0.46,"hc-key":"az-ka","hc-a2":"KA","labelrank":"9","hasc":"AZ.KA","alt-name":"Kalbajar","woe-id":"20070273","subregion":null,"fips":"AJ26","postal-code":"KA","name":"K?lb?c?r","country":"Azerbaijan","type-en":"District","region":"Kalbajar-Lachin Economic Region","longitude":"46.1688","woe-name":"K?lb?c?r","latitude":"40.0966","woe-label":"Kalbacar, AZ, Azerbaijan","type":"Rayon"},"geometry":{"type":"Polygon","coordinates":[[[1869,5931],[2076,5902],[2269,6027],[2251,5944],[2215,5912],[2208,5823],[2247,5658],[2273,5592],[2355,5639],[2467,5630],[2610,5507],[2659,5405],[2704,5356],[2640,5350],[2586,5318],[2510,5303],[2442,5266],[2402,5204],[2345,5170],[2237,5232],[2129,5164],[1972,5098],[1889,5085],[1679,5002],[1544,4980],[1415,4951],[1319,5041],[1248,4901],[1074,4758],[1034,4778],[949,4861],[849,5061],[808,5105],[757,5130],[562,5149],[503,5175],[497,5232],[614,5310],[921,5261],[1051,5275],[1088,5323],[1116,5453],[1192,5537],[1214,5597],[1246,5753],[1242,5796],[1193,5858],[1139,5898],[1072,5887],[1088,5975],[1192,6017],[1309,5997],[1438,5988],[1567,6003],[1713,5952],[1869,5931]]]}},{"type":"Feature","id":"AZ.YV","properties":{"hc-group":"admin1","hc-middle-x":0.52,"hc-middle-y":0.58,"hc-key":"az-yv","hc-a2":"YV","labelrank":"7","hasc":"AZ.YV","alt-name":"Yevlakh","woe-id":"20070252","subregion":null,"fips":"AJ67","postal-code":"YV","name":"Yevlakh Rayon","country":"Azerbaijan","type-en":"District","region":"Aran Economic Region","longitude":"46.9101","woe-name":"Yevlax","latitude":"40.6958","woe-label":null,"type":"Rayon"},"geometry":{"type":"Polygon","coordinates":[[[3591,7209],[3522,6929],[3523,6842],[3549,6769],[3532,6694],[3503,6658],[3440,6612],[3379,6469],[3157,6429],[3071,6292],[3008,6369],[2983,6446],[3025,6466],[3051,6555],[3035,6577],[2979,6568],[2925,6584],[2912,6689],[2913,6793],[2865,6844],[2801,6849],[2728,6802],[2694,6855],[2794,7009],[2731,7050],[2657,7060],[2613,7130],[2643,7224],[2657,7322],[2641,7520],[2656,7617],[2814,7572],[2971,7490],[3140,7409],[3308,7321],[3591,7209]],[[3160,7165],[3088,7151],[3019,7175],[2962,7144],[3051,7042],[3199,7106],[3160,7165]],[[3376,6676],[3440,6674],[3457,6699],[3450,6744],[3471,6804],[3465,6843],[3320,6840],[3288,6788],[3317,6710],[3376,6676]]]}},{"type":"Feature","id":"AZ.AS","properties":{"hc-group":"admin1","hc-middle-x":0.39,"hc-middle-y":0.34,"hc-key":"az-as","hc-a2":"AS","labelrank":"9","hasc":"AZ.AS","alt-name":"Agdash","woe-id":"20070213","subregion":null,"fips":"AJ04","postal-code":"AS","name":"A?da?","country":"Azerbaijan","type-en":"District","region":"Aran Economic Region","longitude":"47.4132","woe-name":"Agdas","latitude":"40.568","woe-label":null,"type":"Rayon"},"geometry":{"type":"Polygon","coordinates":[[[3503,6658],[3532,6694],[3549,6769],[3523,6842],[3522,6929],[3591,7209],[3744,7178],[3791,7160],[3868,7179],[4005,7140],[4077,7156],[4094,6944],[4141,6897],[4202,6864],[4260,6793],[4210,6668],[4206,6587],[4134,6608],[4064,6598],[4010,6560],[3987,6400],[4016,6340],[4068,6312],[4098,6257],[4048,6129],[3956,6029],[3923,6070],[3936,6158],[3913,6187],[3844,6174],[3808,6187],[3845,6243],[3829,6269],[3728,6303],[3780,6351],[3793,6409],[3701,6405],[3701,6429],[3627,6501],[3640,6590],[3607,6614],[3533,6543],[3543,6623],[3503,6658]]]}},{"type":"Feature","id":"AZ.DV","properties":{"hc-group":"admin1","hc-middle-x":0.36,"hc-middle-y":0.36,"hc-key":"az-dv","hc-a2":"DV","labelrank":"9","hasc":"AZ.DV","alt-name":"Davachi","woe-id":"20070279","subregion":null,"fips":"AJ17","postal-code":"DV","name":"D?v?çi","country":"Azerbaijan","type-en":"District","region":"Guba-Khachmaz Economic Region","longitude":"48.9074","woe-name":"D?v?çi","latitude":"41.1969","woe-label":"Davaci, AZ, Azerbaijan","type":"Rayon"},"geometry":{"type":"Polygon","coordinates":[[[6872,8709],[6986,8514],[7032,8252],[7068,8189],[7042,8185],[6894,8294],[6780,8246],[6649,8240],[6592,8153],[6629,8072],[6634,7980],[6592,7904],[6521,7888],[6469,7848],[6445,7782],[6494,7562],[6435,7521],[6383,7466],[6287,7513],[6191,7555],[6193,7663],[6180,7754],[6150,7812],[6183,7867],[6228,7905],[6249,7968],[6180,8052],[6099,8127],[6142,8246],[6234,8334],[6279,8396],[6251,8460],[6245,8559],[6262,8659],[6321,8669],[6378,8697],[6500,8678],[6581,8713],[6763,8697],[6872,8709]]]}},{"type":"Feature","id":"AZ.BS","properties":{"hc-group":"admin1","hc-middle-x":0.65,"hc-middle-y":0.53,"hc-key":"az-bs","hc-a2":"BS","labelrank":"9","hasc":"AZ.BS","alt-name":"Bilasuvar","woe-id":"20070242","subregion":null,"fips":"AJ13","postal-code":"BS","name":"Bil?suvar","country":"Azerbaijan","type-en":"District","region":"Aran Economic Region","longitude":"48.3681","woe-name":"Bil?suvar","latitude":"39.4604","woe-label":"Bilasuvar, AZ, Azerbaijan","type":"Rayon"},"geometry":{"type":"Polygon","coordinates":[[[5756,4446],[5855,4548],[6059,4441],[6133,4534],[6215,4523],[6297,4491],[6484,4436],[6449,4310],[6444,4184],[6520,4089],[6498,3959],[6451,3956],[6342,3979],[6279,3887],[6275,3746],[6220,3689],[6156,3725],[6132,3811],[6087,3878],[6020,3875],[5966,3805],[5903,3747],[5829,3721],[5782,3668],[5713,3704],[5703,3819],[5682,3848],[5702,3855],[5657,3941],[5601,4012],[5468,4126],[5140,4493],[5021,4596],[4959,4626],[4960,4648],[5074,4642],[5209,4549],[5335,4432],[5560,4305],[5756,4446]]]}},{"type":"Feature","id":"AZ.ST","properties":{"hc-group":"admin1","hc-middle-x":0.54,"hc-middle-y":0.51,"hc-key":"az-st","hc-a2":"ST","labelrank":"9","hasc":"AZ.ST","alt-name":"Saatly","woe-id":"20070243","subregion":null,"fips":"AJ45","postal-code":"ST","name":"Saatl?","country":"Azerbaijan","type-en":"District","region":"Aran Economic Region","longitude":"48.4591","woe-name":"Saatli","latitude":"39.7892","woe-label":null,"type":"Rayon"},"geometry":{"type":"Polygon","coordinates":[[[6133,4534],[6059,4441],[5855,4548],[5756,4446],[5679,4552],[5676,4661],[5688,4723],[5596,4799],[5482,4834],[5429,4936],[5442,5001],[5494,5113],[5483,5168],[5440,5222],[5481,5305],[5514,5256],[5554,5263],[5712,5352],[5777,5365],[5863,5314],[5839,5242],[5859,5207],[5913,5185],[5970,5233],[6017,5231],[6178,5142],[6258,5110],[6321,5035],[6312,4943],[6349,4828],[6352,4744],[6309,4671],[6225,4626],[6134,4603],[6082,4555],[6133,4534]]]}},{"type":"Feature","id":"AZ.SQ","properties":{"hc-group":"admin1","hc-middle-x":0.70,"hc-middle-y":0.42,"hc-key":"az-sq","hc-a2":"SQ","labelrank":"9","hasc":"AZ.SQ","alt-name":"Sumqayit city","woe-id":"20070247","subregion":null,"fips":"AJ54","postal-code":"SQ","name":"Sumqay?t","country":"Azerbaijan","type-en":"Municipality","region":"Absheron Economic Region","longitude":"49.5962","woe-name":"Sumqay?t","latitude":"40.5841","woe-label":"Sumqayit, AZ, Azerbaijan","type":"Sahar"},"geometry":{"type":"Polygon","coordinates":[[[7700,6998],[7713,7047],[7787,7066],[7899,6980],[7979,6979],[8046,6956],[8126,6897],[8121,6873],[8094,6816],[8002,6778],[7908,6783],[7841,6884],[7774,6954],[7700,6998]]]}},{"type":"Feature","id":"AZ.XI","properties":{"hc-group":"admin1","hc-middle-x":0.54,"hc-middle-y":0.52,"hc-key":"az-xi","hc-a2":"XI","labelrank":"9","hasc":"AZ.XI","alt-name":"Khizi","woe-id":"20070271","subregion":null,"fips":"AJ63","postal-code":"XI","name":"Xiz?","country":"Azerbaijan","type-en":"District","region":"Absheron Economic Region","longitude":"49.154","woe-name":"Xiz?","latitude":"40.7249","woe-label":"Xizi, AZ, Azerbaijan","type":"Rayon"},"geometry":{"type":"Polygon","coordinates":[[[7713,7047],[7700,6998],[7666,6933],[7574,6823],[7562,6731],[7445,6671],[7310,6660],[7186,6718],[6998,6895],[6897,6924],[6814,6981],[6696,7106],[6549,7215],[6441,7242],[6364,7343],[6383,7466],[6435,7521],[6494,7562],[6556,7568],[6680,7617],[6738,7655],[6756,7731],[6823,7780],[6865,7747],[6882,7658],[7058,7567],[7137,7543],[7227,7539],[7383,7583],[7464,7589],[7486,7546],[7613,7466],[7654,7479],[7784,7370],[7779,7317],[7743,7177],[7745,7125],[7787,7066],[7713,7047]]]}},{"type":"Feature","id":"AZ.SI","properties":{"hc-group":"admin1","hc-middle-x":0.56,"hc-middle-y":0.36,"hc-key":"az-si","hc-a2":"SI","labelrank":"9","hasc":"AZ.SI","alt-name":"Shamakhi","woe-id":"20070270","subregion":null,"fips":"AJ50","postal-code":"SI","name":"?amax?","country":"Azerbaijan","type-en":"District","region":"Daghlig Shirvan Economic Region","longitude":"48.5986","woe-name":"?amax?","latitude":"40.3768","woe-label":"Samaxi, AZ, Azerbaijan","type":"Rayon"},"geometry":{"type":"Polygon","coordinates":[[[6383,7466],[6364,7343],[6441,7242],[6300,7137],[6281,7034],[6292,6929],[6236,6834],[6283,6782],[6320,6595],[6328,6518],[6352,6484],[6303,6356],[6295,6307],[6212,6246],[6225,6209],[6371,6226],[6351,6131],[6299,6068],[6239,6034],[6093,6098],[6015,6140],[5866,6173],[5938,6275],[5946,6393],[6024,6461],[6154,6527],[6181,6564],[6027,6651],[5899,6650],[5827,6677],[5772,6742],[5789,6844],[5866,6923],[5891,6964],[5888,7006],[5927,7099],[5889,7173],[5830,7229],[5798,7293],[5852,7401],[5836,7508],[5736,7572],[5651,7663],[5800,7667],[5945,7632],[6066,7586],[6191,7555],[6287,7513],[6383,7466]]]}},{"type":"Feature","id":"AZ.QA","properties":{"hc-group":"admin1","hc-middle-x":0.51,"hc-middle-y":0.53,"hc-key":"az-qa","hc-a2":"QA","labelrank":"9","hasc":"AZ.QA","alt-name":"Qabala","woe-id":"20070235","subregion":null,"fips":"AJ37","postal-code":"QA","name":"Q?b?l?","country":"Azerbaijan","type-en":"District","region":"Shaki-Zaqatala Economic Region","longitude":"47.7784","woe-name":"Q?b?l?","latitude":"40.9578","woe-label":"Qabala, AZ, Azerbaijan","type":"Rayon"},"geometry":{"type":"Polygon","coordinates":[[[4356,8246],[4446,8213],[4573,8229],[4588,8199],[4648,8162],[4784,8139],[4835,7997],[4983,7917],[4937,7840],[4915,7756],[4863,7764],[4839,7708],[4861,7629],[4908,7554],[4905,7479],[4852,7432],[4802,7416],[4797,7306],[4728,7247],[4646,7207],[4593,7159],[4557,7087],[4465,6958],[4405,6927],[4268,6904],[4202,6864],[4141,6897],[4094,6944],[4077,7156],[4141,7177],[4156,7241],[4154,7389],[4188,7531],[4245,7640],[4241,7756],[4344,7977],[4370,8097],[4354,8154],[4356,8246]]]}},{"type":"Feature","id":"AZ.QB","properties":{"hc-group":"admin1","hc-middle-x":0.60,"hc-middle-y":0.49,"hc-key":"az-qb","hc-a2":"QB","labelrank":"9","hasc":"AZ.QB","alt-name":null,"woe-id":"20070232","subregion":null,"fips":"AJ42","postal-code":"QB","name":"Quba","country":"Azerbaijan","type-en":"District","region":"Guba-Khachmaz Economic Region","longitude":"48.3368","woe-name":"Quba","latitude":"41.1847","woe-label":"Quba, AZ, Azerbaijan","type":"Rayon"},"geometry":{"type":"Polygon","coordinates":[[[4983,7917],[4835,7997],[4784,8139],[5129,8422],[5481,8689],[5601,8798],[5734,8872],[5841,8911],[5940,8974],[6031,8833],[6103,8701],[6136,8659],[6224,8689],[6262,8659],[6245,8559],[6251,8460],[6279,8396],[6234,8334],[6142,8246],[6099,8127],[6180,8052],[6249,7968],[6228,7905],[6183,7867],[6150,7812],[6180,7754],[6193,7663],[6191,7555],[6066,7586],[5945,7632],[5800,7667],[5651,7663],[5539,7755],[5400,7760],[5298,7803],[5146,7883],[5093,7904],[4983,7917]]]}},{"type":"Feature","id":"AZ.805","properties":{"hc-group":"admin1","hc-middle-x":0.45,"hc-middle-y":0.40,"hc-key":"az-805","hc-a2":"LA","labelrank":"9","hasc":"AZ.SU","alt-name":"Shusha","woe-id":"20070262","subregion":null,"fips":"AJ29","postal-code":null,"name":"Lankaran","country":"Azerbaijan","type-en":"District","region":"Kalbajar-Lachin Economic Region","longitude":"46.3095","woe-name":"Lankaran","latitude":"39.7717","woe-label":null,"type":"Rayon"},"geometry":{"type":"Polygon","coordinates":[[[2677,4279],[2593,4263],[2544,4206],[2577,4171],[2589,4109],[2555,4057],[2503,4020],[2358,3909],[2273,3918],[2201,3963],[2236,3992],[2223,4080],[2288,4149],[2258,4220],[2197,4246],[2078,4233],[2013,4258],[1941,4339],[1877,4342],[1750,4275],[1685,4261],[1615,4299],[1570,4381],[1510,4432],[1439,4452],[1379,4498],[1306,4644],[1254,4693],[1136,4727],[1074,4758],[1248,4901],[1319,5041],[1415,4951],[1544,4980],[1679,5002],[1889,5085],[1972,5098],[2129,5164],[2104,5091],[2120,5029],[2202,4966],[2269,4833],[2304,4681],[2337,4531],[2283,4401],[2291,4337],[2402,4277],[2480,4287],[2536,4385],[2587,4404],[2638,4399],[2666,4347],[2677,4279]]]}},{"type":"Feature","id":"AZ.XD","properties":{"hc-group":"admin1","hc-middle-x":0.40,"hc-middle-y":0.65,"hc-key":"az-xd","hc-a2":"XD","labelrank":"9","hasc":"AZ.XD","alt-name":"Khojavend","woe-id":"20070259","subregion":null,"fips":"AJ14","postal-code":"XD","name":"Xocav?nd","country":"Azerbaijan","type-en":"District","region":"Yukhari Garabakh Economic Region","longitude":"46.99","woe-name":"Xocav?nd","latitude":"39.6307","woe-label":"Xocavand, AZ, Azerbaijan","type":"Rayon"},"geometry":{"type":"Polygon","coordinates":[[[2503,4020],[2555,4057],[2589,4109],[2577,4171],[2544,4206],[2593,4263],[2677,4279],[2726,4360],[2774,4442],[2873,4375],[2992,4478],[2968,4572],[2871,4672],[2848,4717],[2886,4784],[3029,4852],[3064,4911],[3083,4981],[3163,5002],[3241,4966],[3345,4900],[3452,4877],[3503,4956],[3562,4964],[3623,4950],[3674,4845],[3768,4788],[3798,4696],[3749,4592],[3493,4529],[3427,4472],[3343,4429],[3257,4420],[3226,4364],[3296,4352],[3356,4361],[3316,4306],[3239,4287],[3209,4251],[3222,4210],[3264,4216],[3355,4274],[3371,4220],[3338,4165],[3360,4070],[3292,4052],[3279,3994],[3241,3930],[3266,3824],[3200,3816],[3121,3777],[3096,3821],[2976,3901],[2965,3961],[2858,4013],[2818,3985],[2848,3908],[2825,3828],[2756,3833],[2681,3861],[2731,3968],[2674,4027],[2595,4006],[2503,4020]]]}},{"type":"Feature","id":"AZ.QD","properties":{"hc-group":"admin1","hc-middle-x":0.58,"hc-middle-y":0.44,"hc-key":"az-qd","hc-a2":"QD","labelrank":"9","hasc":"AZ.QD","alt-name":null,"woe-id":"20070233","subregion":null,"fips":"AJ43","postal-code":"QD","name":"Qubadli","country":"Azerbaijan","type-en":"District","region":"Kalbajar-Lachin Economic Region","longitude":"46.5917","woe-name":"Qubadli","latitude":"39.3434","woe-label":null,"type":"Rayon"},"geometry":{"type":"Polygon","coordinates":[[[2201,3963],[2273,3918],[2358,3909],[2503,4020],[2595,4006],[2674,4027],[2731,3968],[2681,3861],[2637,3817],[2627,3742],[2691,3636],[2699,3556],[2730,3488],[2858,3408],[2710,3315],[2595,3162],[2518,3207],[2494,3382],[2437,3387],[2281,3520],[2237,3629],[2206,3653],[2070,3712],[2008,3758],[1981,3834],[2004,3897],[2063,3935],[2201,3963]]]}},{"type":"Feature","id":"AZ.2051","properties":{"hc-group":"admin1","hc-middle-x":0.50,"hc-middle-y":0.50,"hc-key":"az-2051","hc-a2":"?U","labelrank":"9","hasc":"AZ.SU","alt-name":"Shusha","woe-id":"20070264","subregion":null,"fips":"AJ55","postal-code":null,"name":"?u?a","country":"Azerbaijan","type-en":"District","region":"Yukhari Garabakh Economic Region","longitude":"46.658","woe-name":"?u?a","latitude":"39.7027","woe-label":"Susa, AZ, Azerbaijan","type":"Rayon"},"geometry":{"type":"Polygon","coordinates":[[[2774,4442],[2726,4360],[2677,4279],[2666,4347],[2638,4399],[2587,4404],[2536,4385],[2480,4287],[2402,4277],[2291,4337],[2283,4401],[2337,4531],[2304,4681],[2388,4695],[2465,4735],[2544,4746],[2678,4723],[2684,4658],[2746,4687],[2768,4604],[2774,4442]]]}},{"type":"Feature","id":"AZ.XC","properties":{"hc-group":"admin1","hc-middle-x":0.42,"hc-middle-y":0.34,"hc-key":"az-xc","hc-a2":"XC","labelrank":"9","hasc":"AZ.XC","alt-name":"Khojali","woe-id":"20070277","subregion":null,"fips":"AJ61","postal-code":"XC","name":"Xocal?","country":"Azerbaijan","type-en":"District","region":"Yukhari Garabakh Economic Region","longitude":"46.6804","woe-name":"Xocal?","latitude":"39.8925","woe-label":"Xocali, AZ, Azerbaijan","type":"Rayon"},"geometry":{"type":"Polygon","coordinates":[[[2774,4442],[2768,4604],[2746,4687],[2711,4715],[2678,4723],[2544,4746],[2465,4735],[2388,4695],[2304,4681],[2269,4833],[2202,4966],[2120,5029],[2104,5091],[2129,5164],[2237,5232],[2345,5170],[2402,5204],[2442,5266],[2510,5303],[2586,5318],[2653,5271],[2729,5294],[2820,5250],[2869,5144],[2936,5083],[3013,5049],[2998,4984],[2961,4932],[2886,4784],[2848,4717],[2871,4672],[2968,4572],[2992,4478],[2873,4375],[2774,4442]],[[2747,4813],[2794,4903],[2746,4946],[2676,4868],[2681,4811],[2712,4792],[2747,4813]]]}},{"type":"Feature","id":"AZ.BB","properties":{"hc-group":"admin1","hc-middle-x":0.42,"hc-middle-y":0.46,"hc-key":"az-bb","hc-a2":"BB","labelrank":"9","hasc":"AZ.BB","alt-name":"Babek","woe-id":"24550722","subregion":null,"fips":"AJ35","postal-code":"BB","name":"Bab?k","country":"Azerbaijan","type-en":"District","region":"Naxç?van Autonomous Republic","longitude":"45.3373","woe-name":"Babek","latitude":"39.1871","woe-label":null,"type":"Rayon"},"geometry":{"type":"Polygon","coordinates":[[[-78,4258],[10,4115],[126,4096],[219,4019],[139,3942],[94,3873],[163,3835],[201,3732],[372,3649],[412,3598],[426,3517],[457,3522],[479,3455],[423,3417],[187,3406],[83,3411],[10,3354],[141,3259],[305,3278],[418,3219],[413,3131],[378,3056],[414,2977],[464,2903],[427,2838],[436,2747],[335,2786],[252,2833],[227,2885],[244,2951],[171,3000],[139,3092],[74,3158],[80,3219],[10,3249],[15,3293],[-43,3289],[-240,3354],[-289,3338],[-321,3496],[-362,3571],[-277,3541],[-141,3604],[-134,3658],[-160,3716],[-138,3768],[-181,3899],[-192,3963],[-136,4176],[-78,4258]]]}},{"type":"Feature","id":"AZ.LA","properties":{"hc-group":"admin1","hc-middle-x":0.54,"hc-middle-y":0.49,"hc-key":"az-la","hc-a2":"LA","labelrank":"9","hasc":"AZ.LA","alt-name":null,"woe-id":"20070263","subregion":null,"fips":"AJ29","postal-code":"LA","name":"Lankaran","country":"Azerbaijan","type-en":"Municipality","region":"Lankaran Economic Region","longitude":"48.8421","woe-name":"Astara","latitude":"38.7585","woe-label":"Lankaran, AZ, Azerbaijan","type":"Sahari"},"geometry":{"type":"Polygon","coordinates":[[[6718,2461],[6752,2386],[6753,2365],[6700,2311],[6680,2435],[6718,2461]]]}},{"type":"Feature","id":"AZ.SL","properties":{"hc-group":"admin1","hc-middle-x":0.64,"hc-middle-y":0.41,"hc-key":"az-sl","hc-a2":"SL","labelrank":"9","hasc":"AZ.SL","alt-name":null,"woe-id":"20070280","subregion":null,"fips":"AJ49","postal-code":"SL","name":"Salyan","country":"Azerbaijan","type-en":"District","region":"Aran Economic Region","longitude":"49.0495","woe-name":"Salyan","latitude":"39.7198","woe-label":null,"type":"Rayon"},"geometry":{"type":"Polygon","coordinates":[[[6719,5175],[6734,5170],[6760,5197],[6888,5214],[7038,5131],[7293,5106],[7386,5135],[7450,5072],[7566,4987],[7543,4892],[7564,4707],[7586,4634],[7515,4521],[7519,4479],[7483,4384],[7467,4244],[7314,4190],[7248,4157],[7160,4181],[7026,4320],[6982,4273],[6965,4208],[6883,4119],[6841,4035],[6863,3919],[6744,3824],[6674,3835],[6498,3959],[6520,4089],[6444,4184],[6449,4310],[6484,4436],[6617,4455],[6707,4413],[6704,4509],[6759,4541],[6854,4624],[6896,4727],[6892,4753],[6801,4839],[6817,4914],[6788,4981],[6784,5062],[6719,5175]]]}},{"type":"Feature","id":"AZ.AB","properties":{"hc-group":"admin1","hc-middle-x":0.03,"hc-middle-y":0.50,"hc-key":"az-ab","hc-a2":"AB","labelrank":"9","hasc":"AZ.AB","alt-name":null,"woe-id":"20070281","subregion":null,"fips":"AJ46","postal-code":"AB","name":"Shirvan","country":"Azerbaijan","type-en":"Municipality","region":"Aran Economic Region","longitude":"48.9257","woe-name":"Sabirabad","latitude":"39.9474","woe-label":null,"type":"Sahari"},"geometry":{"type":"Polygon","coordinates":[[[6760,5197],[6734,5170],[6719,5175],[6671,5203],[6642,5251],[6644,5356],[6782,5361],[6810,5330],[6810,5259],[6760,5197]]]}},{"type":"Feature","id":"AZ.SB","properties":{"hc-group":"admin1","hc-middle-x":0.74,"hc-middle-y":0.61,"hc-key":"az-sb","hc-a2":"SB","labelrank":"9","hasc":"AZ.SB","alt-name":null,"woe-id":"20070281","subregion":null,"fips":"AJ46","postal-code":"SB","name":"Sabirabad","country":"Azerbaijan","type-en":"District","region":"Aran Economic Region","longitude":"48.8122","woe-name":"Sabirabad","latitude":"39.8179","woe-label":null,"type":"Rayon"},"geometry":{"type":"Polygon","coordinates":[[[6644,5356],[6642,5251],[6671,5203],[6719,5175],[6784,5062],[6788,4981],[6817,4914],[6801,4839],[6892,4753],[6896,4727],[6854,4624],[6759,4541],[6704,4509],[6707,4413],[6617,4455],[6484,4436],[6297,4491],[6215,4523],[6133,4534],[6082,4555],[6134,4603],[6225,4626],[6309,4671],[6352,4744],[6349,4828],[6312,4943],[6321,5035],[6258,5110],[6178,5142],[6017,5231],[5970,5233],[5913,5185],[5859,5207],[5839,5242],[5863,5314],[5777,5365],[5712,5352],[5554,5263],[5514,5256],[5481,5305],[5555,5375],[5614,5404],[5602,5455],[5642,5530],[5747,5615],[5795,5667],[5854,5703],[6028,5707],[6197,5668],[6239,5648],[6255,5511],[6395,5471],[6433,5429],[6578,5404],[6644,5356]]]}},{"type":"Feature","id":"AZ.7025","properties":{"hc-group":"admin1","hc-middle-x":0.36,"hc-middle-y":0.35,"hc-key":"az-7025","hc-a2":"?U","labelrank":"9","hasc":"AZ.SS","alt-name":null,"woe-id":"20070264","subregion":null,"fips":"AJ55","postal-code":null,"name":"?u?a","country":"Azerbaijan","type-en":"Municipality","region":"Yukhari Garabakh Economic Region","longitude":"46.7523","woe-name":"?u?a","latitude":"39.7618","woe-label":"Susa, AZ, Azerbaijan","type":"Sahari"},"geometry":{"type":"Polygon","coordinates":[[[2746,4687],[2684,4658],[2678,4723],[2711,4715],[2746,4687]]]}},{"type":"Feature","id":"AZ.KG","properties":{"hc-group":"admin1","hc-middle-x":0.42,"hc-middle-y":0.81,"hc-key":"az-kg","hc-a2":"KG","labelrank":"9","hasc":"AZ.KG","alt-name":null,"woe-id":"24550720","subregion":null,"fips":"AM10","postal-code":"KG","name":"Kangarli","country":"Azerbaijan","type-en":"District","region":"Naxç?van Autonomous Republic","longitude":"45.1447","woe-name":"Sarur","latitude":"39.4039","woe-label":null,"type":"Rayon"},"geometry":{"type":"Polygon","coordinates":[[[-362,3571],[-396,3647],[-481,3759],[-398,3819],[-336,3919],[-302,4062],[-262,4191],[-193,4208],[-140,4258],[-78,4258],[-136,4176],[-192,3963],[-181,3899],[-138,3768],[-160,3716],[-134,3658],[-141,3604],[-277,3541],[-362,3571]]]}},{"type":"Feature","id":"AZ.AF","properties":{"hc-group":"admin1","hc-middle-x":0.61,"hc-middle-y":0.38,"hc-key":"az-af","hc-a2":"AF","labelrank":"9","hasc":"AZ.AF","alt-name":"Agstafa","woe-id":"20070266","subregion":null,"fips":"AJ05","postal-code":"AF","name":"A?stafa","country":"Azerbaijan","type-en":"District","region":"Ganja-Gazakh Economic Region","longitude":"45.4341","woe-name":"A?stafa","latitude":"41.1896","woe-label":"Agstafa, AZ, Azerbaijan","type":"Rayon"},"geometry":{"type":"Polygon","coordinates":[[[237,7544],[188,7575],[204,7654],[192,7711],[124,7696],[96,7949],[118,7983],[106,8021],[153,8175],[140,8264],[-73,8289],[-190,8360],[-305,8400],[-390,8483],[-398,8515],[-122,8745],[-63,8766],[-4,8763],[118,8700],[271,8712],[357,8626],[620,8526],[739,8502],[785,8471],[717,8441],[677,8390],[721,8321],[832,8236],[705,8169],[657,8125],[623,8066],[518,8067],[462,8024],[508,7884],[488,7799],[434,7741],[323,7708],[257,7616],[237,7544]]]}},{"type":"Feature","id":"AZ.DS","properties":{"hc-group":"admin1","hc-middle-x":0.50,"hc-middle-y":0.50,"hc-key":"az-ds","hc-a2":"DS","labelrank":"9","hasc":"AZ.DS","alt-name":"Dashkasan","woe-id":"20070222","subregion":null,"fips":"AJ16","postal-code":"DS","name":"Da?k?s?n","country":"Azerbaijan","type-en":"District","region":"Ganja-Gazakh Economic Region","longitude":"46.0228","woe-name":"Daskasan","latitude":"40.4837","woe-label":null,"type":"Rayon"},"geometry":{"type":"Polygon","coordinates":[[[1072,5887],[1023,5885],[943,5971],[959,6051],[990,6128],[990,6187],[1010,6235],[946,6365],[977,6520],[1108,6603],[1254,6809],[1325,6871],[1415,6824],[1645,6666],[1520,6472],[1568,6398],[1694,6300],[1694,6227],[1610,6132],[1567,6003],[1438,5988],[1309,5997],[1192,6017],[1088,5975],[1072,5887]]]}},{"type":"Feature","id":"AZ.SX","properties":{"hc-group":"admin1","hc-middle-x":0.63,"hc-middle-y":0.55,"hc-key":"az-sx","hc-a2":"SX","labelrank":"9","hasc":"AZ.SX","alt-name":"Samukh","woe-id":"20070269","subregion":null,"fips":"AJ52","postal-code":"SX","name":"Samux","country":"Azerbaijan","type-en":"District","region":"Ganja-Gazakh Economic Region","longitude":"46.4234","woe-name":"Samux","latitude":"40.8795","woe-label":null,"type":"Rayon"},"geometry":{"type":"Polygon","coordinates":[[[2136,6919],[2027,6926],[1988,7018],[1895,7019],[1831,7160],[1774,7279],[1741,7363],[1793,7594],[1820,7641],[1828,7727],[1785,7808],[1630,8014],[1527,8062],[1414,8125],[1501,8165],[1639,8168],[1672,8157],[1756,8063],[1865,7967],[2013,7911],[2096,7816],[2169,7799],[2215,7902],[2253,7927],[2360,7922],[2384,7958],[2439,7918],[2522,7916],[2596,7874],[2618,7736],[2646,7681],[2656,7617],[2497,7427],[2262,7186],[2272,7136],[2167,7031],[2136,6919]]]}},{"type":"Feature","id":"AZ.TO","properties":{"hc-group":"admin1","hc-middle-x":0.39,"hc-middle-y":0.32,"hc-key":"az-to","hc-a2":"TO","labelrank":"7","hasc":"AZ.TO","alt-name":null,"woe-id":"20070248","subregion":null,"fips":"AJ58","postal-code":"TO","name":"Tovuz","country":"Azerbaijan","type-en":"District","region":"Ganja-Gazakh Economic Region","longitude":"45.8238","woe-name":"Tovuz","latitude":"41.0669","woe-label":null,"type":"Rayon"},"geometry":{"type":"Polygon","coordinates":[[[1414,8125],[1527,8062],[1630,8014],[1574,7916],[1460,7780],[1432,7709],[1342,7687],[1157,7708],[1070,7689],[1009,7548],[783,7378],[751,7319],[753,7244],[730,7138],[741,6926],[719,6738],[675,6690],[541,6775],[545,6842],[507,6893],[450,6917],[382,6918],[327,6953],[305,7059],[447,7129],[495,7184],[529,7284],[525,7338],[412,7369],[304,7500],[237,7544],[257,7616],[323,7708],[434,7741],[488,7799],[508,7884],[462,8024],[518,8067],[623,8066],[657,8125],[705,8169],[832,8236],[925,8180],[1198,8085],[1286,8075],[1367,8093],[1414,8125]]]}},{"type":"Feature","id":"AZ.TA","properties":{"hc-group":"admin1","hc-middle-x":0.52,"hc-middle-y":0.44,"hc-key":"az-ta","hc-a2":"TA","labelrank":"9","hasc":"AZ.TA","alt-name":"Tartar","woe-id":"20070274","subregion":null,"fips":"AJ57","postal-code":"TA","name":"T?rt?r","country":"Azerbaijan","type-en":"District","region":"Yukhari Garabakh Economic Region","longitude":"46.7929","woe-name":"T?rt?r","latitude":"40.2547","woe-label":"Tartar, AZ, Azerbaijan","type":"Rayon"},"geometry":{"type":"Polygon","coordinates":[[[2983,6446],[3008,6369],[3071,6292],[3097,6180],[3145,6136],[3178,6078],[3223,6039],[3278,6020],[3273,5867],[3279,5784],[3301,5694],[3200,5700],[3182,5762],[3146,5805],[3103,5786],[3012,5820],[3011,5751],[2796,5643],[2784,5560],[2737,5510],[2711,5444],[2704,5356],[2659,5405],[2610,5507],[2467,5630],[2355,5639],[2273,5592],[2247,5658],[2208,5823],[2215,5912],[2251,5944],[2269,6027],[2332,6112],[2434,6154],[2522,6211],[2613,6253],[2751,6256],[2899,6361],[2983,6446]]]}},{"type":"Feature","id":"AZ.AM","properties":{"hc-group":"admin1","hc-middle-x":0.42,"hc-middle-y":0.38,"hc-key":"az-am","hc-a2":"AM","labelrank":"9","hasc":"AZ.AM","alt-name":"Agdam","woe-id":"20070258","subregion":null,"fips":"AJ03","postal-code":"AM","name":"A?dam","country":"Azerbaijan","type-en":"District","region":"Yukhari Garabakh Economic Region","longitude":"46.9918","woe-name":"A?dam","latitude":"40.0455","woe-label":"Agdam, AZ, Azerbaijan","type":"Rayon"},"geometry":{"type":"Polygon","coordinates":[[[2586,5318],[2640,5350],[2704,5356],[2711,5444],[2737,5510],[2784,5560],[2796,5643],[3011,5751],[3012,5820],[3103,5786],[3146,5805],[3182,5762],[3200,5700],[3301,5694],[3433,5708],[3566,5707],[3492,5628],[3406,5569],[3400,5514],[3456,5468],[3406,5420],[3337,5396],[3333,5262],[3286,5227],[3330,5109],[3484,5080],[3563,5112],[3645,5126],[3689,5057],[3651,4971],[3623,4950],[3562,4964],[3503,4956],[3452,4877],[3345,4900],[3241,4966],[3163,5002],[3083,4981],[3064,4911],[3029,4852],[2886,4784],[2961,4932],[2998,4984],[3013,5049],[2936,5083],[2869,5144],[2820,5250],[2729,5294],[2653,5271],[2586,5318]]]}},{"type":"Feature","id":"AZ.HA","properties":{"hc-group":"admin1","hc-middle-x":0.41,"hc-middle-y":0.38,"hc-key":"az-ha","hc-a2":"HA","labelrank":"9","hasc":"AZ.HA","alt-name":"Ali Bayramli","woe-id":"20070282","subregion":null,"fips":"AJ07","postal-code":"HA","name":"Hajigabul","country":"Azerbaijan","type-en":"District","region":"Aran Economic Region","longitude":"48.8984","woe-name":"?li Bayraml?","latitude":"40.1106","woe-label":"Haciqabul, AZ, Azerbaijan","type":"Rayon"},"geometry":{"type":"Polygon","coordinates":[[[5808,6042],[5829,6117],[5866,6173],[6015,6140],[6093,6098],[6239,6034],[6299,6068],[6351,6131],[6371,6226],[6463,6180],[6565,6195],[6586,6106],[6755,5944],[6869,5799],[6934,5783],[7091,5786],[7177,5776],[7225,5717],[7244,5637],[7328,5499],[7352,5412],[7428,5323],[7492,5183],[7550,5110],[7566,4987],[7450,5072],[7386,5135],[7293,5106],[7038,5131],[6888,5214],[6760,5197],[6810,5259],[6810,5330],[6782,5361],[6644,5356],[6578,5404],[6433,5429],[6395,5471],[6255,5511],[6239,5648],[6197,5668],[6028,5707],[5854,5703],[5866,5804],[5845,5983],[5808,6042]]]}},{"type":"Feature","id":"AZ.AU","properties":{"hc-group":"admin1","hc-middle-x":0.54,"hc-middle-y":0.59,"hc-key":"az-au","hc-a2":"AU","labelrank":"9","hasc":"AZ.AU","alt-name":"Agsu","woe-id":"20070215","subregion":null,"fips":"AJ06","postal-code":"AU","name":"A?su","country":"Azerbaijan","type-en":"District","region":"Daghlig Shirvan Economic Region","longitude":"48.3659","woe-name":"Agsu","latitude":"40.5091","woe-label":null,"type":"Rayon"},"geometry":{"type":"Polygon","coordinates":[[[5866,6173],[5829,6117],[5808,6042],[5743,6093],[5699,6173],[5589,6215],[5575,6402],[5501,6434],[5419,6425],[5316,6333],[5242,6399],[5177,6384],[5125,6429],[5137,6534],[5171,6635],[5207,6613],[5240,6640],[5251,6712],[5318,6782],[5406,6843],[5429,6889],[5608,6984],[5715,7070],[5767,7173],[5798,7293],[5830,7229],[5889,7173],[5927,7099],[5888,7006],[5891,6964],[5866,6923],[5789,6844],[5772,6742],[5827,6677],[5899,6650],[6027,6651],[6181,6564],[6154,6527],[6024,6461],[5946,6393],[5938,6275],[5866,6173]]]}},{"type":"Feature","id":"AZ.BR","properties":{"hc-group":"admin1","hc-middle-x":0.42,"hc-middle-y":0.56,"hc-key":"az-br","hc-a2":"BR","labelrank":"9","hasc":"AZ.BR","alt-name":"Barda","woe-id":"20070219","subregion":null,"fips":"AJ11","postal-code":"BR","name":"B?rd?","country":"Azerbaijan","type-en":"District","region":"Aran Economic Region","longitude":"47.2467","woe-name":"B?rd?","latitude":"40.3534","woe-label":"Barda, AZ, Azerbaijan","type":"Rayon"},"geometry":{"type":"Polygon","coordinates":[[[3566,5707],[3433,5708],[3301,5694],[3279,5784],[3273,5867],[3278,6020],[3223,6039],[3178,6078],[3145,6136],[3097,6180],[3071,6292],[3157,6429],[3379,6469],[3440,6612],[3503,6658],[3543,6623],[3533,6543],[3607,6614],[3640,6590],[3627,6501],[3701,6429],[3701,6405],[3793,6409],[3780,6351],[3728,6303],[3829,6269],[3845,6243],[3808,6187],[3844,6174],[3913,6187],[3936,6158],[3923,6070],[3956,6029],[3960,6009],[4107,5995],[4035,5923],[3882,5800],[3728,5692],[3667,5670],[3562,5745],[3566,5707]]]}},{"type":"Feature","id":"AZ.YR","properties":{"hc-group":"admin1","hc-middle-x":0.41,"hc-middle-y":0.47,"hc-key":"az-yr","hc-a2":"YR","labelrank":"9","hasc":"AZ.YR","alt-name":"Yardymli","woe-id":"20070251","subregion":null,"fips":"AJ66","postal-code":"YR","name":"Yard?ml?","country":"Azerbaijan","type-en":"District","region":"Lankaran Economic Region","longitude":"48.269","woe-name":"Yardimli","latitude":"38.866","woe-label":null,"type":"Rayon"},"geometry":{"type":"Polygon","coordinates":[[[5663,2978],[5790,2988],[5878,3015],[5945,2975],[6000,2912],[6039,2817],[6136,2806],[5975,2684],[5805,2575],[5726,2513],[5661,2431],[5638,2330],[5589,2257],[5546,2234],[5516,2273],[5260,2388],[5134,2483],[5094,2551],[5086,2650],[5103,2678],[5200,2743],[5210,2793],[5557,2867],[5633,2918],[5663,2978]]]}},{"type":"Feature","id":"AZ.CL","properties":{"hc-group":"admin1","hc-middle-x":0.57,"hc-middle-y":0.52,"hc-key":"az-cl","hc-a2":"CL","labelrank":"9","hasc":"AZ.CL","alt-name":"Jalilabad","woe-id":"20070223","subregion":null,"fips":"AJ15","postal-code":"CL","name":"C?lilabad","country":"Azerbaijan","type-en":"District","region":"Lankaran Economic Region","longitude":"48.4338","woe-name":"Calilabad","latitude":"39.1757","woe-label":null,"type":"Rayon"},"geometry":{"type":"Polygon","coordinates":[[[6000,2912],[5945,2975],[5878,3015],[5790,2988],[5663,2978],[5671,3045],[5598,3195],[5569,3221],[5459,3262],[5348,3363],[5300,3426],[5273,3490],[5273,3574],[5305,3644],[5358,3697],[5420,3732],[5537,3760],[5634,3831],[5682,3848],[5703,3819],[5713,3704],[5782,3668],[5829,3721],[5903,3747],[5966,3805],[6020,3875],[6087,3878],[6132,3811],[6156,3725],[6220,3689],[6275,3746],[6279,3887],[6342,3979],[6451,3956],[6498,3959],[6413,3825],[6402,3732],[6420,3640],[6494,3489],[6480,3323],[6402,3335],[6385,3278],[6313,3277],[6314,3221],[6346,3167],[6198,3073],[6093,2941],[6000,2912]]]}},{"type":"Feature","id":"AZ.ZG","properties":{"hc-group":"admin1","hc-middle-x":0.53,"hc-middle-y":0.41,"hc-key":"az-zg","hc-a2":"ZG","labelrank":"9","hasc":"AZ.ZG","alt-name":"Zangilan","woe-id":"20070255","subregion":null,"fips":"AJ69","postal-code":"ZG","name":"Z?ngilan","country":"Azerbaijan","type-en":"District","region":"Kalbajar-Lachin Economic Region","longitude":"46.6305","woe-name":"Zangilan","latitude":"39.0904","woe-label":null,"type":"Rayon"},"geometry":{"type":"Polygon","coordinates":[[[2858,3408],[2925,3325],[2943,3258],[2889,3203],[2843,3118],[2772,3060],[2720,2950],[2689,2920],[2581,2862],[2522,2799],[2471,2688],[2424,2623],[2365,2579],[2290,2559],[2222,2697],[2214,2784],[2247,2906],[2252,2974],[2215,3122],[2105,3192],[2056,3240],[2053,3314],[2096,3355],[2162,3348],[2278,3292],[2301,3295],[2437,3387],[2494,3382],[2518,3207],[2595,3162],[2710,3315],[2858,3408]]]}},{"type":"Feature","id":"AZ.CB","properties":{"hc-group":"admin1","hc-middle-x":0.40,"hc-middle-y":0.54,"hc-key":"az-cb","hc-a2":"CB","labelrank":"9","hasc":"AZ.CB","alt-name":"Jabrayil","woe-id":"20070224","subregion":null,"fips":"AJ14","postal-code":"CB","name":"C?bray?l","country":"Azerbaijan","type-en":"District","region":"Yukhari Garabakh Economic Region","longitude":"46.9823","woe-name":"Cabrayil","latitude":"39.2768","woe-label":null,"type":"Rayon"},"geometry":{"type":"Polygon","coordinates":[[[2943,3258],[2925,3325],[2858,3408],[2730,3488],[2699,3556],[2691,3636],[2627,3742],[2637,3817],[2681,3861],[2756,3833],[2825,3828],[2848,3908],[2818,3985],[2858,4013],[2965,3961],[2976,3901],[3096,3821],[3121,3777],[3200,3816],[3266,3824],[3241,3930],[3279,3994],[3414,3925],[3491,3802],[3596,3825],[3676,3762],[3469,3671],[3380,3614],[3291,3458],[3261,3366],[3232,3324],[3108,3250],[3004,3275],[2943,3258]]]}},{"type":"Feature","id":"AZ.ZR","properties":{"hc-group":"admin1","hc-middle-x":0.50,"hc-middle-y":0.48,"hc-key":"az-zr","hc-a2":"ZR","labelrank":"9","hasc":"AZ.ZR","alt-name":"Zardab","woe-id":"20070256","subregion":null,"fips":"AJ71","postal-code":"ZR","name":"Z?rdab","country":"Azerbaijan","type-en":"District","region":"Aran Economic Region","longitude":"47.6936","woe-name":"Zardab","latitude":"40.2395","woe-label":null,"type":"Rayon"},"geometry":{"type":"Polygon","coordinates":[[[4616,5602],[4599,5697],[4548,5710],[4509,5718],[4485,5814],[4463,5812],[4408,5738],[4385,5752],[4331,5735],[4291,5787],[4246,5791],[4152,5730],[4059,5895],[4035,5923],[4107,5995],[3960,6009],[3956,6029],[4048,6129],[4098,6257],[4208,6188],[4315,6111],[4377,6026],[4468,6065],[4561,6072],[4659,6062],[4866,6093],[4870,5913],[4897,5740],[4828,5636],[4729,5573],[4691,5583],[4636,5560],[4616,5602]]]}},{"type":"Feature","id":"AZ.BQ","properties":{"hc-group":"admin1","hc-middle-x":0.49,"hc-middle-y":0.67,"hc-key":"az-bq","hc-a2":"BQ","labelrank":"9","hasc":"AZ.BQ","alt-name":"Beylagan","woe-id":"20070257","subregion":null,"fips":"AJ12","postal-code":"BQ","name":"Beyl?qan","country":"Azerbaijan","type-en":"District","region":"Aran Economic Region","longitude":"47.6611","woe-name":"Beylaqan","latitude":"39.7591","woe-label":null,"type":"Rayon"},"geometry":{"type":"Polygon","coordinates":[[[4548,5710],[4599,5697],[4616,5602],[4539,5526],[4672,5389],[4671,5294],[4563,5217],[4537,5180],[4596,5120],[4566,5032],[4557,4962],[4628,4928],[4826,4774],[4816,4699],[4738,4650],[4660,4576],[4645,4495],[4567,4411],[4345,4277],[4342,4376],[4221,4472],[4131,4588],[4069,4603],[4036,4673],[3971,4777],[4019,4816],[3993,4886],[4024,4940],[4080,4965],[4113,5007],[4203,5009],[4324,5056],[4377,5114],[4403,5202],[4435,5434],[4548,5710]]]}},{"type":"Feature","id":"AZ.IM","properties":{"hc-group":"admin1","hc-middle-x":0.51,"hc-middle-y":0.47,"hc-key":"az-im","hc-a2":"IM","labelrank":"9","hasc":"AZ.IM","alt-name":"Imishli","woe-id":"20070227","subregion":null,"fips":"AJ24","postal-code":"IM","name":"?mi?li","country":"Azerbaijan","type-en":"District","region":"Aran Economic Region","longitude":"48.0606","woe-name":"Imisli","latitude":"39.9121","woe-label":null,"type":"Rayon"},"geometry":{"type":"Polygon","coordinates":[[[4959,4626],[4918,4574],[4753,4566],[4709,4552],[4645,4495],[4660,4576],[4738,4650],[4816,4699],[4826,4774],[4628,4928],[4557,4962],[4566,5032],[4596,5120],[4537,5180],[4563,5217],[4671,5294],[4672,5389],[4539,5526],[4616,5602],[4636,5560],[4691,5583],[4729,5573],[4821,5525],[4859,5552],[4917,5524],[4950,5533],[4946,5612],[4972,5645],[5036,5610],[5109,5669],[5138,5672],[5167,5577],[5311,5502],[5309,5469],[5368,5502],[5435,5507],[5482,5469],[5496,5430],[5577,5479],[5602,5455],[5614,5404],[5555,5375],[5481,5305],[5440,5222],[5483,5168],[5494,5113],[5442,5001],[5429,4936],[5482,4834],[5596,4799],[5688,4723],[5676,4661],[5679,4552],[5756,4446],[5560,4305],[5335,4432],[5209,4549],[5074,4642],[4960,4648],[4959,4626]]]}},{"type":"Feature","id":"AZ.KU","properties":{"hc-group":"admin1","hc-middle-x":0.56,"hc-middle-y":0.58,"hc-key":"az-ku","hc-a2":"KU","labelrank":"9","hasc":"AZ.KU","alt-name":"Kurdamir","woe-id":"20070236","subregion":null,"fips":"AJ27","postal-code":"KU","name":"Kürd?mir","country":"Azerbaijan","type-en":"District","region":"Aran Economic Region","longitude":"48.1586","woe-name":"Kürd?mir","latitude":"40.2443","woe-label":"Kurdamir, AZ, Azerbaijan","type":"Rayon"},"geometry":{"type":"Polygon","coordinates":[[[5808,6042],[5845,5983],[5866,5804],[5854,5703],[5795,5667],[5747,5615],[5642,5530],[5602,5455],[5577,5479],[5496,5430],[5482,5469],[5435,5507],[5368,5502],[5309,5469],[5311,5502],[5167,5577],[5138,5672],[5109,5669],[5036,5610],[4972,5645],[4946,5612],[4950,5533],[4917,5524],[4859,5552],[4821,5525],[4729,5573],[4828,5636],[4897,5740],[4870,5913],[4866,6093],[4912,6145],[4945,6211],[4964,6408],[5041,6455],[5022,6583],[5097,6604],[5171,6635],[5137,6534],[5125,6429],[5177,6384],[5242,6399],[5316,6333],[5419,6425],[5501,6434],[5575,6402],[5589,6215],[5699,6173],[5743,6093],[5808,6042]]]}},{"type":"Feature","id":"AZ.UC","properties":{"hc-group":"admin1","hc-middle-x":0.56,"hc-middle-y":0.59,"hc-key":"az-uc","hc-a2":"UC","labelrank":"9","hasc":"AZ.UC","alt-name":"Ujar","woe-id":"20070249","subregion":null,"fips":"AJ59","postal-code":"UC","name":"Ucar","country":"Azerbaijan","type-en":"District","region":"Aran Economic Region","longitude":"47.729","woe-name":"Ucar","latitude":"40.3925","woe-label":null,"type":"Rayon"},"geometry":{"type":"Polygon","coordinates":[[[4964,6408],[4945,6211],[4912,6145],[4866,6093],[4659,6062],[4561,6072],[4468,6065],[4377,6026],[4315,6111],[4208,6188],[4098,6257],[4068,6312],[4016,6340],[3987,6400],[4010,6560],[4064,6598],[4134,6608],[4206,6587],[4278,6521],[4354,6550],[4494,6471],[4561,6518],[4598,6516],[4795,6426],[4915,6426],[4964,6408]]]}},{"type":"Feature","id":"AZ.GY","properties":{"hc-group":"admin1","hc-middle-x":0.59,"hc-middle-y":0.51,"hc-key":"az-gy","hc-a2":"GY","labelrank":"9","hasc":"AZ.GY","alt-name":"Goychay","woe-id":"20070226","subregion":null,"fips":"AJ22","postal-code":"GY","name":"Göyçay","country":"Azerbaijan","type-en":"District","region":"Aran Economic Region","longitude":"47.8172","woe-name":"Göyçay","latitude":"40.569","woe-label":"Goycay, AZ, Azerbaijan","type":"Rayon"},"geometry":{"type":"Polygon","coordinates":[[[5022,6583],[5041,6455],[4964,6408],[4915,6426],[4795,6426],[4598,6516],[4561,6518],[4494,6471],[4354,6550],[4278,6521],[4206,6587],[4210,6668],[4260,6793],[4202,6864],[4268,6904],[4405,6927],[4465,6958],[4640,6908],[4779,6906],[4973,6856],[5053,6793],[5012,6680],[5022,6583]]]}},{"type":"Feature","id":"AZ.IS","properties":{"hc-group":"admin1","hc-middle-x":0.59,"hc-middle-y":0.48,"hc-key":"az-is","hc-a2":"IS","labelrank":"9","hasc":"AZ.IS","alt-name":"Ismailli","woe-id":"20070228","subregion":null,"fips":"AJ25","postal-code":"IS","name":"?smay?ll?","country":"Azerbaijan","type-en":"District","region":"Daghlig Shirvan Economic Region","longitude":"48.1125","woe-name":"?smay?ll?","latitude":"40.7896","woe-label":"Ismayilli, AZ, Azerbaijan","type":"Rayon"},"geometry":{"type":"Polygon","coordinates":[[[5171,6635],[5097,6604],[5022,6583],[5012,6680],[5053,6793],[4973,6856],[4779,6906],[4640,6908],[4465,6958],[4557,7087],[4593,7159],[4646,7207],[4728,7247],[4797,7306],[4802,7416],[4852,7432],[4905,7479],[4908,7554],[4861,7629],[4839,7708],[4863,7764],[4915,7756],[4937,7840],[4983,7917],[5093,7904],[5146,7883],[5298,7803],[5400,7760],[5539,7755],[5651,7663],[5736,7572],[5836,7508],[5852,7401],[5798,7293],[5767,7173],[5715,7070],[5608,6984],[5429,6889],[5406,6843],[5318,6782],[5251,6712],[5240,6640],[5207,6613],[5171,6635]]]}},{"type":"Feature","id":"AZ.LN","properties":{"hc-group":"admin1","hc-middle-x":0.35,"hc-middle-y":0.86,"hc-key":"az-ln","hc-a2":"LN","labelrank":"9","hasc":"AZ.LN","alt-name":"Lenkoran|L?nk?ran","woe-id":"20070263","subregion":null,"fips":"AJ29","postal-code":"LN","name":"Lankaran","country":"Azerbaijan","type-en":"District","region":"Lankaran Economic Region","longitude":"48.7309","woe-name":"Astara","latitude":"38.7168","woe-label":"Lankaran, AZ, Azerbaijan","type":"Rayon"},"geometry":{"type":"MultiPolygon","coordinates":[[[[6801,2714],[6750,2646],[6681,2661],[6686,2575],[6718,2461],[6680,2435],[6700,2311],[6753,2365],[6778,2013],[6627,1965],[6456,1949],[6513,2068],[6438,2132],[6437,2218],[6379,2320],[6207,2424],[6181,2529],[6230,2633],[6362,2544],[6434,2562],[6614,2677],[6665,2726],[6801,2714]]],[[[7411,3386],[7374,3225],[7367,3087],[7351,3043],[7213,2937],[7140,2905],[7085,2946],[7108,3029],[7220,3066],[7257,3153],[7233,3247],[7194,3264],[7104,3263],[7079,3411],[7008,3445],[6905,3430],[6875,3350],[6872,3292],[6850,3283],[6860,3111],[6893,3060],[6888,3000],[6839,2808],[6792,2937],[6781,3057],[6690,3136],[6685,3215],[6697,3294],[6759,3383],[6910,3567],[7001,3644],[7059,3599],[7099,3522],[7160,3485],[7302,3435],[7380,3419],[7411,3386]]]]}},{"type":"Feature","id":"AZ.MA","properties":{"hc-group":"admin1","hc-middle-x":0.53,"hc-middle-y":0.58,"hc-key":"az-ma","hc-a2":"MA","labelrank":"9","hasc":"AZ.MA","alt-name":"Masally","woe-id":"20070239","subregion":null,"fips":"AJ29","postal-code":"MA","name":"Masall?","country":"Azerbaijan","type-en":"District","region":"Lankaran Economic Region","longitude":"48.698","woe-name":"Masall?","latitude":"38.9858","woe-label":"Masalli, AZ, Azerbaijan","type":"Rayon"},"geometry":{"type":"Polygon","coordinates":[[[6839,2808],[6805,2720],[6801,2714],[6665,2726],[6614,2677],[6434,2562],[6362,2544],[6230,2633],[6202,2733],[6136,2806],[6039,2817],[6000,2912],[6093,2941],[6198,3073],[6346,3167],[6314,3221],[6313,3277],[6385,3278],[6402,3335],[6480,3323],[6583,3282],[6697,3294],[6685,3215],[6690,3136],[6781,3057],[6792,2937],[6839,2808]]]}},{"type":"Feature","id":"AZ.NE","properties":{"hc-group":"admin1","hc-middle-x":0.57,"hc-middle-y":0.45,"hc-key":"az-ne","hc-a2":"NE","labelrank":"9","hasc":"AZ.NE","alt-name":"Neftchala","woe-id":"20070241","subregion":null,"fips":"AJ36","postal-code":"NE","name":"Neftçala","country":"Azerbaijan","type-en":"District","region":"Aran Economic Region","longitude":"49.0585","woe-name":"Neftcala","latitude":"39.3924","woe-label":null,"type":"Rayon"},"geometry":{"type":"Polygon","coordinates":[[[6697,3294],[6583,3282],[6480,3323],[6494,3489],[6420,3640],[6402,3732],[6413,3825],[6498,3959],[6674,3835],[6744,3824],[6863,3919],[6841,4035],[6883,4119],[6965,4208],[6982,4273],[7026,4320],[7160,4181],[7248,4157],[7314,4190],[7467,4244],[7490,4168],[7673,4017],[7714,3960],[7697,3859],[7718,3807],[7639,3870],[7665,3796],[7722,3725],[7679,3733],[7625,3794],[7525,3854],[7464,3827],[7418,3762],[7403,3684],[7416,3418],[7411,3386],[7380,3419],[7302,3435],[7160,3485],[7099,3522],[7059,3599],[7001,3644],[6910,3567],[6759,3383],[6697,3294]]]}},{"type":"Feature","id":"AZ.AC","properties":{"hc-group":"admin1","hc-middle-x":0.54,"hc-middle-y":0.43,"hc-key":"az-ac","hc-a2":"AC","labelrank":"9","hasc":"AZ.AC","alt-name":"Agjabadi","woe-id":"20070214","subregion":null,"fips":"AJ01","postal-code":"AC","name":"A?cab?di","country":"Azerbaijan","type-en":"District","region":"Aran Economic Region","longitude":"47.4145","woe-name":"Agcabadi","latitude":"39.971","woe-label":null,"type":"Rayon"},"geometry":{"type":"Polygon","coordinates":[[[4035,5923],[4059,5895],[4152,5730],[4246,5791],[4291,5787],[4331,5735],[4385,5752],[4408,5738],[4463,5812],[4485,5814],[4509,5718],[4548,5710],[4435,5434],[4403,5202],[4377,5114],[4324,5056],[4203,5009],[4113,5007],[4080,4965],[4024,4940],[3993,4886],[4019,4816],[3971,4777],[4036,4673],[3892,4634],[3749,4592],[3798,4696],[3768,4788],[3674,4845],[3623,4950],[3651,4971],[3689,5057],[3645,5126],[3563,5112],[3484,5080],[3330,5109],[3286,5227],[3333,5262],[3337,5396],[3406,5420],[3456,5468],[3400,5514],[3406,5569],[3492,5628],[3566,5707],[3562,5745],[3667,5670],[3728,5692],[3882,5800],[4035,5923]]]}},{"type":"Feature","id":"AZ.OG","properties":{"hc-group":"admin1","hc-middle-x":0.49,"hc-middle-y":0.41,"hc-key":"az-og","hc-a2":"OG","labelrank":"9","hasc":"AZ.OG","alt-name":"Oguz","woe-id":"20070250","subregion":null,"fips":"AJ37","postal-code":"OG","name":"O?uz","country":"Azerbaijan","type-en":"District","region":"Shaki-Zaqatala Economic Region","longitude":"47.4853","woe-name":"O?uz","latitude":"41.04","woe-label":"Oguz, AZ, Azerbaijan","type":"Rayon"},"geometry":{"type":"Polygon","coordinates":[[[3752,8361],[3958,8342],[3998,8330],[4052,8259],[4123,8235],[4221,8295],[4258,8291],[4356,8246],[4354,8154],[4370,8097],[4344,7977],[4241,7756],[4245,7640],[4188,7531],[4154,7389],[4156,7241],[3976,7330],[3809,7451],[3751,7528],[3728,7623],[3675,7614],[3664,7670],[3590,7771],[3610,7869],[3720,8130],[3752,8361]]]}},{"type":"Feature","id":"AZ.QX","properties":{"hc-group":"admin1","hc-middle-x":0.50,"hc-middle-y":0.22,"hc-key":"az-qx","hc-a2":"QX","labelrank":"9","hasc":"AZ.QX","alt-name":"Qakh","woe-id":"20070229","subregion":null,"fips":"AJ39","postal-code":"QX","name":"Qax","country":"Azerbaijan","type-en":"District","region":"Shaki-Zaqatala Economic Region","longitude":"46.7976","woe-name":"Qax","latitude":"41.375","woe-label":"Qax, AZ, Azerbaijan","type":"Rayon"},"geometry":{"type":"Polygon","coordinates":[[[2384,7958],[2394,7972],[2416,8134],[2433,8200],[2481,8270],[2486,8331],[2522,8351],[2510,8386],[2400,8534],[2412,8602],[2491,8707],[2547,8839],[2605,8937],[2699,8970],[2820,8966],[2938,8931],[3045,8957],[3115,9061],[3259,9095],[3322,9054],[3357,8937],[3394,8909],[3373,8800],[3332,8721],[3185,8615],[2949,8504],[2880,8457],[2811,8340],[2778,8313],[2741,8221],[2732,8105],[2744,8011],[2828,7969],[2960,7766],[2971,7490],[2814,7572],[2656,7617],[2646,7681],[2618,7736],[2596,7874],[2522,7916],[2439,7918],[2384,7958]]]}},{"type":"Feature","id":"AZ.SK","properties":{"hc-group":"admin1","hc-middle-x":0.41,"hc-middle-y":0.55,"hc-key":"az-sk","hc-a2":"SK","labelrank":"9","hasc":"AZ.SK","alt-name":"Shaki","woe-id":"20070246","subregion":null,"fips":"AJ39","postal-code":"SK","name":"??ki","country":"Azerbaijan","type-en":"District","region":"Shaki-Zaqatala Economic Region","longitude":"47.1565","woe-name":"??ki","latitude":"41.0486","woe-label":"Saki, AZ, Azerbaijan","type":"Rayon"},"geometry":{"type":"Polygon","coordinates":[[[3394,8909],[3435,8825],[3494,8756],[3516,8668],[3516,8541],[3536,8486],[3569,8455],[3710,8375],[3752,8361],[3720,8130],[3610,7869],[3590,7771],[3664,7670],[3675,7614],[3728,7623],[3751,7528],[3809,7451],[3976,7330],[4156,7241],[4141,7177],[4077,7156],[4005,7140],[3868,7179],[3791,7160],[3744,7178],[3591,7209],[3308,7321],[3140,7409],[2971,7490],[2960,7766],[2828,7969],[2744,8011],[2732,8105],[2741,8221],[2778,8313],[2811,8340],[2880,8457],[2949,8504],[3185,8615],[3332,8721],[3373,8800],[3394,8909]],[[3459,8109],[3486,8174],[3480,8223],[3441,8287],[3398,8286],[3357,8113],[3433,8094],[3459,8109]]]}},{"type":"Feature","id":"AZ.QR","properties":{"hc-group":"admin1","hc-middle-x":0.45,"hc-middle-y":0.57,"hc-key":"az-qr","hc-a2":"QR","labelrank":"9","hasc":"AZ.QR","alt-name":null,"woe-id":"20070234","subregion":null,"fips":"AJ44","postal-code":"QR","name":"Qusar","country":"Azerbaijan","type-en":"District","region":"Guba-Khachmaz Economic Region","longitude":"48.1944","woe-name":"Qusar","latitude":"41.4005","woe-label":"Qusar, AZ, Azerbaijan","type":"Rayon"},"geometry":{"type":"Polygon","coordinates":[[[5940,8974],[5841,8911],[5734,8872],[5601,8798],[5481,8689],[5129,8422],[4784,8139],[4648,8162],[4588,8199],[4573,8229],[4678,8258],[4727,8311],[4707,8391],[4711,8442],[4776,8517],[4816,8621],[4864,8615],[4904,8640],[4958,8815],[4990,8883],[5049,8923],[5258,8971],[5311,9002],[5403,9088],[5557,9193],[5596,9240],[5630,9311],[5699,9525],[5710,9541],[5757,9547],[5807,9496],[5771,9366],[5809,9250],[5903,9237],[5905,9189],[5876,9145],[5914,9074],[5940,8974]]]}},{"type":"Feature","id":"AZ.XZ","properties":{"hc-group":"admin1","hc-middle-x":0.40,"hc-middle-y":0.62,"hc-key":"az-xz","hc-a2":"XZ","labelrank":"9","hasc":"AZ.XZ","alt-name":"Khachmaz","woe-id":"20070221","subregion":null,"fips":"AJ60","postal-code":"XZ","name":"Xaçmaz","country":"Azerbaijan","type-en":"District","region":"Guba-Khachmaz Economic Region","longitude":"48.7701","woe-name":"Xaçmaz","latitude":"41.5198","woe-label":"Xacmaz, AZ, Azerbaijan","type":"Rayon"},"geometry":{"type":"Polygon","coordinates":[[[5940,8974],[5914,9074],[5876,9145],[5905,9189],[5903,9237],[5809,9250],[5771,9366],[5807,9496],[5757,9547],[5710,9541],[5828,9707],[5910,9851],[6053,9749],[6223,9533],[6315,9436],[6328,9378],[6458,9244],[6535,9096],[6604,9054],[6709,8903],[6770,8883],[6872,8709],[6763,8697],[6581,8713],[6500,8678],[6378,8697],[6321,8669],[6262,8659],[6224,8689],[6136,8659],[6103,8701],[6031,8833],[5940,8974]]]}},{"type":"Feature","id":"AZ.ZQ","properties":{"hc-group":"admin1","hc-middle-x":0.44,"hc-middle-y":0.61,"hc-key":"az-zq","hc-a2":"ZQ","labelrank":"9","hasc":"AZ.ZQ","alt-name":null,"woe-id":"20070254","subregion":null,"fips":"AJ70","postal-code":"ZQ","name":"Zaqatala","country":"Azerbaijan","type-en":"District","region":"Shaki-Zaqatala Economic Region","longitude":"46.654","woe-name":"Zaqatala","latitude":"41.5666","woe-label":"Zaqatala, AZ, Azerbaijan","type":"Rayon"},"geometry":{"type":"Polygon","coordinates":[[[2400,8534],[2359,8530],[2329,8598],[2238,8649],[2059,8721],[1972,8799],[1914,8817],[1817,8882],[1785,8922],[1752,9069],[1852,9030],[1908,9036],[2005,9110],[2131,9147],[2184,9185],[2225,9241],[2273,9384],[2452,9516],[2512,9583],[2535,9667],[2522,9722],[2578,9762],[2604,9641],[2633,9580],[2754,9472],[2856,9443],[2886,9419],[2930,9323],[3022,9249],[3068,9177],[3086,9105],[3113,9060],[3045,8957],[2938,8931],[2820,8966],[2699,8970],[2605,8937],[2547,8839],[2491,8707],[2412,8602],[2400,8534]]]}},{"type":"Feature","id":"AZ.BL","properties":{"hc-group":"admin1","hc-middle-x":0.42,"hc-middle-y":0.53,"hc-key":"az-bl","hc-a2":"BL","labelrank":"9","hasc":"AZ.BL","alt-name":"Balakan","woe-id":"20070220","subregion":null,"fips":"AJ10","postal-code":"BL","name":"Balak?n","country":"Azerbaijan","type-en":"District","region":"Shaki-Zaqatala Economic Region","longitude":"46.4478","woe-name":"Balak?n","latitude":"41.7393","woe-label":"Balakan, AZ, Azerbaijan","type":"Rayon"},"geometry":{"type":"Polygon","coordinates":[[[1752,9069],[1704,9176],[1678,9175],[1642,9121],[1593,9161],[1568,9270],[1565,9393],[1581,9476],[1616,9514],[1655,9519],[1778,9505],[1833,9543],[1910,9640],[1948,9703],[2014,9847],[2186,9830],[2219,9811],[2230,9766],[2223,9667],[2234,9626],[2301,9601],[2390,9674],[2500,9705],[2522,9722],[2535,9667],[2512,9583],[2452,9516],[2273,9384],[2225,9241],[2184,9185],[2131,9147],[2005,9110],[1908,9036],[1852,9030],[1752,9069]]]}},{"type":"Feature","id":"AZ.SD","properties":{"hc-group":"admin1","hc-middle-x":0.13,"hc-middle-y":0.24,"hc-key":"az-sd","hc-a2":"SD","labelrank":"9","hasc":"AZ.SD","alt-name":"Sadarak","woe-id":"-2345767","subregion":null,"fips":"AM02","postal-code":"SD","name":"S?d?r?k","country":"Azerbaijan","type-en":"District","region":"Naxç?van Autonomous Republic","longitude":"44.8638","woe-name":null,"latitude":"39.699","woe-label":null,"type":"Rayon"},"geometry":{"type":"Polygon","coordinates":[[[-907,4349],[-960,4402],[-999,4524],[-946,4547],[-859,4563],[-777,4562],[-665,4604],[-705,4541],[-778,4518],[-856,4443],[-907,4349]]]}},{"type":"Feature","id":"AZ.OR","properties":{"hc-group":"admin1","hc-middle-x":0.37,"hc-middle-y":0.59,"hc-key":"az-or","hc-a2":"OR","labelrank":"9","hasc":"AZ.OR","alt-name":null,"woe-id":"24550719","subregion":null,"fips":"AM08","postal-code":"OR","name":"Ordubad","country":"Azerbaijan","type-en":"District","region":"Naxç?van Autonomous Republic","longitude":"45.9272","woe-name":"Ordubad","latitude":"39.0972","woe-label":"Ordubad, AZ, Azerbaijan","type":"Rayon"},"geometry":{"type":"Polygon","coordinates":[[[1121,3542],[1229,3491],[1267,3454],[1281,3400],[1223,3323],[1212,3261],[1230,3198],[1321,3063],[1360,2986],[1461,2713],[1574,2504],[1445,2528],[1320,2583],[920,2663],[876,2680],[911,2742],[854,2799],[786,2846],[807,2978],[887,3079],[969,3270],[1001,3398],[1121,3542]]]}},{"type":"Feature","id":"AZ.SR","properties":{"hc-group":"admin1","hc-middle-x":0.56,"hc-middle-y":0.43,"hc-key":"az-sr","hc-a2":"SR","labelrank":"9","hasc":"AZ.SR","alt-name":"Sharur","woe-id":"24550720","subregion":null,"fips":"AM10","postal-code":"SR","name":"??rur","country":"Azerbaijan","type-en":"District","region":"Naxç?van Autonomous Republic","longitude":"45.0172","woe-name":"Sarur","latitude":"39.5929","woe-label":null,"type":"Rayon"},"geometry":{"type":"Polygon","coordinates":[[[-481,3759],[-565,3834],[-610,3839],[-658,3874],[-649,3920],[-711,4004],[-767,4237],[-816,4336],[-907,4349],[-856,4443],[-778,4518],[-705,4541],[-665,4604],[-585,4663],[-514,4687],[-451,4656],[-313,4479],[-285,4394],[-306,4250],[-262,4191],[-302,4062],[-336,3919],[-398,3819],[-481,3759]]]}},{"type":"Feature","id":"AZ.GD","properties":{"hc-group":"admin1","hc-middle-x":0.63,"hc-middle-y":0.53,"hc-key":"az-gd","hc-a2":"GD","labelrank":"9","hasc":"AZ.GD","alt-name":"Gadabay","woe-id":"20070230","subregion":null,"fips":"AJ19","postal-code":"GD","name":"G?d?b?y","country":"Azerbaijan","type-en":"District","region":"Ganja-Gazakh Economic Region","longitude":"45.6429","woe-name":"Gadabay","latitude":"40.492","woe-label":null,"type":"Rayon"},"geometry":{"type":"Polygon","coordinates":[[[943,5971],[507,6214],[397,6315],[321,6471],[257,6541],[245,6618],[139,6722],[113,6778],[112,6882],[158,6963],[230,7023],[305,7059],[327,6953],[382,6918],[450,6917],[507,6893],[545,6842],[541,6775],[675,6690],[719,6738],[741,6926],[730,7138],[753,7244],[822,7159],[858,7070],[916,6974],[1065,6844],[1108,6770],[1108,6603],[977,6520],[946,6365],[1010,6235],[990,6187],[990,6128],[959,6051],[943,5971]],[[433,6753],[458,6816],[410,6843],[356,6846],[308,6822],[293,6772],[308,6724],[372,6705],[433,6753]]]}},{"type":"Feature","id":"AZ.SM","properties":{"hc-group":"admin1","hc-middle-x":0.54,"hc-middle-y":0.52,"hc-key":"az-sm","hc-a2":"SM","labelrank":"9","hasc":"AZ.SM","alt-name":"Shamkir","woe-id":"20070244","subregion":null,"fips":"AJ51","postal-code":"SM","name":"??mkir","country":"Azerbaijan","type-en":"District","region":"Ganja-Gazakh Economic Region","longitude":"46.0161","woe-name":"??mkir","latitude":"40.8317","woe-label":"Samkir, AZ, Azerbaijan","type":"Rayon"},"geometry":{"type":"Polygon","coordinates":[[[1774,7279],[1719,7178],[1709,7084],[1680,7014],[1666,6929],[1616,6891],[1556,6891],[1482,6873],[1415,6824],[1325,6871],[1254,6809],[1108,6603],[1108,6770],[1065,6844],[916,6974],[858,7070],[822,7159],[753,7244],[751,7319],[783,7378],[1009,7548],[1070,7689],[1157,7708],[1342,7687],[1432,7709],[1460,7780],[1574,7916],[1630,8014],[1785,7808],[1828,7727],[1820,7641],[1793,7594],[1741,7363],[1774,7279]]]}},{"type":"Feature","id":"AZ.AR","properties":{"hc-group":"admin1","hc-middle-x":0.40,"hc-middle-y":0.48,"hc-key":"az-ar","hc-a2":"AR","labelrank":"9","hasc":"AZ.AR","alt-name":"Absheron","woe-id":"20070283","subregion":null,"fips":"AJ01","postal-code":"AR","name":"Ab?eron","country":"Azerbaijan","type-en":"District","region":"Absheron Economic Region","longitude":"49.3694","woe-name":"Ab?eron","latitude":"40.3278","woe-label":"Abseron, AZ, Azerbaijan","type":"Rayon"},"geometry":{"type":"MultiPolygon","coordinates":[[[[7428,5323],[7352,5412],[7328,5499],[7244,5637],[7225,5717],[7177,5776],[7091,5786],[6934,5783],[6869,5799],[6755,5944],[6586,6106],[6565,6195],[6630,6172],[6728,6113],[6886,6295],[6949,6318],[7010,6413],[7062,6447],[7175,6488],[7274,6587],[7310,6660],[7445,6671],[7562,6731],[7574,6823],[7666,6933],[7700,6998],[7774,6954],[7841,6884],[7908,6783],[8002,6778],[8094,6816],[8132,6778],[8175,6772],[8241,6802],[8466,6738],[8433,6697],[8266,6646],[8180,6607],[8095,6628],[7984,6610],[7833,6597],[7745,6492],[7667,6476],[7612,6413],[7620,6291],[7644,6158],[7643,6022],[7594,5914],[7564,5882],[7546,5753],[7495,5651],[7515,5552],[7458,5456],[7428,5323]]],[[[8077,6369],[7991,6370],[7939,6461],[7996,6501],[8072,6509],[8137,6416],[8077,6369]]]]}},{"type":"Feature","id":"AZ.AA","properties":{"hc-group":"admin1","hc-middle-x":0.52,"hc-middle-y":0.52,"hc-key":"az-aa","hc-a2":"AA","labelrank":"9","hasc":"AZ.AA","alt-name":null,"woe-id":"20070217","subregion":null,"fips":"AJ08","postal-code":"AA","name":"Astara","country":"Azerbaijan","type-en":"District","region":"Lankaran Economic Region","longitude":"48.7049","woe-name":"Astara","latitude":"38.4938","woe-label":"Astara, AZ, Azerbaijan","type":"Rayon"},"geometry":{"type":"Polygon","coordinates":[[[6778,2013],[6806,1605],[6682,1626],[6621,1624],[6496,1527],[6400,1488],[6302,1492],[6239,1549],[6157,1664],[6203,1778],[6214,1835],[6247,1870],[6332,1909],[6374,1904],[6456,1949],[6627,1965],[6778,2013]]]}},{"type":"Feature","id":"AZ.FU","properties":{"hc-group":"admin1","hc-middle-x":0.47,"hc-middle-y":0.43,"hc-key":"az-fu","hc-a2":"FU","labelrank":"9","hasc":"AZ.FU","alt-name":"Fizuli","woe-id":"20070225","subregion":null,"fips":"AJ18","postal-code":"FU","name":"Füzuli","country":"Azerbaijan","type-en":"District","region":"Yukhari Garabakh Economic Region","longitude":"47.322","woe-name":"Fuzuli","latitude":"39.5574","woe-label":null,"type":"Rayon"},"geometry":{"type":"Polygon","coordinates":[[[3279,3994],[3292,4052],[3360,4070],[3338,4165],[3371,4220],[3355,4274],[3264,4216],[3222,4210],[3209,4251],[3239,4287],[3316,4306],[3356,4361],[3296,4352],[3226,4364],[3257,4420],[3343,4429],[3427,4472],[3493,4529],[3749,4592],[3892,4634],[4036,4673],[4069,4603],[4131,4588],[4221,4472],[4342,4376],[4345,4277],[4312,4257],[4216,4154],[4020,4082],[3943,4037],[3883,3983],[3792,3861],[3732,3795],[3676,3762],[3596,3825],[3491,3802],[3414,3925],[3279,3994]]]}},{"type":"Feature","id":"AZ.LE","properties":{"hc-group":"admin1","hc-middle-x":0.55,"hc-middle-y":0.52,"hc-key":"az-le","hc-a2":"LE","labelrank":"9","hasc":"AZ.LE","alt-name":null,"woe-id":"20070238","subregion":null,"fips":"AJ31","postal-code":"LE","name":"Lerik","country":"Azerbaijan","type-en":"District","region":"Lankaran Economic Region","longitude":"48.4779","woe-name":"Lerik","latitude":"38.7139","woe-label":"Lerik, AZ, Azerbaijan","type":"Rayon"},"geometry":{"type":"Polygon","coordinates":[[[6157,1664],[6011,1843],[5954,1901],[5915,2017],[5870,2015],[5775,1967],[5717,1966],[5650,2040],[5555,2111],[5546,2234],[5589,2257],[5638,2330],[5661,2431],[5726,2513],[5805,2575],[5975,2684],[6136,2806],[6202,2733],[6230,2633],[6181,2529],[6207,2424],[6379,2320],[6437,2218],[6438,2132],[6513,2068],[6456,1949],[6374,1904],[6332,1909],[6247,1870],[6214,1835],[6203,1778],[6157,1664]]]}},{"type":"Feature","id":"AZ.QO","properties":{"hc-group":"admin1","hc-middle-x":0.46,"hc-middle-y":0.54,"hc-key":"az-qo","hc-a2":"QO","labelrank":"9","hasc":"AZ.QO","alt-name":null,"woe-id":"20070272","subregion":null,"fips":"AJ41","postal-code":"QO","name":"Qobustan","country":"Azerbaijan","type-en":"District","region":"Daghlig Shirvan Economic Region","longitude":"48.9623","woe-name":"Qobustan","latitude":"40.4977","woe-label":"Qobustan, AZ, Azerbaijan","type":"Rayon"},"geometry":{"type":"Polygon","coordinates":[[[6441,7242],[6549,7215],[6696,7106],[6814,6981],[6897,6924],[6998,6895],[7186,6718],[7310,6660],[7274,6587],[7175,6488],[7062,6447],[7010,6413],[6949,6318],[6886,6295],[6728,6113],[6630,6172],[6565,6195],[6463,6180],[6371,6226],[6225,6209],[6212,6246],[6295,6307],[6303,6356],[6352,6484],[6328,6518],[6320,6595],[6283,6782],[6236,6834],[6292,6929],[6281,7034],[6300,7137],[6441,7242]]]}},{"type":"Feature","id":"AZ.SY","properties":{"hc-group":"admin1","hc-middle-x":0.45,"hc-middle-y":0.41,"hc-key":"az-sy","hc-a2":"SY","labelrank":"9","hasc":"AZ.SY","alt-name":"Siazan","woe-id":"20070278","subregion":null,"fips":"AJ42","postal-code":"SY","name":"Siy?z?n","country":"Azerbaijan","type-en":"District","region":"Guba-Khachmaz Economic Region","longitude":"49.0973","woe-name":"Siy?z?n","latitude":"41.0414","woe-label":"Siyazan, AZ, Azerbaijan","type":"Rayon"},"geometry":{"type":"Polygon","coordinates":[[[7068,8189],[7081,8163],[7120,7991],[7215,7850],[7448,7611],[7464,7589],[7383,7583],[7227,7539],[7137,7543],[7058,7567],[6882,7658],[6865,7747],[6823,7780],[6756,7731],[6738,7655],[6680,7617],[6556,7568],[6494,7562],[6445,7782],[6469,7848],[6521,7888],[6592,7904],[6634,7980],[6629,8072],[6592,8153],[6649,8240],[6780,8246],[6894,8294],[7042,8185],[7068,8189]]]}},{"type":"Feature","id":"AZ.NX","properties":{"hc-group":"admin1","hc-middle-x":0.50,"hc-middle-y":0.51,"hc-key":"az-nx","hc-a2":"NX","labelrank":"9","hasc":"AZ.NX","alt-name":"Nakhichevan","woe-id":"20070275","subregion":null,"fips":"AJ35","postal-code":"NX","name":"Naxç?van","country":"Azerbaijan","type-en":"Municipality","region":"Naxç?van Autonomous Republic","longitude":"45.4212","woe-name":"Naxcivan","latitude":"39.2127","woe-label":null,"type":"Sahar"},"geometry":{"type":"Polygon","coordinates":[[[423,3417],[384,3329],[305,3278],[141,3259],[10,3354],[83,3411],[187,3406],[423,3417]]]}},{"type":"Feature","id":"AZ.MI","properties":{"hc-group":"admin1","hc-middle-x":0.50,"hc-middle-y":0.36,"hc-key":"az-mi","hc-a2":"MI","labelrank":"9","hasc":"AZ.MI","alt-name":"Mingachevir","woe-id":"20070240","subregion":null,"fips":"AJ33","postal-code":"MI","name":"Ming?çevir","country":"Azerbaijan","type-en":"Municipality","region":"Aran Economic Region","longitude":"46.9846","woe-name":"Ming?çevir","latitude":"40.7508","woe-label":"Mingacevir, AZ, Azerbaijan","type":"Sahar"},"geometry":{"type":"Polygon","coordinates":[[[3160,7165],[3199,7106],[3051,7042],[2962,7144],[3019,7175],[3088,7151],[3160,7165]]]}},{"type":"Feature","id":"AZ.YE","properties":{"hc-group":"admin1","hc-middle-x":0.50,"hc-middle-y":0.51,"hc-key":"az-ye","hc-a2":"YE","labelrank":"7","hasc":"AZ.YE","alt-name":null,"woe-id":"20070253","subregion":null,"fips":"AJ67","postal-code":"YE","name":"Yevlakh","country":"Azerbaijan","type-en":"Municipality","region":"Aran Economic Region","longitude":"47.1503","woe-name":"Yevlax","latitude":"40.6019","woe-label":null,"type":"Sahari"},"geometry":{"type":"Polygon","coordinates":[[[3376,6676],[3317,6710],[3288,6788],[3320,6840],[3465,6843],[3471,6804],[3450,6744],[3457,6699],[3440,6674],[3376,6676]]]}}]}