{"title":"Virginia","version":"1.1.2","type":"FeatureCollection","copyright":"Copyright (c) 2015 Highsoft AS, Based on data from The United States Census Bureau","copyrightShort":"USA Census Bureau","copyrightUrl":"http://www.census.gov","crs":{"type":"name","properties":{"name":"urn:ogc:def:crs:EPSG:102346"}},"hc-transform":{"default":{"crs":"+proj=lcc +lat_1=38.03333333333333 +lat_2=39.2 +lat_0=37.66666666666666 +lon_0=-78.5 +x_0=3500000 +y_0=2000000 +ellps=GRS80 +units=m +no_defs","scale":0.000934460874083,"jsonres":15.5,"jsonmarginX":-999,"jsonmarginY":9851.0,"xoffset":3036918.43098,"yoffset":2199749.25986}},
"features":[{"type":"Feature","id":"US.VA.510","properties":{"hc-group":"admin2","hc-middle-x":0.50,"hc-middle-y":0.46,"hc-key":"us-va-510","hc-a2":"AL","fips":"51510","name":"Alexandria"},"geometry":{"type":"Polygon","coordinates":[[[7534,8861],[7548,8819],[7534,8777],[7470,8798],[7423,8790],[7418,8836],[7455,8863],[7487,8865],[7534,8861]]]}},{"type":"Feature","id":"US.VA.001","properties":{"hc-group":"admin2","hc-middle-x":0.42,"hc-middle-y":0.42,"hc-key":"us-va-001","hc-a2":"AC","fips":"51001","name":"Accomack"},"geometry":{"type":"MultiPolygon","coordinates":[[[[9347,6719],[9328,6723],[9376,6841],[9416,6849],[9347,6719]]],[[[9666,7409],[9675,7452],[9729,7491],[9720,7439],[9666,7409]]],[[[9016,6822],[9043,6838],[8990,6859],[9006,6914],[9069,6946],[9049,6970],[9081,7010],[9134,7017],[9127,7056],[9170,7107],[9140,7127],[9183,7170],[9155,7217],[9287,7231],[9275,7296],[9327,7298],[9312,7377],[9219,7405],[9280,7451],[9339,7468],[9338,7495],[9366,7542],[9679,7586],[9625,7540],[9610,7497],[9631,7431],[9596,7387],[9636,7377],[9543,7285],[9460,7142],[9379,7027],[9283,6873],[9203,6726],[9159,6683],[9180,6787],[9119,6827],[9016,6822]]],[[[9687,7329],[9721,7385],[9689,7397],[9733,7428],[9774,7522],[9828,7608],[9851,7611],[9751,7390],[9687,7329]]]]}},{"type":"Feature","id":"US.VA.013","properties":{"hc-group":"admin2","hc-middle-x":0.89,"hc-middle-y":0.63,"hc-key":"us-va-013","hc-a2":"AR","fips":"51013","name":"Arlington"},"geometry":{"type":"Polygon","coordinates":[[[7442,9009],[7476,8963],[7539,8914],[7552,8886],[7534,8861],[7487,8865],[7455,8863],[7456,8865],[7405,8914],[7393,8926],[7377,8942],[7435,9003],[7442,9009]]]}},{"type":"Feature","id":"US.VA.131","properties":{"hc-group":"admin2","hc-middle-x":0.37,"hc-middle-y":0.21,"hc-key":"us-va-131","hc-a2":"NO","fips":"51131","name":"Northampton"},"geometry":{"type":"MultiPolygon","coordinates":[[[[8971,6104],[9003,6092],[8997,6069],[8962,6068],[8971,6104]]],[[[9318,6608],[9269,6541],[9334,6686],[9348,6655],[9318,6608]]],[[[9044,6246],[9062,6384],[9101,6389],[9108,6354],[9073,6285],[9107,6247],[9160,6236],[9073,6132],[9044,6246]]],[[[9159,6683],[9142,6610],[9176,6589],[9101,6574],[9061,6508],[9020,6325],[9009,6149],[8969,6148],[8923,6242],[8927,6316],[8901,6382],[8941,6439],[8905,6438],[8963,6579],[8956,6659],[9006,6701],[8968,6714],[8971,6761],[9016,6822],[9119,6827],[9180,6787],[9159,6683]]]]}},{"type":"Feature","id":"US.VA.600","properties":{"hc-group":"admin2","hc-middle-x":0.50,"hc-middle-y":0.51,"hc-key":"us-va-600","hc-a2":"FA","fips":"51600","name":"Fairfax"},"geometry":{"type":"Polygon","coordinates":[[[7173,8876],[7181,8894],[7254,8896],[7254,8856],[7194,8845],[7173,8876]],[[7196,8862],[7206,8858],[7209,8864],[7204,8865],[7196,8862]]]}},{"type":"Feature","id":"US.VA.059","properties":{"hc-group":"admin2","hc-middle-x":0.65,"hc-middle-y":0.65,"hc-key":"us-va-059","hc-a2":"FA","fips":"51059","name":"Fairfax"},"geometry":{"type":"MultiPolygon","coordinates":[[[[7196,8862],[7204,8865],[7209,8864],[7206,8858],[7196,8862]]],[[[7405,8914],[7456,8865],[7455,8863],[7418,8836],[7423,8790],[7470,8798],[7534,8777],[7544,8680],[7506,8650],[7450,8642],[7434,8595],[7385,8598],[7430,8529],[7363,8504],[7336,8520],[7345,8574],[7310,8561],[7276,8603],[7149,8669],[7131,8645],[7109,8705],[7038,8794],[6975,8783],[6952,8854],[6921,8863],[7071,9062],[7177,9204],[7282,9148],[7283,9085],[7343,9060],[7409,9055],[7442,9009],[7435,9003],[7377,8942],[7355,8917],[7405,8914]],[[7173,8876],[7194,8845],[7254,8856],[7254,8896],[7181,8894],[7173,8876]]]]}},{"type":"Feature","id":"US.VA.690","properties":{"hc-group":"admin2","hc-middle-x":0.45,"hc-middle-y":0.47,"hc-key":"us-va-690","hc-a2":"MA","fips":"51690","name":"Martinsville"},"geometry":{"type":"Polygon","coordinates":[[[3919,5369],[3890,5392],[3929,5441],[3977,5423],[3946,5337],[3919,5369]]]}},{"type":"Feature","id":"US.VA.750","properties":{"hc-group":"admin2","hc-middle-x":0.82,"hc-middle-y":0.23,"hc-key":"us-va-750","hc-a2":"RA","fips":"51750","name":"Radford"},"geometry":{"type":"MultiPolygon","coordinates":[[[[3109,6127],[3109,6128],[3110,6128],[3110,6126],[3109,6127]]],[[[3096,6130],[3091,6097],[3029,6060],[3009,6108],[3071,6151],[3096,6130]]]]}},{"type":"Feature","id":"US.VA.595","properties":{"hc-group":"admin2","hc-middle-x":0.57,"hc-middle-y":0.50,"hc-key":"us-va-595","hc-a2":"EM","fips":"51595","name":"Emporia"},"geometry":{"type":"Polygon","coordinates":[[[6920,5415],[6991,5437],[6992,5383],[6930,5369],[6920,5415]]]}},{"type":"Feature","id":"US.VA.678","properties":{"hc-group":"admin2","hc-middle-x":0.38,"hc-middle-y":0.38,"hc-key":"us-va-678","hc-a2":"LE","fips":"51678","name":"Lexington"},"geometry":{"type":"Polygon","coordinates":[[[4481,7156],[4512,7170],[4531,7160],[4489,7122],[4481,7156]]]}},{"type":"Feature","id":"US.VA.530","properties":{"hc-group":"admin2","hc-middle-x":0.13,"hc-middle-y":0.89,"hc-key":"us-va-530","hc-a2":"BV","fips":"51530","name":"Buena Vista"},"geometry":{"type":"Polygon","coordinates":[[[4581,7027],[4591,7080],[4632,7115],[4644,7077],[4610,7020],[4581,7027]]]}},{"type":"Feature","id":"US.VA.051","properties":{"hc-group":"admin2","hc-middle-x":0.49,"hc-middle-y":0.55,"hc-key":"us-va-051","hc-a2":"DI","fips":"51051","name":"Dickenson"},"geometry":{"type":"Polygon","coordinates":[[[1006,6046],[945,6032],[862,5968],[842,5988],[771,5942],[722,5943],[595,6032],[500,6202],[496,6327],[646,6392],[764,6421],[810,6463],[836,6479],[891,6424],[905,6323],[1024,6077],[1006,6046]]]}},{"type":"Feature","id":"US.VA.167","properties":{"hc-group":"admin2","hc-middle-x":0.49,"hc-middle-y":0.45,"hc-key":"us-va-167","hc-a2":"RU","fips":"51167","name":"Russell"},"geometry":{"type":"Polygon","coordinates":[[[771,5942],[842,5988],[862,5968],[945,6032],[1006,6046],[1068,6059],[1100,6037],[1177,6083],[1193,6165],[1313,6178],[1331,6196],[1343,6149],[1421,6050],[1476,5895],[1426,5879],[1402,5850],[1338,5789],[1256,5752],[1212,5777],[1086,5743],[1034,5685],[1044,5650],[935,5619],[791,5555],[748,5522],[721,5637],[663,5794],[712,5820],[804,5835],[771,5942]]]}},{"type":"Feature","id":"US.VA.153","properties":{"hc-group":"admin2","hc-middle-x":0.58,"hc-middle-y":0.70,"hc-key":"us-va-153","hc-a2":"PW","fips":"51153","name":"Prince William"},"geometry":{"type":"MultiPolygon","coordinates":[[[[6990,8711],[6991,8716],[6998,8710],[6996,8708],[6990,8711]]],[[[7310,8561],[7258,8443],[7220,8316],[7135,8338],[7035,8435],[6981,8451],[6932,8394],[6932,8394],[6932,8394],[6695,8836],[6723,8925],[6769,9014],[6815,8997],[6862,8932],[6894,8929],[6921,8863],[6952,8854],[6975,8783],[7038,8794],[7109,8705],[7131,8645],[7149,8669],[7276,8603],[7310,8561]],[[7000,8756],[6997,8757],[6934,8678],[6976,8667],[7028,8688],[7018,8743],[7065,8738],[7000,8756],[7000,8756],[7000,8756],[7000,8756],[7000,8756],[7000,8756],[7000,8756],[7000,8756],[7000,8756],[7000,8756]],[[7000,8756],[7000,8756],[7000,8756],[7000,8756],[7000,8756]]],[[[6932,8394],[6932,8394],[6932,8394],[6932,8394],[6932,8394]]],[[[6932,8394],[6932,8394],[6932,8394],[6932,8394],[6932,8394]]]]}},{"type":"Feature","id":"US.VA.840","properties":{"hc-group":"admin2","hc-middle-x":0.33,"hc-middle-y":0.58,"hc-key":"us-va-840","hc-a2":"WI","fips":"51840","name":"Winchester"},"geometry":{"type":"Polygon","coordinates":[[[6083,9392],[6099,9431],[6163,9399],[6120,9333],[6088,9331],[6083,9392]]]}},{"type":"Feature","id":"US.VA.085","properties":{"hc-group":"admin2","hc-middle-x":0.31,"hc-middle-y":0.44,"hc-key":"us-va-085","hc-a2":"HA","fips":"51085","name":"Hanover"},"geometry":{"type":"Polygon","coordinates":[[[6819,7028],[6715,7026],[6606,7062],[6733,7483],[6742,7511],[6777,7486],[6800,7484],[6867,7418],[6884,7432],[6923,7365],[6945,7373],[7003,7314],[7052,7332],[7079,7279],[7076,7222],[7118,7184],[7107,7148],[7182,7164],[7235,7110],[7251,7045],[7313,7042],[7323,6999],[7377,7008],[7391,6955],[7484,6966],[7468,6907],[7445,6849],[7409,6857],[7329,6777],[7336,6760],[7236,6798],[7104,6883],[7055,6993],[6972,7020],[6921,6989],[6844,7034],[6819,7028]]]}},{"type":"Feature","id":"US.VA.075","properties":{"hc-group":"admin2","hc-middle-x":0.26,"hc-middle-y":0.41,"hc-key":"us-va-075","hc-a2":"GO","fips":"51075","name":"Goochland"},"geometry":{"type":"Polygon","coordinates":[[[6606,7062],[6715,7026],[6819,7028],[6789,6917],[6793,6883],[6838,6820],[6791,6796],[6656,6872],[6585,6864],[6445,7000],[6404,6950],[6402,6893],[6255,6944],[6206,6979],[6230,7024],[6143,7090],[6153,7125],[6265,7342],[6324,7323],[6361,7266],[6411,7249],[6488,7112],[6561,7100],[6606,7062]]]}},{"type":"Feature","id":"US.VA.031","properties":{"hc-group":"admin2","hc-middle-x":0.56,"hc-middle-y":0.49,"hc-key":"us-va-031","hc-a2":"CA","fips":"51031","name":"Campbell"},"geometry":{"type":"Polygon","coordinates":[[[5291,6217],[5226,6030],[5187,5923],[5099,5968],[5062,5937],[4945,5987],[4901,6033],[4813,5979],[4785,6081],[4759,6057],[4731,6101],[4684,6059],[4637,6093],[4543,6039],[4543,5995],[4493,5982],[4696,6385],[4737,6462],[4790,6425],[4842,6439],[4895,6492],[4958,6523],[4988,6515],[4985,6568],[5044,6579],[5156,6336],[5172,6277],[5245,6270],[5249,6229],[5291,6217]]]}},{"type":"Feature","id":"US.VA.037","properties":{"hc-group":"admin2","hc-middle-x":0.44,"hc-middle-y":0.36,"hc-key":"us-va-037","hc-a2":"CH","fips":"51037","name":"Charlotte"},"geometry":{"type":"Polygon","coordinates":[[[5187,5923],[5226,6030],[5291,6217],[5350,6254],[5406,6240],[5475,6286],[5461,6215],[5522,6199],[5535,6159],[5601,6112],[5648,6128],[5689,6099],[5733,6023],[5781,6014],[5752,5882],[5717,5711],[5699,5681],[5516,5400],[5461,5471],[5493,5507],[5467,5604],[5487,5658],[5386,5758],[5414,5786],[5398,5889],[5328,5816],[5299,5861],[5202,5850],[5187,5923]]]}},{"type":"Feature","id":"US.VA.720","properties":{"hc-group":"admin2","hc-middle-x":0.56,"hc-middle-y":0.49,"hc-key":"us-va-720","hc-a2":"NO","fips":"51720","name":"Norton"},"geometry":{"type":"Polygon","coordinates":[[[336,5881],[375,5930],[413,5939],[430,5900],[389,5889],[392,5855],[336,5881]]]}},{"type":"Feature","id":"US.VA.800","properties":{"hc-group":"admin2","hc-middle-x":0.52,"hc-middle-y":0.64,"hc-key":"us-va-800","hc-a2":"SU","fips":"51800","name":"Suffolk"},"geometry":{"type":"Polygon","coordinates":[[[7785,5332],[7966,5499],[8247,5777],[8306,5800],[8322,5767],[8261,5705],[8296,5697],[8375,5752],[8416,5759],[8412,5721],[8395,5701],[8349,5618],[8314,5192],[7911,5184],[7764,5183],[7767,5289],[7785,5332],[7785,5332]]]}},{"type":"Feature","id":"US.VA.061","properties":{"hc-group":"admin2","hc-middle-x":0.54,"hc-middle-y":0.44,"hc-key":"us-va-061","hc-a2":"FA","fips":"51061","name":"Fauquier"},"geometry":{"type":"Polygon","coordinates":[[[6695,8836],[6932,8394],[6932,8394],[6932,8394],[6932,8394],[6932,8394],[6932,8394],[6932,8394],[6932,8394],[6932,8394],[6803,8246],[6803,8158],[6732,8185],[6675,8162],[6575,8349],[6545,8363],[6494,8437],[6516,8494],[6456,8615],[6420,8615],[6345,8637],[6320,8664],[6296,8781],[6212,8830],[6173,8885],[6260,8928],[6243,8964],[6331,9070],[6348,9097],[6383,9126],[6551,9077],[6769,9014],[6723,8925],[6695,8836]]]}},{"type":"Feature","id":"US.VA.520","properties":{"hc-group":"admin2","hc-middle-x":0.26,"hc-middle-y":0.81,"hc-key":"us-va-520","hc-a2":"BR","fips":"51520","name":"Bristol"},"geometry":{"type":"MultiPolygon","coordinates":[[[[940,5381],[1025,5397],[1025,5397],[1036,5381],[981,5328],[893,5333],[855,5335],[940,5381]]],[[[1013,5407],[1008,5415],[1011,5416],[1015,5411],[1015,5409],[1014,5408],[1013,5407],[1013,5407]]]]}},{"type":"Feature","id":"US.VA.515","properties":{"hc-group":"admin2","hc-middle-x":0.49,"hc-middle-y":0.36,"hc-key":"us-va-515","hc-a2":"BE","fips":"51515","name":"Bedford"},"geometry":{"type":"Polygon","coordinates":[[[4348,6439],[4379,6465],[4441,6449],[4420,6402],[4348,6439]]]}},{"type":"Feature","id":"US.VA.035","properties":{"hc-group":"admin2","hc-middle-x":0.54,"hc-middle-y":0.54,"hc-key":"us-va-035","hc-a2":"CA","fips":"51035","name":"Carroll"},"geometry":{"type":"Polygon","coordinates":[[[2968,5206],[2815,5217],[2675,5216],[2629,5291],[2580,5365],[2630,5431],[2578,5435],[2558,5400],[2474,5533],[2421,5620],[2668,5682],[2720,5688],[2814,5727],[2890,5751],[2954,5808],[3121,5520],[3165,5445],[3162,5388],[3084,5343],[3016,5373],[2957,5304],[2968,5206]]]}},{"type":"Feature","id":"US.VA.580","properties":{"hc-group":"admin2","hc-middle-x":0.38,"hc-middle-y":0.52,"hc-key":"us-va-580","hc-a2":"CO","fips":"51580","name":"Covington"},"geometry":{"type":"Polygon","coordinates":[[[3782,7128],[3816,7191],[3837,7118],[3803,7104],[3782,7128]]]}},{"type":"Feature","id":"US.VA.005","properties":{"hc-group":"admin2","hc-middle-x":0.26,"hc-middle-y":0.59,"hc-key":"us-va-005","hc-a2":"AL","fips":"51005","name":"Alleghany"},"geometry":{"type":"Polygon","coordinates":[[[3765,6943],[3749,6964],[3605,6864],[3575,6895],[3508,6916],[3449,6947],[3414,7021],[3463,7066],[3477,7142],[3617,7323],[3728,7433],[3791,7443],[3881,7435],[3941,7335],[4042,7314],[4116,7320],[4188,7254],[4242,7296],[4282,7279],[4275,7233],[4210,7122],[4029,7186],[3933,7086],[3898,7028],[3765,6943]],[[3782,7128],[3803,7104],[3837,7118],[3816,7191],[3782,7128]]]}},{"type":"Feature","id":"US.VA.045","properties":{"hc-group":"admin2","hc-middle-x":0.53,"hc-middle-y":0.47,"hc-key":"us-va-045","hc-a2":"CR","fips":"51045","name":"Craig"},"geometry":{"type":"Polygon","coordinates":[[[3508,6916],[3575,6895],[3605,6864],[3749,6964],[3765,6943],[3755,6906],[3828,6776],[3775,6723],[3725,6615],[3690,6582],[3690,6582],[3595,6520],[3527,6515],[3447,6455],[3363,6499],[3333,6472],[3226,6418],[3220,6452],[3175,6593],[3403,6726],[3426,6766],[3365,6772],[3368,6817],[3458,6865],[3508,6916]]]}},{"type":"Feature","id":"US.VA.083","properties":{"hc-group":"admin2","hc-middle-x":0.51,"hc-middle-y":0.51,"hc-key":"us-va-083","hc-a2":"HA","fips":"51083","name":"Halifax"},"geometry":{"type":"Polygon","coordinates":[[[4945,5987],[5062,5937],[5099,5968],[5187,5923],[5202,5850],[5299,5861],[5328,5816],[5398,5889],[5414,5786],[5386,5758],[5487,5658],[5467,5604],[5493,5507],[5461,5471],[5516,5400],[5478,5385],[5432,5300],[5429,5212],[5405,5150],[5098,5151],[4776,5152],[4850,5520],[4945,5987]]]}},{"type":"Feature","id":"US.VA.015","properties":{"hc-group":"admin2","hc-middle-x":0.44,"hc-middle-y":0.48,"hc-key":"us-va-015","hc-a2":"AU","fips":"51015","name":"Augusta"},"geometry":{"type":"Polygon","coordinates":[[[5392,7826],[5343,7698],[5354,7628],[5277,7571],[5233,7541],[5196,7417],[5145,7399],[5065,7305],[5015,7320],[4974,7360],[4871,7321],[4837,7359],[4643,7499],[4460,7639],[4446,7654],[4519,7762],[4463,7774],[4405,7745],[4424,7791],[4464,7848],[4518,7847],[4568,7918],[4557,7946],[4664,8112],[4681,8160],[4739,8204],[4793,8266],[5186,7983],[5209,7988],[5392,7826]],[[5196,7656],[5138,7605],[5172,7546],[5235,7558],[5248,7639],[5196,7656]],[[4929,7742],[4975,7700],[5039,7712],[5059,7787],[5017,7801],[4950,7793],[4929,7742]]]}},{"type":"Feature","id":"US.VA.003","properties":{"hc-group":"admin2","hc-middle-x":0.35,"hc-middle-y":0.51,"hc-key":"us-va-003","hc-a2":"AL","fips":"51003","name":"Albemarle"},"geometry":{"type":"Polygon","coordinates":[[[5277,7571],[5354,7628],[5343,7698],[5392,7826],[5423,7868],[5509,7913],[5502,7941],[5601,7897],[5874,7791],[6026,7728],[6079,7708],[6021,7597],[5954,7504],[5809,7293],[5719,7167],[5694,7104],[5650,7114],[5565,7102],[5524,7065],[5524,7065],[5471,7076],[5464,7167],[5277,7571]],[[5678,7530],[5747,7512],[5773,7588],[5727,7605],[5678,7530]]]}},{"type":"Feature","id":"US.VA.540","properties":{"hc-group":"admin2","hc-middle-x":0.50,"hc-middle-y":0.49,"hc-key":"us-va-540","hc-a2":"CH","fips":"51540","name":"Charlottesville"},"geometry":{"type":"Polygon","coordinates":[[[5678,7530],[5727,7605],[5773,7588],[5747,7512],[5678,7530]]]}},{"type":"Feature","id":"US.VA.033","properties":{"hc-group":"admin2","hc-middle-x":0.56,"hc-middle-y":0.50,"hc-key":"us-va-033","hc-a2":"CA","fips":"51033","name":"Caroline"},"geometry":{"type":"Polygon","coordinates":[[[7388,7332],[7311,7359],[7304,7306],[7182,7164],[7107,7148],[7118,7184],[7076,7222],[7079,7279],[7052,7332],[7003,7314],[6945,7373],[6923,7365],[6884,7432],[6867,7418],[6800,7484],[6820,7505],[7141,7899],[7141,7899],[7171,7908],[7196,7897],[7325,7894],[7291,7874],[7290,7809],[7339,7822],[7373,7786],[7444,7771],[7452,7757],[7456,7755],[7459,7751],[7465,7748],[7479,7710],[7430,7701],[7430,7658],[7398,7634],[7461,7561],[7450,7535],[7503,7529],[7528,7451],[7428,7461],[7386,7425],[7388,7332]]]}},{"type":"Feature","id":"US.VA.101","properties":{"hc-group":"admin2","hc-middle-x":0.29,"hc-middle-y":0.36,"hc-key":"us-va-101","hc-a2":"KW","fips":"51101","name":"King William"},"geometry":{"type":"Polygon","coordinates":[[[7182,7164],[7304,7306],[7311,7359],[7388,7332],[7445,7293],[7491,7163],[7528,7143],[7581,7060],[7660,7037],[7680,7009],[7732,7018],[7744,6956],[7778,6961],[7850,6866],[7891,6849],[7913,6798],[7899,6764],[7891,6751],[7890,6743],[7861,6791],[7820,6751],[7785,6759],[7815,6826],[7779,6832],[7701,6802],[7674,6840],[7652,6814],[7512,6894],[7468,6907],[7484,6966],[7391,6955],[7377,7008],[7323,6999],[7313,7042],[7251,7045],[7235,7110],[7182,7164]]]}},{"type":"Feature","id":"US.VA.740","properties":{"hc-group":"admin2","hc-middle-x":0.14,"hc-middle-y":0.03,"hc-key":"us-va-740","hc-a2":"PO","fips":"51740","name":"Portsmouth"},"geometry":{"type":"Polygon","coordinates":[[[8505,5714],[8519,5695],[8548,5681],[8559,5666],[8565,5634],[8562,5594],[8456,5574],[8419,5618],[8444,5656],[8395,5701],[8412,5721],[8416,5759],[8480,5748],[8507,5732],[8503,5718],[8505,5714]]]}},{"type":"Feature","id":"US.VA.195","properties":{"hc-group":"admin2","hc-middle-x":0.34,"hc-middle-y":0.53,"hc-key":"us-va-195","hc-a2":"WI","fips":"51195","name":"Wise"},"geometry":{"type":"Polygon","coordinates":[[[187,5693],[107,5774],[55,5849],[85,5905],[74,5979],[128,6027],[187,6027],[268,6083],[268,6196],[496,6327],[500,6202],[595,6032],[722,5943],[771,5942],[804,5835],[712,5820],[663,5794],[663,5794],[667,5809],[369,5811],[292,5721],[219,5744],[187,5693]],[[336,5881],[392,5855],[389,5889],[430,5900],[413,5939],[375,5930],[336,5881]]]}},{"type":"Feature","id":"US.VA.105","properties":{"hc-group":"admin2","hc-middle-x":0.71,"hc-middle-y":0.56,"hc-key":"us-va-105","hc-a2":"LE","fips":"51105","name":"Lee"},"geometry":{"type":"Polygon","coordinates":[[[55,5849],[107,5774],[187,5693],[108,5612],[115,5589],[-51,5504],[-106,5375],[-463,5393],[-482,5401],[-930,5425],[-999,5433],[-962,5466],[-869,5491],[-808,5525],[-661,5524],[-566,5570],[-365,5622],[-288,5623],[-282,5691],[-235,5735],[-198,5799],[-64,5798],[55,5849]]]}},{"type":"Feature","id":"US.VA.077","properties":{"hc-group":"admin2","hc-middle-x":0.55,"hc-middle-y":0.55,"hc-key":"us-va-077","hc-a2":"GR","fips":"51077","name":"Grayson"},"geometry":{"type":"Polygon","coordinates":[[[2580,5365],[2629,5291],[2675,5216],[2087,5257],[2008,5259],[1792,5276],[1588,5295],[1629,5332],[1676,5338],[1684,5373],[1761,5400],[1767,5471],[1919,5496],[1975,5527],[2136,5559],[2233,5548],[2275,5564],[2360,5559],[2363,5591],[2421,5620],[2474,5533],[2558,5400],[2537,5363],[2580,5365]]]}},{"type":"Feature","id":"US.VA.193","properties":{"hc-group":"admin2","hc-middle-x":0.69,"hc-middle-y":0.64,"hc-key":"us-va-193","hc-a2":"WE","fips":"51193","name":"Westmoreland"},"geometry":{"type":"MultiPolygon","coordinates":[[[[7626,7663],[7664,7654],[7679,7639],[7635,7650],[7626,7663]]],[[[7602,7669],[7574,7676],[7573,7678],[7573,7678],[7602,7669]]],[[[7551,7685],[7547,7733],[7573,7678],[7572,7678],[7572,7678],[7551,7685]]],[[[7573,7678],[7573,7678],[7573,7678],[7573,7678],[7573,7678],[7573,7678],[7573,7678]]],[[[7610,7955],[7658,7923],[7660,7861],[7718,7832],[7766,7791],[7816,7776],[7876,7785],[7921,7773],[7944,7735],[8016,7772],[8060,7751],[8099,7759],[8118,7725],[8112,7700],[8205,7639],[8221,7603],[8211,7575],[8160,7563],[8105,7521],[8083,7464],[8054,7489],[7916,7518],[7922,7566],[7851,7608],[7769,7712],[7703,7652],[7661,7688],[7592,7697],[7530,7776],[7550,7802],[7553,7927],[7610,7955]]]]}},{"type":"Feature","id":"US.VA.057","properties":{"hc-group":"admin2","hc-middle-x":0.40,"hc-middle-y":0.45,"hc-key":"us-va-057","hc-a2":"ES","fips":"51057","name":"Essex"},"geometry":{"type":"Polygon","coordinates":[[[7602,7669],[7626,7663],[7635,7650],[7679,7639],[7715,7596],[7715,7480],[7770,7463],[7789,7419],[7890,7326],[7918,7261],[7984,7175],[8036,7177],[8037,7176],[8038,7171],[8036,7154],[7976,7124],[7941,7079],[7871,7184],[7823,7188],[7785,7163],[7743,7183],[7695,7162],[7691,7234],[7597,7260],[7565,7303],[7590,7315],[7576,7388],[7525,7421],[7528,7451],[7503,7529],[7450,7535],[7461,7561],[7398,7634],[7430,7658],[7430,7701],[7479,7710],[7465,7748],[7467,7748],[7468,7749],[7474,7747],[7509,7742],[7517,7735],[7528,7747],[7542,7749],[7547,7733],[7551,7685],[7573,7678],[7573,7678],[7573,7678],[7602,7669]]]}},{"type":"Feature","id":"US.VA.113","properties":{"hc-group":"admin2","hc-middle-x":0.51,"hc-middle-y":0.59,"hc-key":"us-va-113","hc-a2":"MA","fips":"51113","name":"Madison"},"geometry":{"type":"Polygon","coordinates":[[[5912,8502],[6003,8400],[6047,8350],[6219,8145],[6191,8085],[6222,7995],[6199,7958],[6111,7925],[6116,7903],[6063,7865],[6025,7870],[5978,7931],[5921,7931],[5878,8004],[5857,8006],[5797,8084],[5789,8225],[5768,8258],[5789,8333],[5858,8396],[5852,8430],[5912,8502]]]}},{"type":"Feature","id":"US.VA.157","properties":{"hc-group":"admin2","hc-middle-x":0.44,"hc-middle-y":0.51,"hc-key":"us-va-157","hc-a2":"RA","fips":"51157","name":"Rappahannock"},"geometry":{"type":"Polygon","coordinates":[[[6047,8350],[6003,8400],[5912,8502],[5941,8541],[5920,8624],[5937,8680],[5979,8715],[6019,8711],[6091,8749],[6145,8868],[6173,8885],[6212,8830],[6296,8781],[6320,8664],[6345,8637],[6420,8615],[6225,8454],[6127,8337],[6047,8350]]]}},{"type":"Feature","id":"US.VA.735","properties":{"hc-group":"admin2","hc-middle-x":0.61,"hc-middle-y":0.29,"hc-key":"us-va-735","hc-a2":"PO","fips":"51735","name":"Poquoson"},"geometry":{"type":"Polygon","coordinates":[[[8444,6202],[8479,6201],[8551,6129],[8500,6079],[8454,6100],[8418,6089],[8418,6089],[8394,6167],[8444,6202]]]}},{"type":"Feature","id":"US.VA.199","properties":{"hc-group":"admin2","hc-middle-x":0.77,"hc-middle-y":0.59,"hc-key":"us-va-199","hc-a2":"YO","fips":"51199","name":"York"},"geometry":{"type":"Polygon","coordinates":[[[8418,6089],[8401,6064],[8367,6068],[8337,6077],[8196,6267],[8162,6257],[8162,6257],[8162,6257],[8149,6294],[8085,6294],[8048,6336],[8039,6381],[7998,6362],[7985,6398],[7949,6455],[7965,6503],[8065,6514],[8141,6387],[8321,6259],[8404,6293],[8442,6272],[8444,6202],[8394,6167],[8418,6089],[8418,6089]]]}},{"type":"Feature","id":"US.VA.640","properties":{"hc-group":"admin2","hc-middle-x":0.46,"hc-middle-y":0.49,"hc-key":"us-va-640","hc-a2":"GA","fips":"51640","name":"Galax"},"geometry":{"type":"Polygon","coordinates":[[[2580,5365],[2537,5363],[2558,5400],[2578,5435],[2630,5431],[2580,5365]]]}},{"type":"Feature","id":"US.VA.685","properties":{"hc-group":"admin2","hc-middle-x":0.51,"hc-middle-y":0.71,"hc-key":"us-va-685","hc-a2":"MP","fips":"51685","name":"Manassas Park"},"geometry":{"type":"MultiPolygon","coordinates":[[[[6997,8757],[6999,8757],[7000,8756],[7000,8756],[7000,8756],[6997,8757]]],[[[7065,8738],[7018,8743],[7001,8756],[7001,8756],[7065,8738]]],[[[7000,8756],[7000,8756],[7000,8756],[7000,8756],[7000,8756]]],[[[7000,8756],[7000,8756],[7000,8756],[7000,8756],[7000,8756],[7000,8756]]]]}},{"type":"Feature","id":"US.VA.683","properties":{"hc-group":"admin2","hc-middle-x":0.62,"hc-middle-y":0.66,"hc-key":"us-va-683","hc-a2":"MA","fips":"51683","name":"Manassas"},"geometry":{"type":"MultiPolygon","coordinates":[[[[6997,8757],[6999,8757],[7000,8756],[7000,8756],[7000,8756],[7000,8756],[7000,8756],[7000,8756],[7000,8756],[7000,8756],[7001,8756],[7001,8756],[7018,8743],[7028,8688],[6976,8667],[6934,8678],[6997,8757]],[[6990,8711],[6996,8708],[6998,8710],[6991,8716],[6990,8711]]],[[[7000,8756],[7000,8756],[7000,8756],[7000,8756],[7000,8756],[7000,8756],[7000,8756]]],[[[7000,8756],[7000,8756],[7000,8756],[7000,8756],[7000,8756]]]]}},{"type":"Feature","id":"US.VA.053","properties":{"hc-group":"admin2","hc-middle-x":0.52,"hc-middle-y":0.50,"hc-key":"us-va-053","hc-a2":"DI","fips":"51053","name":"Dinwiddie"},"geometry":{"type":"Polygon","coordinates":[[[6846,5695],[6820,5688],[6796,5721],[6724,5752],[6660,5844],[6557,5882],[6495,5871],[6480,6120],[6614,6199],[6676,6200],[6800,6317],[6849,6327],[6916,6255],[6965,6242],[7062,6252],[7064,6196],[7094,6159],[7125,6169],[7133,5949],[7129,5883],[7049,5829],[6846,5695]]]}},{"type":"Feature","id":"US.VA.081","properties":{"hc-group":"admin2","hc-middle-x":0.43,"hc-middle-y":0.76,"hc-key":"us-va-081","hc-a2":"GR","fips":"51081","name":"Greensville"},"geometry":{"type":"Polygon","coordinates":[[[6796,5721],[6820,5688],[6846,5695],[6902,5653],[6987,5644],[7054,5673],[7016,5444],[7094,5424],[7001,5363],[7055,5335],[7114,5338],[7163,5305],[7190,5253],[7194,5178],[7270,5164],[7006,5162],[6659,5159],[6801,5430],[6796,5721]],[[6920,5415],[6930,5369],[6992,5383],[6991,5437],[6920,5415]]]}},{"type":"Feature","id":"US.VA.087","properties":{"hc-group":"admin2","hc-middle-x":0.74,"hc-middle-y":0.61,"hc-key":"us-va-087","hc-a2":"HE","fips":"51087","name":"Henrico"},"geometry":{"type":"Polygon","coordinates":[[[6791,6796],[6838,6820],[6793,6883],[6789,6917],[6819,7028],[6844,7034],[6921,6989],[6972,7020],[7055,6993],[7104,6883],[7236,6798],[7336,6760],[7364,6724],[7403,6687],[7346,6552],[7312,6511],[7278,6463],[7242,6472],[7249,6524],[7169,6500],[7092,6613],[7096,6726],[7125,6707],[7135,6755],[7101,6782],[7099,6827],[7067,6856],[7017,6856],[6988,6818],[6946,6845],[6949,6792],[6865,6785],[6797,6791],[6791,6796]]]}},{"type":"Feature","id":"US.VA.071","properties":{"hc-group":"admin2","hc-middle-x":0.57,"hc-middle-y":0.51,"hc-key":"us-va-071","hc-a2":"GI","fips":"51071","name":"Giles"},"geometry":{"type":"Polygon","coordinates":[[[3226,6418],[3166,6372],[3000,6311],[2835,6239],[2748,6212],[2678,6162],[2478,6373],[2523,6400],[2629,6435],[2693,6482],[2651,6543],[2683,6615],[2779,6557],[2796,6521],[2880,6554],[3079,6677],[3131,6689],[3175,6593],[3220,6452],[3226,6418]]]}},{"type":"Feature","id":"US.VA.121","properties":{"hc-group":"admin2","hc-middle-x":0.55,"hc-middle-y":0.50,"hc-key":"us-va-121","hc-a2":"MO","fips":"51121","name":"Montgomery"},"geometry":{"type":"Polygon","coordinates":[[[3000,6311],[3166,6372],[3226,6418],[3333,6472],[3363,6499],[3447,6455],[3450,6403],[3534,6280],[3548,6088],[3411,6035],[3327,5945],[3243,5947],[3236,5914],[3192,5947],[3148,5894],[3107,5918],[3072,5891],[3055,5977],[3075,5994],[3029,6060],[3091,6097],[3096,6130],[3052,6196],[3108,6247],[3021,6212],[2991,6259],[3000,6311]],[[3109,6127],[3110,6126],[3110,6128],[3109,6128],[3109,6127]]]}},{"type":"Feature","id":"US.VA.179","properties":{"hc-group":"admin2","hc-middle-x":0.42,"hc-middle-y":0.43,"hc-key":"us-va-179","hc-a2":"ST","fips":"51179","name":"Stafford"},"geometry":{"type":"Polygon","coordinates":[[[7171,7908],[7141,7899],[7141,7899],[7077,7917],[7043,7959],[7017,8013],[6970,8025],[6937,7997],[6937,7997],[6867,8057],[6824,8090],[6820,8124],[6803,8158],[6803,8246],[6932,8394],[6932,8394],[6932,8394],[6932,8394],[6932,8394],[6981,8451],[7035,8435],[7135,8338],[7220,8316],[7192,8228],[7206,8167],[7160,8199],[7163,8161],[7222,8107],[7239,8073],[7201,8053],[7171,7923],[7196,7897],[7171,7908]]]}},{"type":"Feature","id":"US.VA.630","properties":{"hc-group":"admin2","hc-middle-x":0.33,"hc-middle-y":0.10,"hc-key":"us-va-630","hc-a2":"FR","fips":"51630","name":"Fredericksburg"},"geometry":{"type":"Polygon","coordinates":[[[6970,8025],[7017,8013],[7043,7959],[7029,7937],[6961,7951],[6937,7997],[6937,7997],[6970,8025]]]}},{"type":"Feature","id":"US.VA.047","properties":{"hc-group":"admin2","hc-middle-x":0.39,"hc-middle-y":0.54,"hc-key":"us-va-047","hc-a2":"CU","fips":"51047","name":"Culpeper"},"geometry":{"type":"Polygon","coordinates":[[[6803,8158],[6820,8124],[6824,8090],[6789,8107],[6717,8078],[6632,8129],[6610,8102],[6488,8105],[6376,8073],[6303,8022],[6299,8001],[6222,7995],[6191,8085],[6219,8145],[6047,8350],[6127,8337],[6225,8454],[6420,8615],[6456,8615],[6516,8494],[6494,8437],[6545,8363],[6575,8349],[6675,8162],[6732,8185],[6803,8158]]]}},{"type":"Feature","id":"US.VA.550","properties":{"hc-group":"admin2","hc-middle-x":0.50,"hc-middle-y":0.53,"hc-key":"us-va-550","hc-a2":"CH","fips":"51550","name":"Chesapeake"},"geometry":{"type":"Polygon","coordinates":[[[8565,5634],[8607,5633],[8647,5665],[8679,5553],[8757,5535],[8857,5433],[8789,5388],[8793,5203],[8546,5197],[8314,5192],[8349,5618],[8395,5701],[8444,5656],[8419,5618],[8456,5574],[8562,5594],[8565,5634]]]}},{"type":"Feature","id":"US.VA.710","properties":{"hc-group":"admin2","hc-middle-x":0.57,"hc-middle-y":0.48,"hc-key":"us-va-710","hc-a2":"NO","fips":"51710","name":"Norfolk"},"geometry":{"type":"MultiPolygon","coordinates":[[[[8647,5665],[8607,5633],[8565,5634],[8559,5666],[8548,5681],[8527,5732],[8548,5778],[8508,5838],[8587,5859],[8701,5815],[8701,5814],[8704,5814],[8707,5813],[8681,5741],[8710,5694],[8685,5647],[8647,5665]]],[[[8507,5732],[8508,5732],[8505,5714],[8503,5718],[8507,5732]]]]}},{"type":"Feature","id":"US.VA.155","properties":{"hc-group":"admin2","hc-middle-x":0.54,"hc-middle-y":0.53,"hc-key":"us-va-155","hc-a2":"PU","fips":"51155","name":"Pulaski"},"geometry":{"type":"Polygon","coordinates":[[[3029,6060],[3075,5994],[3055,5977],[3072,5891],[3001,5825],[2954,5808],[2890,5751],[2814,5727],[2752,5817],[2623,5970],[2600,6045],[2579,6112],[2678,6162],[2748,6212],[2835,6239],[3000,6311],[2991,6259],[3021,6212],[3108,6247],[3052,6196],[3096,6130],[3071,6151],[3009,6108],[3029,6060]]]}},{"type":"Feature","id":"US.VA.063","properties":{"hc-group":"admin2","hc-middle-x":0.46,"hc-middle-y":0.51,"hc-key":"us-va-063","hc-a2":"FL","fips":"51063","name":"Floyd"},"geometry":{"type":"Polygon","coordinates":[[[2954,5808],[3001,5825],[3072,5891],[3107,5918],[3148,5894],[3192,5947],[3236,5914],[3243,5947],[3327,5945],[3411,6035],[3548,6088],[3555,6079],[3612,6102],[3637,6029],[3617,5891],[3588,5873],[3586,5824],[3551,5831],[3515,5748],[3466,5701],[3328,5642],[3324,5610],[3268,5586],[3257,5501],[3193,5507],[3165,5445],[3121,5520],[2954,5808]]]}},{"type":"Feature","id":"US.VA.021","properties":{"hc-group":"admin2","hc-middle-x":0.61,"hc-middle-y":0.42,"hc-key":"us-va-021","hc-a2":"BL","fips":"51021","name":"Bland"},"geometry":{"type":"Polygon","coordinates":[[[2678,6162],[2579,6112],[2600,6045],[2444,6006],[2338,5970],[2317,5996],[2272,5975],[2197,6015],[2116,5971],[2031,5888],[1993,5868],[1934,5946],[1921,5963],[1890,6005],[1973,6038],[2025,6037],[2141,6089],[2142,6146],[2068,6166],[2088,6198],[2153,6218],[2128,6287],[2206,6316],[2281,6358],[2363,6385],[2514,6414],[2523,6400],[2478,6373],[2678,6162]]]}},{"type":"Feature","id":"US.VA.115","properties":{"hc-group":"admin2","hc-middle-x":0.50,"hc-middle-y":0.37,"hc-key":"us-va-115","hc-a2":"MA","fips":"51115","name":"Mathews"},"geometry":{"type":"MultiPolygon","coordinates":[[[[8381,6581],[8344,6588],[8332,6694],[8349,6743],[8374,6737],[8413,6769],[8525,6714],[8564,6752],[8556,6677],[8599,6644],[8597,6506],[8558,6437],[8503,6540],[8446,6536],[8381,6628],[8381,6581]]],[[[8396,6557],[8400,6545],[8398,6546],[8398,6548],[8396,6557]]]]}},{"type":"Feature","id":"US.VA.073","properties":{"hc-group":"admin2","hc-middle-x":0.48,"hc-middle-y":0.42,"hc-key":"us-va-073","hc-a2":"GL","fips":"51073","name":"Gloucester"},"geometry":{"type":"MultiPolygon","coordinates":[[[[8349,6743],[8332,6694],[8344,6588],[8381,6581],[8390,6572],[8396,6557],[8398,6548],[8398,6546],[8348,6544],[8348,6514],[8402,6463],[8360,6435],[8412,6437],[8434,6355],[8284,6315],[8266,6347],[8171,6443],[8091,6568],[8014,6633],[8057,6642],[8082,6683],[8053,6761],[8069,6879],[8069,6879],[8069,6879],[8069,6879],[8144,6857],[8174,6817],[8213,6820],[8270,6777],[8349,6743]]],[[[8069,6879],[8069,6880],[8069,6880],[8069,6880],[8069,6880],[8069,6880],[8069,6879]]]]}},{"type":"Feature","id":"US.VA.097","properties":{"hc-group":"admin2","hc-middle-x":0.63,"hc-middle-y":0.52,"hc-key":"us-va-097","hc-a2":"KA","fips":"51097","name":"King and Queen"},"geometry":{"type":"MultiPolygon","coordinates":[[[[8014,6633],[7976,6703],[7899,6764],[7913,6798],[7891,6849],[7850,6866],[7778,6961],[7744,6956],[7732,7018],[7680,7009],[7660,7037],[7581,7060],[7528,7143],[7491,7163],[7445,7293],[7388,7332],[7386,7425],[7428,7461],[7528,7451],[7525,7421],[7576,7388],[7590,7315],[7565,7303],[7597,7260],[7691,7234],[7695,7162],[7743,7183],[7785,7163],[7823,7188],[7871,7184],[7941,7079],[7986,6966],[8033,6901],[8069,6880],[8069,6879],[8069,6879],[8069,6879],[8053,6761],[8082,6683],[8057,6642],[8014,6633]]],[[[8069,6879],[8069,6879],[8069,6879],[8069,6879],[8069,6879]]],[[[8069,6879],[8069,6880],[8069,6880],[8069,6880],[8069,6880],[8069,6880],[8069,6879]]]]}},{"type":"Feature","id":"US.VA.119","properties":{"hc-group":"admin2","hc-middle-x":0.21,"hc-middle-y":0.35,"hc-key":"us-va-119","hc-a2":"MI","fips":"51119","name":"Middlesex"},"geometry":{"type":"Polygon","coordinates":[[[8069,6880],[8033,6901],[7986,6966],[7941,7079],[7976,7124],[8036,7154],[8046,7124],[8117,7100],[8161,7034],[8174,6962],[8238,6902],[8357,6919],[8389,6872],[8544,6836],[8499,6808],[8406,6789],[8413,6769],[8374,6737],[8349,6743],[8270,6777],[8213,6820],[8174,6817],[8144,6857],[8069,6879],[8069,6879],[8069,6879],[8069,6879],[8069,6880],[8069,6880],[8069,6880]],[[8069,6879],[8069,6879],[8069,6880],[8069,6880],[8069,6879]]]}},{"type":"Feature","id":"US.VA.041","properties":{"hc-group":"admin2","hc-middle-x":0.48,"hc-middle-y":0.53,"hc-key":"us-va-041","hc-a2":"CH","fips":"51041","name":"Chesterfield"},"geometry":{"type":"MultiPolygon","coordinates":[[[[6791,6796],[6797,6791],[6865,6785],[6865,6751],[6918,6765],[6952,6748],[6972,6658],[7004,6627],[7042,6640],[7092,6613],[7169,6500],[7249,6524],[7242,6472],[7278,6463],[7312,6511],[7320,6491],[7290,6438],[7277,6426],[7281,6412],[7272,6408],[7270,6400],[7266,6406],[7254,6396],[7253,6396],[7253,6396],[7220,6392],[7205,6398],[7182,6394],[7169,6349],[7169,6349],[7169,6349],[7169,6349],[7169,6349],[7081,6338],[7101,6269],[7079,6255],[7062,6252],[6965,6242],[6916,6255],[6849,6327],[6800,6317],[6776,6362],[6734,6367],[6661,6322],[6599,6379],[6610,6426],[6559,6433],[6507,6478],[6509,6558],[6535,6561],[6594,6574],[6608,6627],[6791,6796]]],[[[7145,6285],[7167,6342],[7167,6342],[7169,6348],[7169,6348],[7169,6348],[7169,6348],[7169,6348],[7169,6348],[7170,6349],[7167,6342],[7167,6342],[7167,6342],[7167,6342],[7152,6289],[7143,6279],[7118,6276],[7145,6285]]],[[[7169,6349],[7169,6349],[7169,6349],[7169,6349],[7169,6349],[7169,6349],[7169,6348],[7169,6349],[7169,6349],[7169,6349],[7169,6349]]]]}},{"type":"Feature","id":"US.VA.570","properties":{"hc-group":"admin2","hc-middle-x":0.55,"hc-middle-y":0.51,"hc-key":"us-va-570","hc-a2":"CH","fips":"51570","name":"Colonial Heights"},"geometry":{"type":"Polygon","coordinates":[[[7145,6285],[7118,6276],[7110,6270],[7101,6269],[7081,6338],[7169,6349],[7169,6348],[7169,6348],[7169,6348],[7169,6348],[7169,6348],[7169,6348],[7169,6348],[7170,6349],[7167,6342],[7167,6342],[7167,6342],[7167,6342],[7167,6342],[7145,6285]]]}},{"type":"Feature","id":"US.VA.149","properties":{"hc-group":"admin2","hc-middle-x":0.39,"hc-middle-y":0.40,"hc-key":"us-va-149","hc-a2":"PG","fips":"51149","name":"Prince George"},"geometry":{"type":"MultiPolygon","coordinates":[[[[7170,6349],[7169,6349],[7182,6394],[7205,6398],[7237,6316],[7310,6372],[7284,6404],[7411,6362],[7521,6364],[7532,6349],[7533,6341],[7543,6335],[7613,6376],[7645,6357],[7647,6349],[7652,6339],[7660,6303],[7664,6297],[7620,6275],[7607,6224],[7544,6196],[7440,6079],[7319,6003],[7129,5883],[7133,5949],[7125,6169],[7193,6176],[7212,6211],[7152,6289],[7167,6342],[7167,6342],[7167,6342],[7169,6348],[7169,6348],[7169,6348],[7169,6348],[7170,6349]],[[7167,6342],[7167,6342],[7167,6342],[7167,6342],[7167,6342]]],[[[7270,6400],[7272,6408],[7281,6412],[7282,6406],[7277,6406],[7270,6400]]],[[[7253,6396],[7253,6396],[7254,6396],[7254,6393],[7253,6396]]],[[[7169,6348],[7169,6349],[7169,6349],[7169,6349],[7169,6349],[7169,6348],[7169,6348]]],[[[7169,6348],[7169,6348],[7169,6348],[7169,6349],[7169,6349],[7169,6348],[7169,6348],[7169,6348],[7169,6348]]]]}},{"type":"Feature","id":"US.VA.670","properties":{"hc-group":"admin2","hc-middle-x":0.75,"hc-middle-y":0.02,"hc-key":"us-va-670","hc-a2":"HO","fips":"51670","name":"Hopewell"},"geometry":{"type":"Polygon","coordinates":[[[7254,6396],[7266,6406],[7270,6400],[7277,6406],[7282,6406],[7282,6405],[7284,6404],[7310,6372],[7237,6316],[7205,6398],[7220,6392],[7253,6396],[7254,6393],[7254,6396]]]}},{"type":"Feature","id":"US.VA.730","properties":{"hc-group":"admin2","hc-middle-x":0.47,"hc-middle-y":0.56,"hc-key":"us-va-730","hc-a2":"PE","fips":"51730","name":"Petersburg"},"geometry":{"type":"Polygon","coordinates":[[[7118,6276],[7143,6279],[7152,6289],[7212,6211],[7193,6176],[7125,6169],[7094,6159],[7064,6196],[7062,6252],[7079,6255],[7101,6269],[7110,6270],[7118,6276]]]}},{"type":"Feature","id":"US.VA.775","properties":{"hc-group":"admin2","hc-middle-x":0.44,"hc-middle-y":0.30,"hc-key":"us-va-775","hc-a2":"SA","fips":"51775","name":"Salem"},"geometry":{"type":"Polygon","coordinates":[[[3753,6398],[3757,6327],[3738,6325],[3685,6318],[3668,6358],[3627,6366],[3739,6424],[3753,6398]]]}},{"type":"Feature","id":"US.VA.770","properties":{"hc-group":"admin2","hc-middle-x":0.46,"hc-middle-y":0.46,"hc-key":"us-va-770","hc-a2":"RO","fips":"51770","name":"Roanoke"},"geometry":{"type":"Polygon","coordinates":[[[3738,6325],[3757,6327],[3753,6398],[3825,6444],[3835,6416],[3904,6417],[3938,6369],[3897,6347],[3909,6313],[3833,6243],[3783,6307],[3743,6294],[3738,6325]]]}},{"type":"Feature","id":"US.VA.065","properties":{"hc-group":"admin2","hc-middle-x":0.50,"hc-middle-y":0.53,"hc-key":"us-va-065","hc-a2":"FL","fips":"51065","name":"Fluvanna"},"geometry":{"type":"Polygon","coordinates":[[[6143,7090],[6076,7050],[6041,6997],[5829,7068],[5754,7108],[5719,7167],[5809,7293],[5954,7504],[6052,7460],[6265,7342],[6153,7125],[6143,7090]]]}},{"type":"Feature","id":"US.VA.049","properties":{"hc-group":"admin2","hc-middle-x":0.60,"hc-middle-y":0.55,"hc-key":"us-va-049","hc-a2":"CU","fips":"51049","name":"Cumberland"},"geometry":{"type":"Polygon","coordinates":[[[6041,6997],[6076,7050],[6143,7090],[6230,7024],[6206,6979],[6255,6944],[6236,6897],[6180,6618],[6130,6598],[6048,6478],[5993,6444],[5937,6383],[5910,6399],[5843,6377],[5820,6407],[5753,6432],[6029,6908],[6041,6997]]]}},{"type":"Feature","id":"US.VA.007","properties":{"hc-group":"admin2","hc-middle-x":0.43,"hc-middle-y":0.51,"hc-key":"us-va-007","hc-a2":"AM","fips":"51007","name":"Amelia"},"geometry":{"type":"Polygon","coordinates":[[[6054,6363],[6051,6414],[6048,6478],[6130,6598],[6180,6618],[6264,6614],[6284,6646],[6327,6646],[6330,6679],[6477,6653],[6521,6622],[6535,6561],[6509,6558],[6507,6478],[6559,6433],[6610,6426],[6599,6379],[6661,6322],[6734,6367],[6776,6362],[6800,6317],[6676,6200],[6614,6199],[6536,6226],[6054,6363]]]}},{"type":"Feature","id":"US.VA.147","properties":{"hc-group":"admin2","hc-middle-x":0.52,"hc-middle-y":0.51,"hc-key":"us-va-147","hc-a2":"PE","fips":"51147","name":"Prince Edward"},"geometry":{"type":"Polygon","coordinates":[[[6048,6478],[6051,6414],[6054,6363],[6045,6200],[6044,6079],[5965,6046],[5890,6057],[5860,6030],[5781,6014],[5733,6023],[5689,6099],[5648,6128],[5601,6112],[5535,6159],[5522,6199],[5461,6215],[5475,6286],[5486,6318],[5578,6451],[5587,6526],[5695,6416],[5753,6432],[5820,6407],[5843,6377],[5910,6399],[5937,6383],[5993,6444],[6048,6478]]]}},{"type":"Feature","id":"US.VA.650","properties":{"hc-group":"admin2","hc-middle-x":0.51,"hc-middle-y":0.47,"hc-key":"us-va-650","hc-a2":"HA","fips":"51650","name":"Hampton"},"geometry":{"type":"Polygon","coordinates":[[[8418,6089],[8454,6100],[8500,6079],[8565,6088],[8582,6032],[8550,5942],[8472,5926],[8435,5898],[8384,5957],[8361,5945],[8348,6039],[8367,6068],[8401,6064],[8418,6089],[8418,6089]]]}},{"type":"Feature","id":"US.VA.187","properties":{"hc-group":"admin2","hc-middle-x":0.51,"hc-middle-y":0.47,"hc-key":"us-va-187","hc-a2":"WA","fips":"51187","name":"Warren"},"geometry":{"type":"Polygon","coordinates":[[[5941,9115],[6130,9131],[6145,9161],[6214,9123],[6262,9133],[6331,9070],[6243,8964],[6260,8928],[6173,8885],[6145,8868],[6091,8749],[6019,8711],[5979,8715],[5972,8748],[5921,8770],[5851,8828],[5908,8897],[5959,9011],[5911,9068],[5941,9115]]]}},{"type":"Feature","id":"US.VA.069","properties":{"hc-group":"admin2","hc-middle-x":0.44,"hc-middle-y":0.57,"hc-key":"us-va-069","hc-a2":"FR","fips":"51069","name":"Frederick"},"geometry":{"type":"Polygon","coordinates":[[[6145,9161],[6130,9131],[5941,9115],[5901,9201],[5928,9223],[5914,9265],[5824,9249],[5773,9191],[5766,9146],[5653,9193],[5698,9244],[5759,9284],[5829,9371],[5785,9420],[5834,9494],[5809,9516],[5909,9662],[5875,9679],[5904,9727],[5883,9759],[5899,9851],[6004,9768],[6135,9654],[6292,9528],[6240,9432],[6236,9371],[6207,9273],[6163,9222],[6145,9161]],[[6083,9392],[6088,9331],[6120,9333],[6163,9399],[6099,9431],[6083,9392]]]}},{"type":"Feature","id":"US.VA.163","properties":{"hc-group":"admin2","hc-middle-x":0.37,"hc-middle-y":0.45,"hc-key":"us-va-163","hc-a2":"RO","fips":"51163","name":"Rockbridge"},"geometry":{"type":"Polygon","coordinates":[[[4871,7321],[4888,7271],[4851,7180],[4803,7158],[4773,7196],[4733,7168],[4676,7071],[4628,6954],[4556,6898],[4510,6884],[4510,6884],[4483,6866],[4513,6812],[4430,6750],[4330,6828],[4335,6852],[4196,6960],[4212,6983],[4191,7077],[4210,7122],[4275,7233],[4282,7279],[4242,7296],[4297,7399],[4331,7428],[4423,7558],[4406,7567],[4460,7639],[4643,7499],[4837,7359],[4871,7321]],[[4481,7156],[4489,7122],[4531,7160],[4512,7170],[4481,7156]],[[4581,7027],[4610,7020],[4644,7077],[4632,7115],[4591,7080],[4581,7027]]]}},{"type":"Feature","id":"US.VA.125","properties":{"hc-group":"admin2","hc-middle-x":0.55,"hc-middle-y":0.54,"hc-key":"us-va-125","hc-a2":"NE","fips":"51125","name":"Nelson"},"geometry":{"type":"Polygon","coordinates":[[[4851,7180],[4888,7271],[4871,7321],[4974,7360],[5015,7320],[5065,7305],[5145,7399],[5196,7417],[5233,7541],[5277,7571],[5464,7167],[5471,7076],[5525,7065],[5524,7065],[5524,7065],[5524,7065],[5509,7017],[5428,6949],[5402,6902],[5340,6919],[5298,6903],[5310,6854],[5286,6821],[5292,6775],[5285,6748],[5236,6758],[5236,6758],[5236,6758],[5236,6758],[5196,6767],[5114,6959],[5087,7006],[4984,7046],[4979,7140],[4931,7150],[4894,7198],[4851,7180]]]}},{"type":"Feature","id":"US.VA.036","properties":{"hc-group":"admin2","hc-middle-x":0.40,"hc-middle-y":0.46,"hc-key":"us-va-036","hc-a2":"CC","fips":"51036","name":"Charles City"},"geometry":{"type":"MultiPolygon","coordinates":[[[[7312,6511],[7346,6552],[7403,6687],[7468,6657],[7508,6608],[7655,6579],[7712,6545],[7755,6553],[7755,6511],[7750,6464],[7796,6489],[7797,6387],[7798,6376],[7787,6363],[7790,6334],[7724,6298],[7658,6404],[7630,6421],[7564,6362],[7517,6427],[7462,6408],[7352,6426],[7312,6459],[7290,6438],[7320,6491],[7312,6511]]],[[[7647,6349],[7646,6353],[7645,6357],[7652,6339],[7647,6349]]],[[[7532,6349],[7538,6339],[7543,6335],[7533,6341],[7532,6349]]]]}},{"type":"Feature","id":"US.VA.111","properties":{"hc-group":"admin2","hc-middle-x":0.53,"hc-middle-y":0.54,"hc-key":"us-va-111","hc-a2":"LU","fips":"51111","name":"Lunenburg"},"geometry":{"type":"Polygon","coordinates":[[[5717,5711],[5752,5882],[5781,6014],[5860,6030],[5890,6057],[5965,6046],[6044,6079],[6056,6042],[6134,5995],[6131,5977],[6246,5914],[6348,5924],[6327,5630],[6320,5530],[6210,5562],[6201,5545],[6136,5568],[6043,5578],[5942,5644],[5890,5660],[5818,5654],[5717,5711]]]}},{"type":"Feature","id":"US.VA.173","properties":{"hc-group":"admin2","hc-middle-x":0.53,"hc-middle-y":0.46,"hc-key":"us-va-173","hc-a2":"SM","fips":"51173","name":"Smyth"},"geometry":{"type":"Polygon","coordinates":[[[1402,5850],[1426,5879],[1476,5895],[1569,5921],[1600,5849],[1655,5872],[1740,5936],[1874,5978],[1864,5926],[1921,5963],[1934,5946],[1993,5868],[2058,5781],[2136,5559],[1975,5527],[1919,5496],[1767,5471],[1761,5400],[1684,5373],[1666,5367],[1571,5620],[1402,5850]]]}},{"type":"Feature","id":"US.VA.093","properties":{"hc-group":"admin2","hc-middle-x":0.53,"hc-middle-y":0.39,"hc-key":"us-va-093","hc-a2":"IO","fips":"51093","name":"Isle of Wight"},"geometry":{"type":"Polygon","coordinates":[[[7966,5499],[7784,5332],[7785,5332],[7785,5332],[7781,5334],[7769,5338],[7760,5423],[7748,5433],[7786,5497],[7838,5667],[7881,5714],[7882,5769],[7826,5834],[7837,5899],[8013,5997],[8047,6051],[8069,6142],[8084,6079],[8062,6017],[8080,5979],[8194,5957],[8185,5918],[8222,5907],[8296,5840],[8306,5800],[8247,5777],[7966,5499]]]}},{"type":"Feature","id":"US.VA.175","properties":{"hc-group":"admin2","hc-middle-x":0.66,"hc-middle-y":0.60,"hc-key":"us-va-175","hc-a2":"SO","fips":"51175","name":"Southampton"},"geometry":{"type":"Polygon","coordinates":[[[7785,5332],[7767,5289],[7764,5183],[7764,5170],[7270,5164],[7194,5178],[7190,5253],[7163,5305],[7114,5338],[7055,5335],[7001,5363],[7094,5424],[7203,5497],[7485,5668],[7704,5813],[7716,5821],[7837,5899],[7826,5834],[7882,5769],[7881,5714],[7838,5667],[7786,5497],[7748,5433],[7693,5424],[7700,5368],[7769,5338],[7781,5334],[7784,5332],[7785,5332],[7785,5332]]]}},{"type":"Feature","id":"US.VA.620","properties":{"hc-group":"admin2","hc-middle-x":0.50,"hc-middle-y":0.53,"hc-key":"us-va-620","hc-a2":"FR","fips":"51620","name":"Franklin"},"geometry":{"type":"Polygon","coordinates":[[[7748,5433],[7760,5423],[7769,5338],[7700,5368],[7693,5424],[7748,5433]]]}},{"type":"Feature","id":"US.VA.099","properties":{"hc-group":"admin2","hc-middle-x":0.60,"hc-middle-y":0.49,"hc-key":"us-va-099","hc-a2":"KG","fips":"51099","name":"King George"},"geometry":{"type":"MultiPolygon","coordinates":[[[[7530,7776],[7452,7790],[7444,7771],[7373,7786],[7339,7822],[7290,7809],[7291,7874],[7325,7894],[7196,7897],[7171,7923],[7201,8053],[7293,8035],[7401,8062],[7438,8097],[7512,8110],[7532,8141],[7554,8145],[7588,8108],[7589,8043],[7578,8024],[7542,8028],[7610,7955],[7553,7927],[7550,7802],[7530,7776]]],[[[7509,7742],[7516,7741],[7528,7747],[7517,7735],[7509,7742]]],[[[7456,7755],[7468,7749],[7467,7748],[7465,7748],[7459,7751],[7456,7755]]]]}},{"type":"Feature","id":"US.VA.191","properties":{"hc-group":"admin2","hc-middle-x":0.54,"hc-middle-y":0.59,"hc-key":"us-va-191","hc-a2":"WA","fips":"51191","name":"Washington"},"geometry":{"type":"Polygon","coordinates":[[[1013,5407],[940,5381],[855,5335],[831,5336],[790,5337],[773,5376],[748,5522],[791,5555],[935,5619],[1044,5650],[1034,5685],[1086,5743],[1212,5777],[1256,5752],[1338,5789],[1402,5850],[1571,5620],[1666,5367],[1684,5373],[1676,5338],[1629,5332],[1272,5351],[1256,5317],[981,5328],[1036,5381],[1025,5397],[1016,5410],[1015,5409],[1013,5407]]]}},{"type":"Feature","id":"US.VA.095","properties":{"hc-group":"admin2","hc-middle-x":0.30,"hc-middle-y":0.28,"hc-key":"us-va-095","hc-a2":"JC","fips":"51095","name":"James City"},"geometry":{"type":"MultiPolygon","coordinates":[[[[7798,6376],[7798,6352],[7790,6334],[7787,6363],[7798,6376]]],[[[7953,6654],[7988,6595],[8029,6570],[8065,6514],[7965,6503],[7949,6455],[7985,6398],[7969,6400],[7969,6350],[7969,6350],[7969,6350],[7969,6350],[7969,6350],[7970,6349],[7970,6349],[7970,6349],[7970,6349],[7969,6349],[7969,6349],[7969,6349],[7969,6349],[7969,6349],[7969,6349],[7969,6349],[7969,6349],[7969,6348],[7969,6348],[7969,6348],[7969,6347],[7970,6347],[7988,6310],[8064,6310],[8048,6336],[8085,6294],[8149,6294],[8162,6257],[8162,6257],[8162,6257],[8162,6257],[8181,6218],[8136,6178],[8130,6231],[8080,6286],[7984,6262],[7967,6225],[7937,6277],[7821,6327],[7814,6424],[7797,6387],[7796,6489],[7750,6464],[7755,6511],[7769,6600],[7857,6630],[7925,6606],[7953,6654]]],[[[7970,6348],[7970,6349],[7970,6348],[7970,6348],[7970,6348]]]]}},{"type":"Feature","id":"US.VA.830","properties":{"hc-group":"admin2","hc-middle-x":0.04,"hc-middle-y":0.51,"hc-key":"us-va-830","hc-a2":"WI","fips":"51830","name":"Williamsburg"},"geometry":{"type":"MultiPolygon","coordinates":[[[[7970,6348],[7970,6349],[7969,6400],[7985,6398],[7998,6362],[8039,6381],[8048,6336],[8064,6310],[7988,6310],[7970,6347],[7970,6348],[7970,6348],[7970,6348]]],[[[7970,6349],[7969,6349],[7969,6349],[7969,6349],[7970,6349]]],[[[7969,6348],[7969,6348],[7969,6348],[7969,6348]]],[[[7969,6349],[7969,6350],[7969,6350],[7969,6350],[7969,6349]]]]}},{"type":"Feature","id":"US.VA.177","properties":{"hc-group":"admin2","hc-middle-x":0.50,"hc-middle-y":0.51,"hc-key":"us-va-177","hc-a2":"SP","fips":"51177","name":"Spotsylvania"},"geometry":{"type":"Polygon","coordinates":[[[6717,8078],[6789,8107],[6824,8090],[6867,8057],[6937,7997],[6937,7997],[6961,7951],[7029,7937],[7043,7959],[7077,7917],[7141,7899],[7141,7899],[6820,7505],[6800,7484],[6777,7486],[6742,7511],[6665,7537],[6668,7579],[6625,7592],[6552,7659],[6401,7685],[6553,7866],[6688,8019],[6717,8078]]]}},{"type":"Feature","id":"US.VA.810","properties":{"hc-group":"admin2","hc-middle-x":0.46,"hc-middle-y":0.32,"hc-key":"us-va-810","hc-a2":"VB","fips":"51810","name":"Virginia Beach"},"geometry":{"type":"MultiPolygon","coordinates":[[[[8704,5814],[8701,5814],[8701,5815],[8704,5814]]],[[[8707,5813],[8835,5785],[8889,5824],[8950,5789],[8992,5621],[9127,5277],[9142,5213],[9106,5212],[9100,5298],[9077,5329],[9038,5460],[8993,5464],[8981,5298],[8994,5208],[8934,5207],[8892,5268],[8911,5206],[8793,5203],[8789,5388],[8857,5433],[8757,5535],[8679,5553],[8647,5665],[8685,5647],[8710,5694],[8681,5741],[8707,5813]]]]}},{"type":"Feature","id":"US.VA.137","properties":{"hc-group":"admin2","hc-middle-x":0.53,"hc-middle-y":0.55,"hc-key":"us-va-137","hc-a2":"OR","fips":"51137","name":"Orange"},"geometry":{"type":"Polygon","coordinates":[[[6079,7708],[6026,7728],[5874,7791],[5917,7851],[5978,7931],[6025,7870],[6063,7865],[6116,7903],[6111,7925],[6199,7958],[6222,7995],[6299,8001],[6303,8022],[6376,8073],[6488,8105],[6610,8102],[6632,8129],[6717,8078],[6688,8019],[6553,7866],[6401,7685],[6337,7719],[6293,7712],[6225,7739],[6126,7703],[6079,7708]]]}},{"type":"Feature","id":"US.VA.127","properties":{"hc-group":"admin2","hc-middle-x":0.44,"hc-middle-y":0.43,"hc-key":"us-va-127","hc-a2":"NK","fips":"51127","name":"New Kent"},"geometry":{"type":"Polygon","coordinates":[[[7403,6687],[7364,6724],[7336,6760],[7329,6777],[7409,6857],[7445,6849],[7468,6907],[7512,6894],[7652,6814],[7674,6840],[7701,6802],[7779,6832],[7815,6826],[7785,6759],[7820,6751],[7861,6791],[7890,6743],[7893,6707],[7953,6654],[7925,6606],[7857,6630],[7769,6600],[7755,6511],[7755,6553],[7712,6545],[7655,6579],[7508,6608],[7468,6657],[7403,6687]]]}},{"type":"Feature","id":"US.VA.159","properties":{"hc-group":"admin2","hc-middle-x":0.67,"hc-middle-y":0.68,"hc-key":"us-va-159","hc-a2":"RI","fips":"51159","name":"Richmond"},"geometry":{"type":"MultiPolygon","coordinates":[[[[8036,7177],[8036,7177],[8037,7176],[8036,7177]]],[[[8108,7206],[8058,7226],[8052,7265],[8019,7246],[7987,7270],[7912,7377],[7832,7421],[7807,7484],[7749,7523],[7703,7652],[7769,7712],[7851,7608],[7922,7566],[7916,7518],[8054,7489],[8083,7464],[8184,7410],[8196,7310],[8248,7262],[8176,7258],[8150,7217],[8108,7206]]]]}},{"type":"Feature","id":"US.VA.019","properties":{"hc-group":"admin2","hc-middle-x":0.43,"hc-middle-y":0.57,"hc-key":"us-va-019","hc-a2":"BE","fips":"51019","name":"Bedford"},"geometry":{"type":"Polygon","coordinates":[[[4430,6750],[4513,6812],[4483,6866],[4510,6884],[4510,6884],[4582,6841],[4621,6735],[4690,6694],[4759,6703],[4833,6638],[4796,6640],[4723,6583],[4769,6525],[4737,6462],[4696,6385],[4493,5982],[4431,5987],[4469,5927],[4444,5902],[4373,5960],[4298,5962],[4226,6099],[4192,6145],[4162,6135],[4141,6201],[4066,6223],[4063,6270],[4029,6244],[3976,6261],[3963,6328],[3978,6396],[4054,6459],[4068,6511],[4023,6547],[4098,6581],[4184,6662],[4223,6675],[4262,6624],[4306,6616],[4357,6696],[4368,6680],[4430,6750]],[[4348,6439],[4420,6402],[4441,6449],[4379,6465],[4348,6439]]]}},{"type":"Feature","id":"US.VA.009","properties":{"hc-group":"admin2","hc-middle-x":0.51,"hc-middle-y":0.50,"hc-key":"us-va-009","hc-a2":"AM","fips":"51009","name":"Amherst"},"geometry":{"type":"Polygon","coordinates":[[[4510,6884],[4556,6898],[4628,6954],[4676,7071],[4733,7168],[4773,7196],[4803,7158],[4851,7180],[4894,7198],[4931,7150],[4979,7140],[4984,7046],[5087,7006],[5114,6959],[5196,6767],[5236,6758],[5236,6758],[5236,6758],[5198,6740],[5166,6687],[5136,6698],[5115,6653],[5044,6579],[4985,6568],[4988,6515],[4958,6523],[4910,6530],[4833,6638],[4759,6703],[4690,6694],[4621,6735],[4582,6841],[4510,6884],[4510,6884]]]}},{"type":"Feature","id":"US.VA.011","properties":{"hc-group":"admin2","hc-middle-x":0.46,"hc-middle-y":0.54,"hc-key":"us-va-011","hc-a2":"AP","fips":"51011","name":"Appomattox"},"geometry":{"type":"Polygon","coordinates":[[[5236,6758],[5285,6748],[5292,6775],[5447,6619],[5473,6576],[5534,6555],[5541,6504],[5587,6526],[5578,6451],[5486,6318],[5475,6286],[5406,6240],[5350,6254],[5291,6217],[5249,6229],[5245,6270],[5172,6277],[5156,6336],[5044,6579],[5115,6653],[5136,6698],[5166,6687],[5198,6740],[5236,6758],[5236,6758]]]}},{"type":"Feature","id":"US.VA.680","properties":{"hc-group":"admin2","hc-middle-x":0.39,"hc-middle-y":0.50,"hc-key":"us-va-680","hc-a2":"LY","fips":"51680","name":"Lynchburg"},"geometry":{"type":"Polygon","coordinates":[[[4833,6638],[4910,6530],[4958,6523],[4895,6492],[4842,6439],[4790,6425],[4737,6462],[4769,6525],[4723,6583],[4796,6640],[4833,6638]]]}},{"type":"Feature","id":"US.VA.610","properties":{"hc-group":"admin2","hc-middle-x":0.51,"hc-middle-y":0.92,"hc-key":"us-va-610","hc-a2":"FC","fips":"51610","name":"Falls Church"},"geometry":{"type":"Polygon","coordinates":[[[7377,8942],[7393,8926],[7405,8914],[7355,8917],[7377,8942]]]}},{"type":"Feature","id":"US.VA.161","properties":{"hc-group":"admin2","hc-middle-x":0.32,"hc-middle-y":0.64,"hc-key":"us-va-161","hc-a2":"RO","fips":"51161","name":"Roanoke"},"geometry":{"type":"Polygon","coordinates":[[[3978,6396],[3963,6328],[3976,6261],[3916,6220],[3914,6193],[3826,6121],[3739,6183],[3641,6142],[3612,6102],[3555,6079],[3548,6088],[3534,6280],[3450,6403],[3447,6455],[3527,6515],[3595,6520],[3690,6582],[3690,6582],[3704,6560],[3956,6427],[3978,6396]],[[3738,6325],[3743,6294],[3783,6307],[3833,6243],[3909,6313],[3897,6347],[3938,6369],[3904,6417],[3835,6416],[3825,6444],[3753,6398],[3739,6424],[3627,6366],[3668,6358],[3685,6318],[3738,6325]]]}},{"type":"Feature","id":"US.VA.590","properties":{"hc-group":"admin2","hc-middle-x":0.56,"hc-middle-y":0.84,"hc-key":"us-va-590","hc-a2":"DA","fips":"51590","name":"Danville"},"geometry":{"type":"Polygon","coordinates":[[[4615,5153],[4485,5154],[4449,5154],[4467,5212],[4424,5218],[4387,5255],[4411,5279],[4513,5250],[4544,5320],[4582,5303],[4587,5260],[4665,5219],[4614,5186],[4615,5153]]]}},{"type":"Feature","id":"US.VA.023","properties":{"hc-group":"admin2","hc-middle-x":0.44,"hc-middle-y":0.46,"hc-key":"us-va-023","hc-a2":"BO","fips":"51023","name":"Botetourt"},"geometry":{"type":"Polygon","coordinates":[[[3725,6615],[3775,6723],[3828,6776],[3755,6906],[3765,6943],[3898,7028],[3933,7086],[4029,7186],[4210,7122],[4191,7077],[4212,6983],[4196,6960],[4335,6852],[4330,6828],[4430,6750],[4368,6680],[4357,6696],[4306,6616],[4262,6624],[4223,6675],[4184,6662],[4098,6581],[4023,6547],[4068,6511],[4054,6459],[3978,6396],[3956,6427],[3704,6560],[3690,6582],[3690,6582],[3725,6615]]]}},{"type":"Feature","id":"US.VA.143","properties":{"hc-group":"admin2","hc-middle-x":0.52,"hc-middle-y":0.48,"hc-key":"us-va-143","hc-a2":"PI","fips":"51143","name":"Pittsylvania"},"geometry":{"type":"Polygon","coordinates":[[[4776,5152],[4735,5152],[4615,5153],[4614,5186],[4665,5219],[4587,5260],[4582,5303],[4544,5320],[4513,5250],[4411,5279],[4387,5255],[4424,5218],[4467,5212],[4449,5154],[4203,5159],[4132,5160],[4184,5414],[4234,5664],[4282,5896],[4298,5962],[4373,5960],[4444,5902],[4469,5927],[4431,5987],[4493,5982],[4543,5995],[4543,6039],[4637,6093],[4684,6059],[4731,6101],[4759,6057],[4785,6081],[4813,5979],[4901,6033],[4945,5987],[4850,5520],[4776,5152]]]}},{"type":"Feature","id":"US.VA.165","properties":{"hc-group":"admin2","hc-middle-x":0.38,"hc-middle-y":0.44,"hc-key":"us-va-165","hc-a2":"RO","fips":"51165","name":"Rockingham"},"geometry":{"type":"Polygon","coordinates":[[[5502,7941],[5509,7913],[5423,7868],[5392,7826],[5209,7988],[5186,7983],[4793,8266],[4817,8340],[4878,8450],[4913,8547],[4961,8558],[4961,8625],[5007,8720],[5088,8862],[5243,8721],[5404,8576],[5529,8466],[5467,8314],[5536,8293],[5553,8243],[5635,8212],[5660,8185],[5726,8171],[5654,8081],[5643,8034],[5502,7941]],[[5295,8171],[5285,8227],[5236,8278],[5180,8129],[5223,8156],[5295,8171]]]}},{"type":"Feature","id":"US.VA.029","properties":{"hc-group":"admin2","hc-middle-x":0.47,"hc-middle-y":0.51,"hc-key":"us-va-029","hc-a2":"BU","fips":"51029","name":"Buckingham"},"geometry":{"type":"Polygon","coordinates":[[[5565,7102],[5650,7114],[5694,7104],[5719,7167],[5754,7108],[5829,7068],[6041,6997],[6029,6908],[5753,6432],[5695,6416],[5587,6526],[5541,6504],[5534,6555],[5473,6576],[5447,6619],[5292,6775],[5286,6821],[5310,6854],[5298,6903],[5340,6919],[5402,6902],[5428,6949],[5509,7017],[5524,7065],[5524,7065],[5524,7065],[5525,7065],[5565,7102]]]}},{"type":"Feature","id":"US.VA.043","properties":{"hc-group":"admin2","hc-middle-x":0.49,"hc-middle-y":0.55,"hc-key":"us-va-043","hc-a2":"CL","fips":"51043","name":"Clarke"},"geometry":{"type":"Polygon","coordinates":[[[6383,9126],[6348,9097],[6331,9070],[6262,9133],[6214,9123],[6145,9161],[6163,9222],[6207,9273],[6236,9371],[6240,9432],[6292,9528],[6387,9451],[6550,9317],[6507,9234],[6383,9126]]]}},{"type":"Feature","id":"US.VA.700","properties":{"hc-group":"admin2","hc-middle-x":0.17,"hc-middle-y":0.44,"hc-key":"us-va-700","hc-a2":"NN","fips":"51700","name":"Newport News"},"geometry":{"type":"Polygon","coordinates":[[[8196,6267],[8337,6077],[8367,6068],[8348,6039],[8361,5945],[8384,5957],[8435,5898],[8380,5878],[8347,5964],[8255,6006],[8225,6056],[8203,6050],[8140,6103],[8136,6178],[8181,6218],[8162,6257],[8162,6257],[8196,6267]]]}},{"type":"Feature","id":"US.VA.017","properties":{"hc-group":"admin2","hc-middle-x":0.50,"hc-middle-y":0.50,"hc-key":"us-va-017","hc-a2":"BA","fips":"51017","name":"Bath"},"geometry":{"type":"Polygon","coordinates":[[[3728,7433],[3789,7495],[3853,7611],[3897,7680],[3873,7720],[3935,7818],[4021,7907],[4066,7932],[4179,7859],[4361,7821],[4424,7791],[4405,7745],[4463,7774],[4519,7762],[4446,7654],[4460,7639],[4406,7567],[4423,7558],[4331,7428],[4297,7399],[4242,7296],[4188,7254],[4116,7320],[4042,7314],[3941,7335],[3881,7435],[3791,7443],[3728,7433]]]}},{"type":"Feature","id":"US.VA.185","properties":{"hc-group":"admin2","hc-middle-x":0.47,"hc-middle-y":0.55,"hc-key":"us-va-185","hc-a2":"TA","fips":"51185","name":"Tazewell"},"geometry":{"type":"Polygon","coordinates":[[[1544,6342],[1621,6281],[1773,6284],[1843,6327],[1856,6364],[1961,6385],[1992,6453],[2035,6486],[2087,6423],[2206,6316],[2128,6287],[2153,6218],[2088,6198],[2068,6166],[2142,6146],[2141,6089],[2025,6037],[1973,6038],[1890,6005],[1921,5963],[1864,5926],[1874,5978],[1740,5936],[1655,5872],[1600,5849],[1569,5921],[1476,5895],[1421,6050],[1343,6149],[1331,6196],[1394,6246],[1436,6251],[1521,6294],[1544,6342]]]}},{"type":"Feature","id":"US.VA.107","properties":{"hc-group":"admin2","hc-middle-x":0.51,"hc-middle-y":0.46,"hc-key":"us-va-107","hc-a2":"LO","fips":"51107","name":"Loudoun"},"geometry":{"type":"Polygon","coordinates":[[[6550,9317],[6586,9428],[6620,9485],[6648,9579],[6683,9622],[6736,9628],[6778,9603],[6872,9600],[6907,9534],[6978,9504],[7011,9463],[6983,9411],[6950,9400],[6926,9344],[6938,9301],[6985,9279],[7011,9229],[7177,9204],[7071,9062],[6921,8863],[6894,8929],[6862,8932],[6815,8997],[6769,9014],[6551,9077],[6383,9126],[6507,9234],[6550,9317]]]}},{"type":"Feature","id":"US.VA.091","properties":{"hc-group":"admin2","hc-middle-x":0.50,"hc-middle-y":0.61,"hc-key":"us-va-091","hc-a2":"HI","fips":"51091","name":"Highland"},"geometry":{"type":"Polygon","coordinates":[[[4066,7932],[4049,7995],[4135,8072],[4204,8197],[4192,8267],[4258,8454],[4399,8387],[4474,8235],[4681,8160],[4664,8112],[4557,7946],[4568,7918],[4518,7847],[4464,7848],[4424,7791],[4361,7821],[4179,7859],[4066,7932]]]}},{"type":"Feature","id":"US.VA.089","properties":{"hc-group":"admin2","hc-middle-x":0.23,"hc-middle-y":0.53,"hc-key":"us-va-089","hc-a2":"HE","fips":"51089","name":"Henry"},"geometry":{"type":"Polygon","coordinates":[[[4132,5160],[3908,5164],[3692,5167],[3699,5275],[3689,5351],[3645,5461],[3646,5549],[3715,5572],[3751,5554],[3770,5630],[4024,5564],[4076,5557],[4107,5594],[4197,5619],[4234,5664],[4184,5414],[4132,5160]],[[3919,5369],[3946,5337],[3977,5423],[3929,5441],[3890,5392],[3919,5369]]]}},{"type":"Feature","id":"US.VA.169","properties":{"hc-group":"admin2","hc-middle-x":0.56,"hc-middle-y":0.57,"hc-key":"us-va-169","hc-a2":"SC","fips":"51169","name":"Scott"},"geometry":{"type":"Polygon","coordinates":[[[-106,5375],[-51,5504],[115,5589],[108,5612],[187,5693],[219,5744],[292,5721],[369,5811],[667,5809],[663,5794],[721,5637],[748,5522],[773,5376],[790,5337],[215,5359],[-106,5375]]]}},{"type":"Feature","id":"US.VA.025","properties":{"hc-group":"admin2","hc-middle-x":0.53,"hc-middle-y":0.52,"hc-key":"us-va-025","hc-a2":"BR","fips":"51025","name":"Brunswick"},"geometry":{"type":"Polygon","coordinates":[[[6796,5721],[6801,5430],[6659,5159],[6487,5156],[6297,5154],[6307,5303],[6320,5530],[6327,5630],[6348,5924],[6396,5867],[6495,5871],[6557,5882],[6660,5844],[6724,5752],[6796,5721]]]}},{"type":"Feature","id":"US.VA.027","properties":{"hc-group":"admin2","hc-middle-x":0.46,"hc-middle-y":0.59,"hc-key":"us-va-027","hc-a2":"BU","fips":"51027","name":"Buchanan"},"geometry":{"type":"Polygon","coordinates":[[[810,6463],[1064,6666],[1269,6835],[1319,6791],[1229,6738],[1242,6701],[1305,6673],[1301,6577],[1323,6529],[1376,6493],[1401,6427],[1483,6419],[1538,6383],[1544,6342],[1521,6294],[1436,6251],[1394,6246],[1331,6196],[1313,6178],[1193,6165],[1177,6083],[1100,6037],[1068,6059],[1006,6046],[1024,6077],[905,6323],[891,6424],[836,6479],[810,6463]]]}},{"type":"Feature","id":"US.VA.135","properties":{"hc-group":"admin2","hc-middle-x":0.40,"hc-middle-y":0.52,"hc-key":"us-va-135","hc-a2":"NO","fips":"51135","name":"Nottoway"},"geometry":{"type":"Polygon","coordinates":[[[6054,6363],[6536,6226],[6614,6199],[6480,6120],[6495,5871],[6396,5867],[6348,5924],[6246,5914],[6131,5977],[6134,5995],[6056,6042],[6044,6079],[6045,6200],[6054,6363]]]}},{"type":"Feature","id":"US.VA.067","properties":{"hc-group":"admin2","hc-middle-x":0.60,"hc-middle-y":0.52,"hc-key":"us-va-067","hc-a2":"FR","fips":"51067","name":"Franklin"},"geometry":{"type":"Polygon","coordinates":[[[4234,5664],[4197,5619],[4107,5594],[4076,5557],[4024,5564],[3770,5630],[3751,5554],[3715,5572],[3675,5619],[3684,5648],[3466,5701],[3515,5748],[3551,5831],[3586,5824],[3588,5873],[3617,5891],[3637,6029],[3612,6102],[3641,6142],[3739,6183],[3826,6121],[3914,6193],[3916,6220],[3976,6261],[4029,6244],[4063,6270],[4066,6223],[4141,6201],[4162,6135],[4192,6145],[4226,6099],[4298,5962],[4282,5896],[4234,5664]]]}},{"type":"Feature","id":"US.VA.109","properties":{"hc-group":"admin2","hc-middle-x":0.56,"hc-middle-y":0.35,"hc-key":"us-va-109","hc-a2":"LO","fips":"51109","name":"Louisa"},"geometry":{"type":"Polygon","coordinates":[[[6742,7511],[6733,7483],[6606,7062],[6561,7100],[6488,7112],[6411,7249],[6361,7266],[6324,7323],[6265,7342],[6052,7460],[5954,7504],[6021,7597],[6079,7708],[6126,7703],[6225,7739],[6293,7712],[6337,7719],[6401,7685],[6552,7659],[6625,7592],[6668,7579],[6665,7537],[6742,7511]]]}},{"type":"Feature","id":"US.VA.181","properties":{"hc-group":"admin2","hc-middle-x":0.51,"hc-middle-y":0.39,"hc-key":"us-va-181","hc-a2":"SU","fips":"51181","name":"Surry"},"geometry":{"type":"Polygon","coordinates":[[[7664,6297],[7774,6236],[7892,6238],[7944,6171],[8002,6149],[8038,6212],[8062,6207],[8069,6142],[8047,6051],[8013,5997],[7837,5899],[7716,5821],[7704,5813],[7687,5903],[7686,5991],[7596,6013],[7578,6002],[7440,6079],[7544,6196],[7607,6224],[7620,6275],[7664,6297]]]}},{"type":"Feature","id":"US.VA.183","properties":{"hc-group":"admin2","hc-middle-x":0.50,"hc-middle-y":0.49,"hc-key":"us-va-183","hc-a2":"SU","fips":"51183","name":"Sussex"},"geometry":{"type":"Polygon","coordinates":[[[7440,6079],[7578,6002],[7596,6013],[7686,5991],[7687,5903],[7704,5813],[7485,5668],[7203,5497],[7094,5424],[7016,5444],[7054,5673],[6987,5644],[6902,5653],[6846,5695],[7049,5829],[7129,5883],[7319,6003],[7440,6079]]]}},{"type":"Feature","id":"US.VA.103","properties":{"hc-group":"admin2","hc-middle-x":0.57,"hc-middle-y":0.52,"hc-key":"us-va-103","hc-a2":"LA","fips":"51103","name":"Lancaster"},"geometry":{"type":"Polygon","coordinates":[[[8490,7015],[8470,6994],[8494,6922],[8387,6953],[8332,6994],[8302,7054],[8278,6973],[8242,6989],[8232,7037],[8108,7206],[8150,7217],[8176,7258],[8248,7262],[8299,7238],[8362,7239],[8386,7171],[8429,7161],[8435,7086],[8420,7064],[8490,7015]]]}},{"type":"Feature","id":"US.VA.117","properties":{"hc-group":"admin2","hc-middle-x":0.55,"hc-middle-y":0.59,"hc-key":"us-va-117","hc-a2":"ME","fips":"51117","name":"Mecklenburg"},"geometry":{"type":"Polygon","coordinates":[[[5516,5400],[5699,5681],[5717,5711],[5818,5654],[5890,5660],[5942,5644],[6043,5578],[6136,5568],[6201,5545],[6210,5562],[6320,5530],[6307,5303],[6297,5154],[6033,5154],[5694,5148],[5405,5150],[5429,5212],[5432,5300],[5478,5385],[5516,5400]]]}},{"type":"Feature","id":"US.VA.171","properties":{"hc-group":"admin2","hc-middle-x":0.59,"hc-middle-y":0.41,"hc-key":"us-va-171","hc-a2":"SH","fips":"51171","name":"Shenandoah"},"geometry":{"type":"Polygon","coordinates":[[[5529,8466],[5404,8576],[5243,8721],[5346,8917],[5431,8993],[5432,8951],[5482,8982],[5557,9074],[5581,9045],[5645,9131],[5618,9153],[5653,9193],[5766,9146],[5773,9191],[5824,9249],[5914,9265],[5928,9223],[5901,9201],[5941,9115],[5911,9068],[5959,9011],[5908,8897],[5851,8828],[5746,8704],[5697,8660],[5647,8681],[5595,8597],[5529,8466]]]}},{"type":"Feature","id":"US.VA.133","properties":{"hc-group":"admin2","hc-middle-x":0.47,"hc-middle-y":0.37,"hc-key":"us-va-133","hc-a2":"NO","fips":"51133","name":"Northumberland"},"geometry":{"type":"Polygon","coordinates":[[[8211,7575],[8297,7544],[8292,7524],[8364,7470],[8460,7438],[8580,7358],[8594,7304],[8577,7244],[8513,7288],[8481,7283],[8523,7160],[8495,7096],[8539,7044],[8486,7043],[8490,7015],[8420,7064],[8435,7086],[8429,7161],[8386,7171],[8362,7239],[8299,7238],[8248,7262],[8196,7310],[8184,7410],[8083,7464],[8105,7521],[8160,7563],[8211,7575]]]}},{"type":"Feature","id":"US.VA.141","properties":{"hc-group":"admin2","hc-middle-x":0.63,"hc-middle-y":0.49,"hc-key":"us-va-141","hc-a2":"PA","fips":"51141","name":"Patrick"},"geometry":{"type":"Polygon","coordinates":[[[3692,5167],[3379,5175],[2968,5206],[2957,5304],[3016,5373],[3084,5343],[3162,5388],[3165,5445],[3193,5507],[3257,5501],[3268,5586],[3324,5610],[3328,5642],[3466,5701],[3684,5648],[3675,5619],[3715,5572],[3646,5549],[3645,5461],[3689,5351],[3699,5275],[3692,5167]]]}},{"type":"Feature","id":"US.VA.079","properties":{"hc-group":"admin2","hc-middle-x":0.49,"hc-middle-y":0.55,"hc-key":"us-va-079","hc-a2":"GR","fips":"51079","name":"Greene"},"geometry":{"type":"Polygon","coordinates":[[[5874,7791],[5601,7897],[5502,7941],[5643,8034],[5654,8081],[5726,8171],[5753,8212],[5768,8258],[5789,8225],[5797,8084],[5857,8006],[5878,8004],[5921,7931],[5978,7931],[5917,7851],[5874,7791]]]}},{"type":"Feature","id":"US.VA.197","properties":{"hc-group":"admin2","hc-middle-x":0.49,"hc-middle-y":0.45,"hc-key":"us-va-197","hc-a2":"WY","fips":"51197","name":"Wythe"},"geometry":{"type":"Polygon","coordinates":[[[2421,5620],[2363,5591],[2360,5559],[2275,5564],[2233,5548],[2136,5559],[2058,5781],[1993,5868],[2031,5888],[2116,5971],[2197,6015],[2272,5975],[2317,5996],[2338,5970],[2444,6006],[2600,6045],[2623,5970],[2752,5817],[2814,5727],[2720,5688],[2668,5682],[2421,5620]]]}},{"type":"Feature","id":"US.VA.660","properties":{"hc-group":"admin2","hc-middle-x":0.62,"hc-middle-y":0.61,"hc-key":"us-va-660","hc-a2":"HA","fips":"51660","name":"Harrisonburg"},"geometry":{"type":"Polygon","coordinates":[[[5295,8171],[5223,8156],[5180,8129],[5236,8278],[5285,8227],[5295,8171]]]}},{"type":"Feature","id":"US.VA.820","properties":{"hc-group":"admin2","hc-middle-x":0.47,"hc-middle-y":0.51,"hc-key":"us-va-820","hc-a2":"WA","fips":"51820","name":"Waynesboro"},"geometry":{"type":"Polygon","coordinates":[[[5196,7656],[5248,7639],[5235,7558],[5172,7546],[5138,7605],[5196,7656]]]}},{"type":"Feature","id":"US.VA.790","properties":{"hc-group":"admin2","hc-middle-x":0.47,"hc-middle-y":0.49,"hc-key":"us-va-790","hc-a2":"ST","fips":"51790","name":"Staunton"},"geometry":{"type":"Polygon","coordinates":[[[4929,7742],[4950,7793],[5017,7801],[5059,7787],[5039,7712],[4975,7700],[4929,7742]]]}},{"type":"Feature","id":"US.VA.145","properties":{"hc-group":"admin2","hc-middle-x":0.51,"hc-middle-y":0.50,"hc-key":"us-va-145","hc-a2":"PO","fips":"51145","name":"Powhatan"},"geometry":{"type":"Polygon","coordinates":[[[6535,6561],[6521,6622],[6477,6653],[6330,6679],[6327,6646],[6284,6646],[6264,6614],[6180,6618],[6236,6897],[6255,6944],[6402,6893],[6404,6950],[6445,7000],[6585,6864],[6656,6872],[6791,6796],[6608,6627],[6594,6574],[6535,6561]]]}},{"type":"Feature","id":"US.VA.760","properties":{"hc-group":"admin2","hc-middle-x":0.59,"hc-middle-y":0.43,"hc-key":"us-va-760","hc-a2":"RI","fips":"51760","name":"Richmond"},"geometry":{"type":"Polygon","coordinates":[[[6865,6785],[6949,6792],[6946,6845],[6988,6818],[7017,6856],[7067,6856],[7099,6827],[7101,6782],[7135,6755],[7125,6707],[7096,6726],[7092,6613],[7042,6640],[7004,6627],[6972,6658],[6952,6748],[6918,6765],[6865,6751],[6865,6785]]]}},{"type":"Feature","id":"US.VA.139","properties":{"hc-group":"admin2","hc-middle-x":0.53,"hc-middle-y":0.48,"hc-key":"us-va-139","hc-a2":"PA","fips":"51139","name":"Page"},"geometry":{"type":"Polygon","coordinates":[[[5529,8466],[5595,8597],[5647,8681],[5697,8660],[5746,8704],[5851,8828],[5921,8770],[5972,8748],[5979,8715],[5937,8680],[5920,8624],[5941,8541],[5912,8502],[5852,8430],[5858,8396],[5789,8333],[5768,8258],[5753,8212],[5726,8171],[5660,8185],[5635,8212],[5553,8243],[5536,8293],[5467,8314],[5529,8466]]]}}]}