{"title":"American Samoa","version":"1.1.2","type":"FeatureCollection","copyright":"Copyright (c) 2015 Highsoft AS, Based on data from Natural Earth","copyrightShort":"Natural Earth","copyrightUrl":"http://www.naturalearthdata.com","crs":{"type":"name","properties":{"name":"urn:ogc:def:crs:EPSG:32702"}},"hc-transform":{"default":{"crs":"+proj=utm +zone=2 +south +datum=WGS84 +units=m +no_defs","scale":0.00466383657841,"jsonres":15.5,"jsonmarginX":-999,"jsonmarginY":9851.0,"xoffset":518198.280846,"yoffset":8433181.39719},"as-all-swain":{"xpan":250,"ypan":250,"hitZone":{"type":"Polygon","coordinates":[[[2025,6400],[4800,6400],[4800,5015],[2025,5015],[2025,6400]]]},"crs":"+proj=lcc +lat_1=-14.26666666666667 +lat_0=-14.26666666666667 +lon_0=-170 +k_0=1 +x_0=152400.3048006096 +y_0=95169.31165862332 +ellps=clrk66 +towgs84=-115,118,426,0,0,0,0 +units=us-ft +no_defs","scale":0.00935104683408,"jsonres":15.5,"jsonmarginX":-999,"jsonmarginY":9851.0,"xoffset":110339.29427,"yoffset":1477137.13877},"as-all-rose":{"xpan":450,"ypan":250,"hitZone":{"type":"Polygon","coordinates":[[[4800,6400],[7575,6400],[7575,5015],[4800,5015],[4800,6400]]]},"crs":"+proj=lcc +lat_1=-14.26666666666667 +lat_0=-14.26666666666667 +lon_0=-170 +k_0=1 +x_0=152400.3048006096 +y_0=95169.31165862332 +ellps=clrk66 +towgs84=-115,118,426,0,0,0,0 +units=us-ft +no_defs","scale":0.0105007715581,"jsonres":15.5,"jsonmarginX":-999,"jsonmarginY":9851.0,"xoffset":1146491.66409,"yoffset":215983.851873}},
"features":[{"type":"Feature","id":"AS.6516","properties":{"hc-group":"admin1","hc-middle-x":0.75,"hc-middle-y":0.74,"hc-key":"as-6516","hc-a2":"MA","labelrank":"20","hasc":"AS.MA","alt-name":null,"woe-id":"24549644","subregion":null,"fips":"60020","postal-code":null,"name":"Manu's","country":"American Samoa","type-en":null,"region":null,"longitude":"-169.493","woe-name":"Manua","latitude":"-14.2338","woe-label":null,"type":null},"geometry":{"type":"MultiPolygon","coordinates":[[[[9851,9229],[9796,9147],[9695,9189],[9632,9123],[9569,9094],[9500,9098],[9423,9136],[9396,9066],[9349,9030],[9285,9021],[9205,9029],[9184,9124],[9155,9206],[9113,9267],[9052,9303],[9170,9388],[9335,9417],[9667,9407],[9821,9347],[9851,9229]]],[[[8329,9785],[8137,9689],[8063,9699],[8013,9804],[8013,9804],[8076,9849],[8154,9851],[8239,9824],[8329,9785]]]]}},{"type":"Feature","id":"AS.6515","properties":{"hc-group":"admin1","hc-middle-x":0.24,"hc-middle-y":0.46,"hc-key":"as-6515","hc-a2":"EA","labelrank":"20","hasc":"AS.ET","alt-name":null,"woe-id":"24549646","subregion":null,"fips":"60010","postal-code":null,"name":"Eastern","country":"American Samoa","type-en":null,"region":null,"longitude":"-170.639","woe-name":"Eastern","latitude":"-14.272","woe-label":null,"type":null},"geometry":{"type":"Polygon","coordinates":[[[-143,8917],[37,9147],[326,9212],[648,9193],[875,9111],[990,9209],[1060,9161],[1050,9062],[928,9008],[474,8985],[342,8949],[152,8808],[82,8713],[15,8731],[-84,8716],[-91,8825],[-143,8917]]]}},{"type":"Feature","id":"AS.6514","properties":{"hc-group":"admin1","hc-middle-x":0.54,"hc-middle-y":0.41,"hc-key":"as-6514","hc-a2":"WE","labelrank":"20","hasc":"AS.WT","alt-name":null,"woe-id":"24549645","subregion":null,"fips":"60050","postal-code":null,"name":"Western","country":"American Samoa","type-en":null,"region":null,"longitude":"-170.768","woe-name":"Western","latitude":"-14.3241","woe-label":null,"type":null},"geometry":{"type":"Polygon","coordinates":[[[82,8713],[-146,8404],[-356,8234],[-409,8295],[-728,8513],[-933,8618],[-999,8677],[-667,8876],[-541,8900],[-271,8895],[-143,8917],[-91,8825],[-84,8716],[15,8731],[82,8713]]]}},{"type":"Feature","id":"AS.6513","properties":{"hc-group":"admin1","hc-middle-x":0.50,"hc-middle-y":0.41,"hc-key":"as-6513","hc-a2":"SI","labelrank":"20","hasc":"AS.UU","alt-name":null,"woe-id":"24549643","subregion":null,"fips":"60040","postal-code":null,"name":"Swain's Island","country":"American Samoa","type-en":null,"region":null,"longitude":"-171.08","woe-name":"Swains","latitude":"-11.0577","woe-label":null,"type":null},"geometry":{"type":"Polygon","coordinates":[[[3556.1,5413.0],[3137.9,5201.0],[2876.0,5504.2],[2920.4,5976.0],[3587.7,5919.1],[3556.1,5413.0]]]}},{"type":"Feature","id":"AS.3585","properties":{"hc-group":"admin1","hc-middle-x":0.65,"hc-middle-y":0.42,"hc-key":"as-3585","hc-a2":"RA","labelrank":"20","hasc":"AS.UU","alt-name":null,"woe-id":"-99","subregion":null,"fips":"60030","postal-code":null,"name":"Rose Atoll","country":"American Samoa","type-en":null,"region":null,"longitude":"-168.166","woe-name":null,"latitude":"-14.525","woe-label":null,"type":null},"geometry":{"type":"Polygon","coordinates":[[[6703.3,5907.3],[6634.5,5201.0],[5976.0,5749.5],[6528.2,5976.0],[6703.3,5907.3]]]}},{"type":"Feature","properties":{"hc-group":"__separator_lines__"},"geometry":{"type":"MultiLineString","coordinates":[[[4800,6230],[4800,5015]],[[2025,6400],[7575,6400]]]}}]}