{"title":"Iowa","version":"1.1.2","type":"FeatureCollection","copyright":"Copyright (c) 2015 Highsoft AS, Based on data from The United States Census Bureau","copyrightShort":"USA Census Bureau","copyrightUrl":"http://www.census.gov","crs":{"type":"name","properties":{"name":"urn:ogc:def:crs:EPSG:102675"}},"hc-transform":{"default":{"crs":"+proj=lcc +lat_1=42.06666666666667 +lat_2=43.26666666666667 +lat_0=41.5 +lon_0=-93.5 +x_0=1500000 +y_0=1000000 +datum=NAD83 +units=us-ft +no_defs","scale":0.000398635935448,"jsonres":15.5,"jsonmarginX":-999,"jsonmarginY":9851.0,"xoffset":4078238.10347,"yoffset":4024961.90449}},
"features":[{"type":"Feature","id":"US.IA.125","properties":{"hc-group":"admin2","hc-middle-x":0.50,"hc-middle-y":0.50,"hc-key":"us-ia-125","hc-a2":"MA","fips":"19125","name":"Marion"},"geometry":{"type":"Polygon","coordinates":[[[5282,4494],[4943,4491],[4892,4491],[4699,4490],[4503,4489],[4501,4914],[4500,5233],[4500,5253],[4500,5271],[4998,5274],[5274,5276],[5279,4751],[5282,4494],[5282,4494]]]}},{"type":"Feature","id":"US.IA.123","properties":{"hc-group":"admin2","hc-middle-x":0.50,"hc-middle-y":0.50,"hc-key":"us-ia-123","hc-a2":"MA","fips":"19123","name":"Mahaska"},"geometry":{"type":"Polygon","coordinates":[[[5282,4494],[5279,4751],[5274,5276],[5395,5278],[5468,5278],[5798,5283],[6051,5286],[6051,5265],[6064,4504],[6064,4504],[5836,4500],[5673,4498],[5673,4498],[5478,4496],[5282,4494],[5282,4494]]]}},{"type":"Feature","id":"US.IA.041","properties":{"hc-group":"admin2","hc-middle-x":0.50,"hc-middle-y":0.50,"hc-key":"us-ia-041","hc-a2":"CL","fips":"19041","name":"Clay"},"geometry":{"type":"MultiPolygon","coordinates":[[[[1883,9225],[1877,8838],[1870,8447],[1639,8451],[1085,8463],[1096,8953],[1102,9240],[1102,9240],[1115,9240],[1556,9231],[1883,9225],[1883,9225],[1883,9225]]],[[[1883,9225],[1883,9225],[1883,9225],[1883,9225],[1883,9225]]]]}},{"type":"Feature","id":"US.IA.141","properties":{"hc-group":"admin2","hc-middle-x":0.50,"hc-middle-y":0.50,"hc-key":"us-ia-141","hc-a2":"O'","fips":"19141","name":"O'Brien"},"geometry":{"type":"Polygon","coordinates":[[[1102,9240],[1096,8953],[1085,8463],[1085,8463],[697,8473],[305,8481],[314,8870],[323,9265],[712,9257],[1102,9240],[1102,9240]]]}},{"type":"Feature","id":"US.IA.151","properties":{"hc-group":"admin2","hc-middle-x":0.50,"hc-middle-y":0.50,"hc-key":"us-ia-151","hc-a2":"PO","fips":"19151","name":"Pocahontas"},"geometry":{"type":"Polygon","coordinates":[[[2642,7840],[2641,7804],[2640,7646],[2173,7653],[1855,7660],[1863,8052],[1870,8447],[2259,8439],[2649,8432],[2644,8059],[2642,7840]]]}},{"type":"Feature","id":"US.IA.187","properties":{"hc-group":"admin2","hc-middle-x":0.50,"hc-middle-y":0.50,"hc-key":"us-ia-187","hc-a2":"WE","fips":"19187","name":"Webster"},"geometry":{"type":"Polygon","coordinates":[[[2640,7646],[2641,7804],[2642,7840],[3099,7835],[3426,7833],[3426,7788],[3425,7638],[3424,7444],[3490,7444],[3487,6854],[3311,6854],[3097,6856],[2934,6857],[2707,6858],[2707,6858],[2707,6858],[2714,7453],[2638,7454],[2640,7646]]]}},{"type":"Feature","id":"US.IA.025","properties":{"hc-group":"admin2","hc-middle-x":0.55,"hc-middle-y":0.50,"hc-key":"us-ia-025","hc-a2":"CA","fips":"19025","name":"Calhoun"},"geometry":{"type":"Polygon","coordinates":[[[2320,6863],[2320,6863],[2118,6866],[1936,6869],[1948,7464],[1852,7466],[1855,7660],[2173,7653],[2640,7646],[2638,7454],[2714,7453],[2707,6858],[2320,6863]],[[2321,6863],[2320,6863],[2320,6863],[2321,6863]]]}},{"type":"Feature","id":"US.IA.001","properties":{"hc-group":"admin2","hc-middle-x":0.50,"hc-middle-y":0.50,"hc-key":"us-ia-001","hc-a2":"AD","fips":"19001","name":"Adair"},"geometry":{"type":"Polygon","coordinates":[[[2948,4487],[2805,4489],[2558,4491],[2423,4494],[2167,4498],[2173,4881],[2178,5277],[2804,5268],[2955,5267],[2952,4881],[2948,4487]]]}},{"type":"Feature","id":"US.IA.175","properties":{"hc-group":"admin2","hc-middle-x":0.50,"hc-middle-y":0.50,"hc-key":"us-ia-175","hc-a2":"UN","fips":"19175","name":"Union"},"geometry":{"type":"Polygon","coordinates":[[[2558,4491],[2805,4489],[2948,4487],[3109,4484],[3335,4483],[3331,4125],[3330,3898],[2943,3903],[2551,3910],[2554,4109],[2558,4491]]]}},{"type":"Feature","id":"US.IA.115","properties":{"hc-group":"admin2","hc-middle-x":0.46,"hc-middle-y":0.62,"hc-key":"us-ia-115","hc-a2":"LO","fips":"19115","name":"Louisa"},"geometry":{"type":"Polygon","coordinates":[[[7838,4340],[7834,4536],[7638,4534],[7634,4648],[7626,5122],[7783,5126],[7822,5126],[7826,4930],[8330,4938],[8329,4885],[8264,4747],[8392,4563],[8482,4541],[8560,4406],[8556,4356],[8182,4346],[7838,4340]]]}},{"type":"Feature","id":"US.IA.087","properties":{"hc-group":"admin2","hc-middle-x":0.50,"hc-middle-y":0.50,"hc-key":"us-ia-087","hc-a2":"HE","fips":"19087","name":"Henry"},"geometry":{"type":"Polygon","coordinates":[[[7638,4534],[7834,4536],[7838,4340],[7851,3751],[7787,3750],[7458,3745],[7258,3739],[7255,3855],[7254,3936],[7249,4216],[7246,4526],[7442,4532],[7638,4534]]]}},{"type":"Feature","id":"US.IA.183","properties":{"hc-group":"admin2","hc-middle-x":0.50,"hc-middle-y":0.50,"hc-key":"us-ia-183","hc-a2":"WA","fips":"19183","name":"Washington"},"geometry":{"type":"Polygon","coordinates":[[[7246,4526],[7001,4518],[6855,4520],[6845,4920],[6840,5302],[6939,5304],[7038,5307],[7557,5317],[7570,5223],[7626,5122],[7634,4648],[7638,4534],[7442,4532],[7246,4526]]]}},{"type":"Feature","id":"US.IA.101","properties":{"hc-group":"admin2","hc-middle-x":0.50,"hc-middle-y":0.50,"hc-key":"us-ia-101","hc-a2":"JE","fips":"19101","name":"Jefferson"},"geometry":{"type":"Polygon","coordinates":[[[6855,4520],[7001,4518],[7246,4526],[7249,4216],[7254,3936],[6999,3932],[6467,3919],[6463,4145],[6456,4511],[6773,4519],[6855,4520]]]}},{"type":"Feature","id":"US.IA.119","properties":{"hc-group":"admin2","hc-middle-x":0.55,"hc-middle-y":0.50,"hc-key":"us-ia-119","hc-a2":"LY","fips":"19119","name":"Lyon"},"geometry":{"type":"Polygon","coordinates":[[[339,9811],[330,9464],[323,9265],[-475,9290],[-818,9307],[-868,9340],[-847,9396],[-774,9395],[-758,9612],[-791,9616],[-880,9736],[-846,9774],[-870,9851],[339,9811]]]}},{"type":"Feature","id":"US.IA.143","properties":{"hc-group":"admin2","hc-middle-x":0.50,"hc-middle-y":0.50,"hc-key":"us-ia-143","hc-a2":"OS","fips":"19143","name":"Osceola"},"geometry":{"type":"Polygon","coordinates":[[[323,9265],[330,9464],[339,9811],[930,9796],[1115,9792],[1111,9596],[1102,9240],[1102,9240],[712,9257],[323,9265]]]}},{"type":"Feature","id":"US.IA.153","properties":{"hc-group":"admin2","hc-middle-x":0.50,"hc-middle-y":0.50,"hc-key":"us-ia-153","hc-a2":"PO","fips":"19153","name":"Polk"},"geometry":{"type":"Polygon","coordinates":[[[3679,6072],[3745,6072],[3877,6072],[4158,6071],[4466,6071],[4466,5481],[4499,5481],[4500,5271],[4500,5253],[4500,5233],[4385,5223],[4358,5266],[4128,5279],[3718,5281],[3719,5480],[3679,5480],[3679,6072]]]}},{"type":"Feature","id":"US.IA.015","properties":{"hc-group":"admin2","hc-middle-x":0.50,"hc-middle-y":0.50,"hc-key":"us-ia-015","hc-a2":"BO","fips":"19015","name":"Boone"},"geometry":{"type":"Polygon","coordinates":[[[3877,6072],[3745,6072],[3679,6072],[3378,6073],[3092,6075],[3092,6170],[3097,6856],[3311,6854],[3487,6854],[3519,6853],[3878,6851],[3876,6433],[3877,6072]]]}},{"type":"Feature","id":"US.IA.157","properties":{"hc-group":"admin2","hc-middle-x":0.50,"hc-middle-y":0.50,"hc-key":"us-ia-157","hc-a2":"PO","fips":"19157","name":"Poweshiek"},"geometry":{"type":"Polygon","coordinates":[[[6245,5290],[6079,5287],[6051,5286],[5798,5283],[5468,5278],[5466,5487],[5449,5487],[5445,6074],[6103,6082],[6233,6084],[6234,5766],[6245,5290]]]}},{"type":"Feature","id":"US.IA.107","properties":{"hc-group":"admin2","hc-middle-x":0.50,"hc-middle-y":0.50,"hc-key":"us-ia-107","hc-a2":"KE","fips":"19107","name":"Keokuk"},"geometry":{"type":"Polygon","coordinates":[[[6051,5286],[6079,5287],[6245,5290],[6595,5296],[6840,5302],[6845,4920],[6855,4520],[6773,4519],[6456,4511],[6129,4505],[6064,4504],[6051,5265],[6051,5286]]]}},{"type":"Feature","id":"US.IA.179","properties":{"hc-group":"admin2","hc-middle-x":0.50,"hc-middle-y":0.50,"hc-key":"us-ia-179","hc-a2":"WA","fips":"19179","name":"Wapello"},"geometry":{"type":"Polygon","coordinates":[[[6064,4504],[6129,4505],[6456,4511],[6463,4145],[6467,3919],[6132,3913],[5681,3907],[5675,4370],[5673,4498],[5673,4498],[5836,4500],[6064,4504]]]}},{"type":"Feature","id":"US.IA.147","properties":{"hc-group":"admin2","hc-middle-x":0.50,"hc-middle-y":0.50,"hc-key":"us-ia-147","hc-a2":"PA","fips":"19147","name":"Palo Alto"},"geometry":{"type":"Polygon","coordinates":[[[1870,8447],[1877,8838],[1883,9225],[1883,9225],[1883,9225],[1883,9225],[2285,9219],[2657,9214],[2657,9085],[2649,8432],[2259,8439],[1870,8447]]]}},{"type":"Feature","id":"US.IA.063","properties":{"hc-group":"admin2","hc-middle-x":0.50,"hc-middle-y":0.50,"hc-key":"us-ia-063","hc-a2":"EM","fips":"19063","name":"Emmet"},"geometry":{"type":"Polygon","coordinates":[[[2657,9214],[2285,9219],[1883,9225],[1883,9225],[1883,9225],[1883,9225],[1887,9517],[1891,9778],[2222,9773],[2664,9766],[2663,9572],[2657,9214]]]}},{"type":"Feature","id":"US.IA.079","properties":{"hc-group":"admin2","hc-middle-x":0.50,"hc-middle-y":0.50,"hc-key":"us-ia-079","hc-a2":"HA","fips":"19079","name":"Hamilton"},"geometry":{"type":"Polygon","coordinates":[[[3878,6851],[3519,6853],[3487,6854],[3490,7444],[3424,7444],[3425,7638],[3621,7636],[4211,7635],[4211,7439],[4272,7439],[4272,6850],[4093,6850],[3878,6851]]]}},{"type":"Feature","id":"US.IA.033","properties":{"hc-group":"admin2","hc-middle-x":0.50,"hc-middle-y":0.50,"hc-key":"us-ia-033","hc-a2":"CG","fips":"19033","name":"Cerro Gordo"},"geometry":{"type":"Polygon","coordinates":[[[4212,8425],[4212,8426],[4214,8631],[4214,9206],[4733,9206],[4993,9208],[4993,9178],[4994,9112],[4998,8707],[4996,8425],[4540,8423],[4212,8425],[4212,8425]]]}},{"type":"Feature","id":"US.IA.069","properties":{"hc-group":"admin2","hc-middle-x":0.50,"hc-middle-y":0.50,"hc-key":"us-ia-069","hc-a2":"FR","fips":"19069","name":"Franklin"},"geometry":{"type":"Polygon","coordinates":[[[4212,8425],[4540,8423],[4996,8425],[4997,8092],[4997,7635],[4787,7634],[4211,7635],[4211,7637],[4212,8008],[4212,8425],[4212,8425]]]}},{"type":"Feature","id":"US.IA.169","properties":{"hc-group":"admin2","hc-middle-x":0.50,"hc-middle-y":0.50,"hc-key":"us-ia-169","hc-a2":"ST","fips":"19169","name":"Story"},"geometry":{"type":"Polygon","coordinates":[[[3878,6851],[4093,6850],[4272,6850],[4434,6850],[4659,6850],[4659,6850],[4659,6850],[4659,6850],[4660,6640],[4661,6071],[4546,6071],[4466,6071],[4158,6071],[3877,6072],[3876,6433],[3878,6851]]]}},{"type":"Feature","id":"US.IA.047","properties":{"hc-group":"admin2","hc-middle-x":0.50,"hc-middle-y":0.50,"hc-key":"us-ia-047","hc-a2":"CR","fips":"19047","name":"Crawford"},"geometry":{"type":"Polygon","coordinates":[[[747,6114],[696,6115],[553,6118],[566,6563],[576,6902],[964,6891],[1158,6887],[1353,6883],[1547,6878],[1536,6395],[1529,6097],[1143,6106],[747,6114]]]}},{"type":"Feature","id":"US.IA.085","properties":{"hc-group":"admin2","hc-middle-x":0.45,"hc-middle-y":0.50,"hc-key":"us-ia-085","hc-a2":"HA","fips":"19085","name":"Harrison"},"geometry":{"type":"MultiPolygon","coordinates":[[[[553,6118],[696,6115],[747,6114],[732,5526],[834,5523],[828,5307],[682,5310],[-15,5331],[-19,5405],[-64,5408],[-90,5333],[-175,5397],[-154,5487],[-207,5551],[-173,5649],[-216,5734],[-139,5770],[-181,5836],[-112,5975],[-185,6051],[-186,6110],[-231,6147],[-231,6147],[17,6133],[553,6118]]],[[[-231,6147],[-231,6147],[-231,6147],[-231,6147]]],[[[-231,6147],[-231,6147],[-231,6147],[-231,6147]]],[[[-231,6147],[-231,6147],[-231,6147],[-231,6147],[-231,6147],[-231,6147],[-231,6147]]]]}},{"type":"Feature","id":"US.IA.121","properties":{"hc-group":"admin2","hc-middle-x":0.50,"hc-middle-y":0.50,"hc-key":"us-ia-121","hc-a2":"MA","fips":"19121","name":"Madison"},"geometry":{"type":"Polygon","coordinates":[[[3335,4483],[3109,4484],[2948,4487],[2952,4881],[2955,5267],[3538,5262],[3718,5281],[3717,4983],[3718,4493],[3530,4481],[3335,4483]]]}},{"type":"Feature","id":"US.IA.171","properties":{"hc-group":"admin2","hc-middle-x":0.50,"hc-middle-y":0.50,"hc-key":"us-ia-171","hc-a2":"TA","fips":"19171","name":"Tama"},"geometry":{"type":"Polygon","coordinates":[[[5825,7057],[5890,7058],[6218,7063],[6230,6352],[6233,6084],[6103,6082],[5445,6074],[5444,6249],[5436,6857],[5433,7052],[5825,7057]]]}},{"type":"Feature","id":"US.IA.013","properties":{"hc-group":"admin2","hc-middle-x":0.50,"hc-middle-y":0.50,"hc-key":"us-ia-013","hc-a2":"BH","fips":"19013","name":"Black Hawk"},"geometry":{"type":"Polygon","coordinates":[[[6218,7063],[5890,7058],[5825,7057],[5820,7446],[5786,7445],[5784,7639],[5783,7656],[5782,7834],[5782,7834],[6110,7838],[6568,7845],[6575,7453],[6603,7454],[6609,7069],[6414,7066],[6218,7063]]]}},{"type":"Feature","id":"US.IA.039","properties":{"hc-group":"admin2","hc-middle-x":0.50,"hc-middle-y":0.50,"hc-key":"us-ia-039","hc-a2":"CL","fips":"19039","name":"Clarke"},"geometry":{"type":"Polygon","coordinates":[[[3335,4483],[3530,4481],[3718,4493],[4034,4491],[4112,4490],[4114,4095],[4113,3898],[3705,3901],[3330,3898],[3331,4125],[3335,4483]]]}},{"type":"Feature","id":"US.IA.011","properties":{"hc-group":"admin2","hc-middle-x":0.50,"hc-middle-y":0.50,"hc-key":"us-ia-011","hc-a2":"BE","fips":"19011","name":"Benton"},"geometry":{"type":"Polygon","coordinates":[[[6218,7063],[6414,7066],[6609,7069],[6776,7072],[6999,7080],[7004,6490],[7018,6096],[6652,6091],[6233,6084],[6230,6352],[6218,7063]]]}},{"type":"Feature","id":"US.IA.019","properties":{"hc-group":"admin2","hc-middle-x":0.50,"hc-middle-y":0.50,"hc-key":"us-ia-019","hc-a2":"BU","fips":"19019","name":"Buchanan"},"geometry":{"type":"Polygon","coordinates":[[[6999,7080],[6776,7072],[6609,7069],[6603,7454],[6575,7453],[6568,7845],[6962,7855],[7356,7864],[7356,7864],[7356,7864],[7363,7471],[7381,7471],[7391,7082],[7174,7078],[6999,7080]]]}},{"type":"Feature","id":"US.IA.181","properties":{"hc-group":"admin2","hc-middle-x":0.50,"hc-middle-y":0.50,"hc-key":"us-ia-181","hc-a2":"WA","fips":"19181","name":"Warren"},"geometry":{"type":"Polygon","coordinates":[[[4112,4490],[4034,4491],[3718,4493],[3717,4983],[3718,5281],[4128,5279],[4358,5266],[4385,5223],[4500,5233],[4501,4914],[4503,4489],[4276,4489],[4112,4490]]]}},{"type":"Feature","id":"US.IA.117","properties":{"hc-group":"admin2","hc-middle-x":0.50,"hc-middle-y":0.50,"hc-key":"us-ia-117","hc-a2":"LU","fips":"19117","name":"Lucas"},"geometry":{"type":"Polygon","coordinates":[[[4503,4489],[4699,4490],[4892,4491],[4894,4240],[4898,3900],[4243,3897],[4113,3898],[4114,4095],[4112,4490],[4276,4489],[4503,4489]]]}},{"type":"Feature","id":"US.IA.099","properties":{"hc-group":"admin2","hc-middle-x":0.50,"hc-middle-y":0.50,"hc-key":"us-ia-099","hc-a2":"JA","fips":"19099","name":"Jasper"},"geometry":{"type":"Polygon","coordinates":[[[4466,6071],[4546,6071],[4661,6071],[5156,6073],[5445,6074],[5449,5487],[5466,5487],[5468,5278],[5395,5278],[5274,5276],[4998,5274],[4500,5271],[4499,5481],[4466,5481],[4466,6071]]]}},{"type":"Feature","id":"US.IA.003","properties":{"hc-group":"admin2","hc-middle-x":0.50,"hc-middle-y":0.50,"hc-key":"us-ia-003","hc-a2":"AD","fips":"19003","name":"Adams"},"geometry":{"type":"Polygon","coordinates":[[[2167,4498],[2423,4494],[2558,4491],[2554,4109],[2551,3910],[2165,3916],[1769,3924],[1778,4372],[1780,4505],[1965,4501],[2167,4498]]]}},{"type":"Feature","id":"US.IA.105","properties":{"hc-group":"admin2","hc-middle-x":0.50,"hc-middle-y":0.50,"hc-key":"us-ia-105","hc-a2":"JO","fips":"19105","name":"Jones"},"geometry":{"type":"Polygon","coordinates":[[[8171,7100],[8357,7106],[8559,7111],[8569,6750],[8576,6522],[8579,6438],[8582,6325],[8002,6311],[7797,6306],[7795,6424],[7781,7092],[7781,7092],[7992,7096],[8171,7100]]]}},{"type":"Feature","id":"US.IA.061","properties":{"hc-group":"admin2","hc-middle-x":0.38,"hc-middle-y":0.49,"hc-key":"us-ia-061","hc-a2":"DU","fips":"19061","name":"Dubuque"},"geometry":{"type":"MultiPolygon","coordinates":[[[[8559,7111],[8357,7106],[8171,7100],[8159,7495],[8146,7888],[8536,7900],[8534,7966],[8830,7898],[8933,7737],[8969,7604],[8958,7529],[9094,7458],[9122,7402],[9261,7328],[8942,7319],[8947,7122],[8559,7111]]],[[[8145,7888],[8146,7888],[8145,7888],[8145,7888],[8145,7888],[8145,7888]]]]}},{"type":"Feature","id":"US.IA.055","properties":{"hc-group":"admin2","hc-middle-x":0.50,"hc-middle-y":0.50,"hc-key":"us-ia-055","hc-a2":"DE","fips":"19055","name":"Delaware"},"geometry":{"type":"MultiPolygon","coordinates":[[[[8159,7495],[8171,7100],[7992,7096],[7781,7092],[7781,7092],[7781,7092],[7758,7091],[7728,7090],[7586,7086],[7554,7085],[7391,7082],[7381,7471],[7363,7471],[7356,7864],[7356,7864],[7550,7869],[8145,7888],[8145,7888],[8145,7888],[8145,7888],[8159,7495]]],[[[8145,7888],[8146,7888],[8145,7888],[8145,7888]]]]}},{"type":"Feature","id":"US.IA.155","properties":{"hc-group":"admin2","hc-middle-x":0.53,"hc-middle-y":0.50,"hc-key":"us-ia-155","hc-a2":"PO","fips":"19155","name":"Pottawattamie"},"geometry":{"type":"Polygon","coordinates":[[[1392,4513],[1198,4518],[1003,4523],[170,4545],[159,4544],[223,4563],[183,4608],[88,4616],[112,4815],[172,4825],[160,4901],[93,4910],[41,4975],[90,5020],[76,5067],[103,5220],[-30,5253],[-55,5298],[-15,5331],[682,5310],[828,5307],[1241,5297],[1409,5292],[1404,5029],[1392,4513]]]}},{"type":"Feature","id":"US.IA.137","properties":{"hc-group":"admin2","hc-middle-x":0.50,"hc-middle-y":0.50,"hc-key":"us-ia-137","hc-a2":"MO","fips":"19137","name":"Montgomery"},"geometry":{"type":"Polygon","coordinates":[[[1003,4523],[1198,4518],[1392,4513],[1701,4506],[1780,4505],[1778,4372],[1769,3924],[1290,3934],[989,3941],[997,4298],[1003,4523]]]}},{"type":"Feature","id":"US.IA.029","properties":{"hc-group":"admin2","hc-middle-x":0.50,"hc-middle-y":0.50,"hc-key":"us-ia-029","hc-a2":"CA","fips":"19029","name":"Cass"},"geometry":{"type":"Polygon","coordinates":[[[1780,4505],[1701,4506],[1392,4513],[1404,5029],[1409,5292],[1524,5290],[1602,5287],[1602,5287],[1947,5281],[2178,5277],[2173,4881],[2167,4498],[1965,4501],[1780,4505]]]}},{"type":"Feature","id":"US.IA.145","properties":{"hc-group":"admin2","hc-middle-x":0.50,"hc-middle-y":0.50,"hc-key":"us-ia-145","hc-a2":"PA","fips":"19145","name":"Page"},"geometry":{"type":"Polygon","coordinates":[[[1290,3934],[1769,3924],[1762,3534],[1789,3533],[1780,3190],[1648,3194],[992,3218],[1005,3551],[980,3551],[989,3941],[989,3941],[989,3941],[1290,3934]]]}},{"type":"Feature","id":"US.IA.129","properties":{"hc-group":"admin2","hc-middle-x":0.50,"hc-middle-y":0.50,"hc-key":"us-ia-129","hc-a2":"MI","fips":"19129","name":"Mills"},"geometry":{"type":"Polygon","coordinates":[[[989,3941],[611,3951],[257,3960],[219,4006],[230,4140],[178,4178],[185,4270],[154,4304],[185,4385],[159,4544],[170,4545],[1003,4523],[997,4298],[989,3941],[989,3941],[989,3941]]]}},{"type":"Feature","id":"US.IA.081","properties":{"hc-group":"admin2","hc-middle-x":0.50,"hc-middle-y":0.50,"hc-key":"us-ia-081","hc-a2":"HA","fips":"19081","name":"Hancock"},"geometry":{"type":"Polygon","coordinates":[[[4214,9206],[4214,8631],[4212,8457],[4212,8426],[4212,8425],[3691,8426],[3430,8425],[3433,8783],[3435,9208],[3516,9207],[4214,9206]]]}},{"type":"Feature","id":"US.IA.197","properties":{"hc-group":"admin2","hc-middle-x":0.50,"hc-middle-y":0.50,"hc-key":"us-ia-197","hc-a2":"WR","fips":"19197","name":"Wright"},"geometry":{"type":"Polygon","coordinates":[[[4212,8008],[4211,7635],[3621,7636],[3425,7638],[3426,7788],[3426,7833],[3429,8404],[3430,8425],[3691,8426],[4212,8425],[4212,8425],[4212,8008]]]}},{"type":"Feature","id":"US.IA.161","properties":{"hc-group":"admin2","hc-middle-x":0.55,"hc-middle-y":0.50,"hc-key":"us-ia-161","hc-a2":"SA","fips":"19161","name":"Sac"},"geometry":{"type":"Polygon","coordinates":[[[1936,6869],[1773,6872],[1547,6878],[1353,6883],[1158,6887],[1172,7481],[1064,7483],[1067,7679],[1196,7674],[1855,7660],[1852,7466],[1948,7464],[1936,6869]]]}},{"type":"Feature","id":"US.IA.027","properties":{"hc-group":"admin2","hc-middle-x":0.50,"hc-middle-y":0.50,"hc-key":"us-ia-027","hc-a2":"CA","fips":"19027","name":"Carroll"},"geometry":{"type":"Polygon","coordinates":[[[1547,6878],[1773,6872],[1936,6869],[2118,6866],[2320,6863],[2320,6863],[2310,6185],[2310,6083],[2229,6084],[2115,6085],[1824,6091],[1529,6097],[1536,6395],[1547,6878]]]}},{"type":"Feature","id":"US.IA.113","properties":{"hc-group":"admin2","hc-middle-x":0.50,"hc-middle-y":0.50,"hc-key":"us-ia-113","hc-a2":"LI","fips":"19113","name":"Linn"},"geometry":{"type":"Polygon","coordinates":[[[6999,7080],[7174,7078],[7391,7082],[7554,7085],[7781,7092],[7781,7092],[7781,7092],[7795,6424],[7797,6306],[7800,6152],[7801,6109],[7587,6104],[7018,6096],[7004,6490],[6999,7080]]]}},{"type":"Feature","id":"US.IA.017","properties":{"hc-group":"admin2","hc-middle-x":0.50,"hc-middle-y":0.50,"hc-key":"us-ia-017","hc-a2":"BR","fips":"19017","name":"Bremer"},"geometry":{"type":"Polygon","coordinates":[[[6215,8436],[6558,8441],[6563,8091],[6568,7845],[6110,7838],[5782,7834],[5782,7834],[5777,8296],[5775,8430],[5775,8430],[6215,8436]]]}},{"type":"Feature","id":"US.IA.037","properties":{"hc-group":"admin2","hc-middle-x":0.50,"hc-middle-y":0.50,"hc-key":"us-ia-037","hc-a2":"CH","fips":"19037","name":"Chickasaw"},"geometry":{"type":"Polygon","coordinates":[[[6215,8436],[5775,8430],[5775,8430],[5770,8919],[5767,9119],[6381,9127],[6547,9130],[6549,9001],[6552,8837],[6554,8703],[6558,8441],[6215,8436]]]}},{"type":"Feature","id":"US.IA.067","properties":{"hc-group":"admin2","hc-middle-x":0.50,"hc-middle-y":0.50,"hc-key":"us-ia-067","hc-a2":"FL","fips":"19067","name":"Floyd"},"geometry":{"type":"Polygon","coordinates":[[[5767,9119],[5770,8919],[5775,8439],[5775,8430],[5337,8426],[4996,8425],[4998,8707],[4994,9112],[5394,9115],[5767,9119]]]}},{"type":"Feature","id":"US.IA.065","properties":{"hc-group":"admin2","hc-middle-x":0.50,"hc-middle-y":0.50,"hc-key":"us-ia-065","hc-a2":"FA","fips":"19065","name":"Fayette"},"geometry":{"type":"Polygon","coordinates":[[[6558,8441],[6554,8703],[6552,8837],[6934,8842],[7337,8850],[7348,8210],[7356,7864],[7356,7864],[6962,7855],[6568,7845],[6563,8091],[6558,8441]]]}},{"type":"Feature","id":"US.IA.043","properties":{"hc-group":"admin2","hc-middle-x":0.38,"hc-middle-y":0.49,"hc-key":"us-ia-043","hc-a2":"CL","fips":"19043","name":"Clayton"},"geometry":{"type":"Polygon","coordinates":[[[8145,7888],[7550,7869],[7356,7864],[7356,7864],[7356,7864],[7348,8210],[7337,8850],[7845,8861],[8044,8864],[8051,8771],[8083,8658],[8110,8471],[8183,8424],[8197,8307],[8223,8300],[8251,8128],[8441,7989],[8534,7966],[8536,7900],[8146,7888],[8146,7888],[8145,7888],[8145,7888],[8145,7888],[8145,7888],[8145,7888],[8145,7888]]]}},{"type":"Feature","id":"US.IA.189","properties":{"hc-group":"admin2","hc-middle-x":0.50,"hc-middle-y":0.50,"hc-key":"us-ia-189","hc-a2":"WI","fips":"19189","name":"Winnebago"},"geometry":{"type":"Polygon","coordinates":[[[4214,9756],[4213,9550],[4214,9206],[3516,9207],[3435,9208],[3436,9477],[3438,9759],[3491,9758],[4214,9756]]]}},{"type":"Feature","id":"US.IA.195","properties":{"hc-group":"admin2","hc-middle-x":0.50,"hc-middle-y":0.50,"hc-key":"us-ia-195","hc-a2":"WO","fips":"19195","name":"Worth"},"geometry":{"type":"Polygon","coordinates":[[[4214,9206],[4213,9550],[4214,9756],[4540,9756],[4990,9758],[4992,9502],[4993,9208],[4733,9206],[4214,9206]]]}},{"type":"Feature","id":"US.IA.021","properties":{"hc-group":"admin2","hc-middle-x":0.50,"hc-middle-y":0.50,"hc-key":"us-ia-021","hc-a2":"BV","fips":"19021","name":"Buena Vista"},"geometry":{"type":"Polygon","coordinates":[[[1085,8463],[1639,8451],[1870,8447],[1863,8052],[1855,7660],[1196,7674],[1067,7679],[1077,8077],[1085,8463],[1085,8463]]]}},{"type":"Feature","id":"US.IA.035","properties":{"hc-group":"admin2","hc-middle-x":0.50,"hc-middle-y":0.50,"hc-key":"us-ia-035","hc-a2":"CH","fips":"19035","name":"Cherokee"},"geometry":{"type":"Polygon","coordinates":[[[1085,8463],[1077,8077],[1067,7679],[853,7684],[479,7692],[416,7694],[282,7696],[291,8057],[305,8481],[697,8473],[1085,8463],[1085,8463]]]}},{"type":"Feature","id":"US.IA.193","properties":{"hc-group":"admin2","hc-middle-x":0.55,"hc-middle-y":0.50,"hc-key":"us-ia-193","hc-a2":"WO","fips":"19193","name":"Woodbury"},"geometry":{"type":"Polygon","coordinates":[[[282,7696],[416,7694],[479,7692],[473,7498],[594,7494],[576,6902],[84,6916],[-571,6944],[-515,6976],[-566,7082],[-586,7160],[-647,7222],[-645,7392],[-593,7466],[-626,7557],[-749,7570],[-776,7628],[-745,7718],[-781,7731],[-647,7729],[282,7696]]]}},{"type":"Feature","id":"US.IA.135","properties":{"hc-group":"admin2","hc-middle-x":0.50,"hc-middle-y":0.50,"hc-key":"us-ia-135","hc-a2":"MO","fips":"19135","name":"Monroe"},"geometry":{"type":"Polygon","coordinates":[[[5282,4494],[5478,4496],[5673,4498],[5673,4498],[5675,4370],[5681,3907],[5278,3903],[4898,3900],[4894,4240],[4892,4491],[4943,4491],[5282,4494],[5282,4494]]]}},{"type":"Feature","id":"US.IA.103","properties":{"hc-group":"admin2","hc-middle-x":0.50,"hc-middle-y":0.41,"hc-key":"us-ia-103","hc-a2":"JO","fips":"19103","name":"Johnson"},"geometry":{"type":"Polygon","coordinates":[[[7822,5126],[7783,5126],[7626,5122],[7570,5223],[7557,5317],[7038,5307],[7027,5507],[7018,6096],[7587,6104],[7801,6109],[7807,5893],[7816,5520],[7818,5349],[7822,5126]]]}},{"type":"Feature","id":"US.IA.177","properties":{"hc-group":"admin2","hc-middle-x":0.50,"hc-middle-y":0.50,"hc-key":"us-ia-177","hc-a2":"VB","fips":"19177","name":"Van Buren"},"geometry":{"type":"Polygon","coordinates":[[[7254,3936],[7255,3855],[7258,3739],[7268,3290],[7271,3255],[7249,3289],[6882,3264],[6476,3245],[6476,3430],[6467,3919],[6999,3932],[7254,3936]]]}},{"type":"Feature","id":"US.IA.111","properties":{"hc-group":"admin2","hc-middle-x":0.29,"hc-middle-y":0.39,"hc-key":"us-ia-111","hc-a2":"LE","fips":"19111","name":"Lee"},"geometry":{"type":"Polygon","coordinates":[[[7271,3255],[7268,3290],[7258,3739],[7458,3745],[7787,3750],[7866,3702],[7988,3664],[8181,3524],[8191,3554],[8302,3501],[8289,3448],[8181,3366],[8074,3364],[7968,3331],[7884,3277],[7807,3142],[7873,3075],[7856,2931],[7873,2820],[7794,2771],[7717,2763],[7611,2840],[7606,2947],[7534,2954],[7447,3048],[7431,3135],[7334,3154],[7326,3212],[7271,3255]]]}},{"type":"Feature","id":"US.IA.083","properties":{"hc-group":"admin2","hc-middle-x":0.50,"hc-middle-y":0.50,"hc-key":"us-ia-083","hc-a2":"HA","fips":"19083","name":"Hardin"},"geometry":{"type":"Polygon","coordinates":[[[4211,7635],[4787,7634],[4997,7635],[4998,7441],[5039,7441],[5044,6853],[4837,6850],[4659,6850],[4659,6850],[4659,6850],[4659,6850],[4434,6850],[4272,6850],[4272,7439],[4211,7439],[4211,7635],[4211,7635]]]}},{"type":"Feature","id":"US.IA.127","properties":{"hc-group":"admin2","hc-middle-x":0.50,"hc-middle-y":0.50,"hc-key":"us-ia-127","hc-a2":"MA","fips":"19127","name":"Marshall"},"geometry":{"type":"Polygon","coordinates":[[[4837,6850],[5044,6853],[5257,6856],[5436,6857],[5444,6249],[5445,6074],[5156,6073],[4661,6071],[4660,6640],[4659,6850],[4659,6850],[4659,6850],[4837,6850]]]}},{"type":"Feature","id":"US.IA.009","properties":{"hc-group":"admin2","hc-middle-x":0.51,"hc-middle-y":0.50,"hc-key":"us-ia-009","hc-a2":"AU","fips":"19009","name":"Audubon"},"geometry":{"type":"Polygon","coordinates":[[[1606,5507],[1518,5508],[1529,6097],[1824,6091],[2115,6085],[2107,5499],[2180,5498],[2178,5277],[1947,5281],[1602,5287],[1602,5287],[1606,5507]]]}},{"type":"Feature","id":"US.IA.165","properties":{"hc-group":"admin2","hc-middle-x":0.45,"hc-middle-y":0.50,"hc-key":"us-ia-165","hc-a2":"SH","fips":"19165","name":"Shelby"},"geometry":{"type":"Polygon","coordinates":[[[1606,5507],[1602,5287],[1602,5287],[1524,5290],[1409,5292],[1241,5297],[828,5307],[834,5523],[732,5526],[747,6114],[1143,6106],[1529,6097],[1518,5508],[1606,5507]]]}},{"type":"Feature","id":"US.IA.031","properties":{"hc-group":"admin2","hc-middle-x":0.50,"hc-middle-y":0.50,"hc-key":"us-ia-031","hc-a2":"CE","fips":"19031","name":"Cedar"},"geometry":{"type":"Polygon","coordinates":[[[8582,6325],[8589,6113],[8595,5932],[8596,5884],[8604,5539],[8330,5532],[7816,5520],[7807,5893],[7801,6109],[7800,6152],[7797,6306],[8002,6311],[8582,6325]]]}},{"type":"Feature","id":"US.IA.045","properties":{"hc-group":"admin2","hc-middle-x":0.45,"hc-middle-y":0.46,"hc-key":"us-ia-045","hc-a2":"CL","fips":"19045","name":"Clinton"},"geometry":{"type":"Polygon","coordinates":[[[8595,5932],[8589,6113],[8582,6325],[8579,6438],[8576,6522],[8788,6527],[9825,6565],[9851,6482],[9814,6374],[9838,6330],[9789,6045],[9639,5959],[9578,5870],[9424,5865],[9395,5912],[9310,5960],[9202,5963],[9133,5922],[8969,5920],[8908,5859],[8784,5938],[8595,5932]]]}},{"type":"Feature","id":"US.IA.023","properties":{"hc-group":"admin2","hc-middle-x":0.50,"hc-middle-y":0.50,"hc-key":"us-ia-023","hc-a2":"BU","fips":"19023","name":"Butler"},"geometry":{"type":"Polygon","coordinates":[[[5783,7656],[5784,7639],[5227,7635],[4997,7635],[4997,8092],[4996,8425],[5337,8426],[5775,8430],[5775,8430],[5777,8296],[5782,7834],[5782,7834],[5783,7656]]]}},{"type":"Feature","id":"US.IA.131","properties":{"hc-group":"admin2","hc-middle-x":0.50,"hc-middle-y":0.50,"hc-key":"us-ia-131","hc-a2":"MI","fips":"19131","name":"Mitchell"},"geometry":{"type":"Polygon","coordinates":[[[4994,9112],[4993,9178],[4993,9208],[4992,9502],[4990,9758],[5322,9761],[5762,9766],[5764,9509],[5767,9119],[5394,9115],[4994,9112]]]}},{"type":"Feature","id":"US.IA.095","properties":{"hc-group":"admin2","hc-middle-x":0.50,"hc-middle-y":0.50,"hc-key":"us-ia-095","hc-a2":"IO","fips":"19095","name":"Iowa"},"geometry":{"type":"Polygon","coordinates":[[[7038,5307],[6939,5304],[6840,5302],[6595,5296],[6245,5290],[6234,5766],[6233,6084],[6652,6091],[7018,6096],[7027,5507],[7038,5307]]]}},{"type":"Feature","id":"US.IA.073","properties":{"hc-group":"admin2","hc-middle-x":0.50,"hc-middle-y":0.50,"hc-key":"us-ia-073","hc-a2":"GR","fips":"19073","name":"Greene"},"geometry":{"type":"Polygon","coordinates":[[[2934,6857],[3097,6856],[3092,6170],[3092,6075],[3026,6076],[2896,6077],[2513,6081],[2310,6083],[2310,6185],[2320,6863],[2320,6863],[2321,6863],[2707,6858],[2707,6858],[2708,6858],[2707,6858],[2934,6857]]]}},{"type":"Feature","id":"US.IA.049","properties":{"hc-group":"admin2","hc-middle-x":0.50,"hc-middle-y":0.50,"hc-key":"us-ia-049","hc-a2":"DA","fips":"19049","name":"Dallas"},"geometry":{"type":"Polygon","coordinates":[[[2896,6077],[3026,6076],[3092,6075],[3378,6073],[3679,6072],[3679,5480],[3719,5480],[3718,5281],[3538,5262],[2955,5267],[2957,5486],[2891,5487],[2896,6077]]]}},{"type":"Feature","id":"US.IA.077","properties":{"hc-group":"admin2","hc-middle-x":0.50,"hc-middle-y":0.50,"hc-key":"us-ia-077","hc-a2":"GU","fips":"19077","name":"Guthrie"},"geometry":{"type":"Polygon","coordinates":[[[2115,6085],[2229,6084],[2310,6083],[2513,6081],[2896,6077],[2891,5487],[2957,5486],[2955,5267],[2804,5268],[2178,5277],[2180,5498],[2107,5499],[2115,6085]]]}},{"type":"Feature","id":"US.IA.191","properties":{"hc-group":"admin2","hc-middle-x":0.50,"hc-middle-y":0.50,"hc-key":"us-ia-191","hc-a2":"WI","fips":"19191","name":"Winneshiek"},"geometry":{"type":"Polygon","coordinates":[[[6552,8837],[6549,9001],[6547,9130],[6543,9470],[6538,9778],[6817,9783],[7307,9793],[7315,9436],[7326,9436],[7337,8850],[6934,8842],[6552,8837]]]}},{"type":"Feature","id":"US.IA.133","properties":{"hc-group":"admin2","hc-middle-x":0.61,"hc-middle-y":0.51,"hc-key":"us-ia-133","hc-a2":"MO","fips":"19133","name":"Monona"},"geometry":{"type":"Polygon","coordinates":[[[-231,6147],[-231,6147],[-267,6231],[-223,6284],[-214,6391],[-288,6397],[-298,6462],[-394,6454],[-359,6519],[-443,6562],[-429,6702],[-558,6830],[-571,6944],[84,6916],[576,6902],[566,6563],[553,6118],[17,6133],[-231,6147],[-231,6147],[-231,6147],[-231,6147],[-231,6147],[-231,6147],[-231,6147],[-231,6147]]]}},{"type":"Feature","id":"US.IA.093","properties":{"hc-group":"admin2","hc-middle-x":0.57,"hc-middle-y":0.58,"hc-key":"us-ia-093","hc-a2":"ID","fips":"19093","name":"Ida"},"geometry":{"type":"Polygon","coordinates":[[[576,6902],[594,7494],[473,7498],[479,7692],[853,7684],[1067,7679],[1064,7483],[1172,7481],[1158,6887],[964,6891],[576,6902]]]}},{"type":"Feature","id":"US.IA.007","properties":{"hc-group":"admin2","hc-middle-x":0.50,"hc-middle-y":0.50,"hc-key":"us-ia-007","hc-a2":"AP","fips":"19007","name":"Appanoose"},"geometry":{"type":"Polygon","coordinates":[[[4898,3900],[5278,3903],[5681,3907],[5684,3614],[5690,3213],[5134,3201],[4901,3192],[4899,3684],[4898,3900]]]}},{"type":"Feature","id":"US.IA.075","properties":{"hc-group":"admin2","hc-middle-x":0.50,"hc-middle-y":0.46,"hc-key":"us-ia-075","hc-a2":"GR","fips":"19075","name":"Grundy"},"geometry":{"type":"Polygon","coordinates":[[[5825,7057],[5433,7052],[5436,6857],[5257,6856],[5044,6853],[5039,7441],[4998,7441],[4997,7635],[5227,7635],[5784,7639],[5786,7445],[5820,7446],[5825,7057]]]}},{"type":"Feature","id":"US.IA.059","properties":{"hc-group":"admin2","hc-middle-x":0.50,"hc-middle-y":0.50,"hc-key":"us-ia-059","hc-a2":"DI","fips":"19059","name":"Dickinson"},"geometry":{"type":"Polygon","coordinates":[[[1883,9225],[1556,9231],[1115,9240],[1102,9240],[1111,9596],[1115,9792],[1476,9786],[1891,9778],[1887,9517],[1883,9225],[1883,9225],[1883,9225]]]}},{"type":"Feature","id":"US.IA.139","properties":{"hc-group":"admin2","hc-middle-x":0.35,"hc-middle-y":0.51,"hc-key":"us-ia-139","hc-a2":"MU","fips":"19139","name":"Muscatine"},"geometry":{"type":"Polygon","coordinates":[[[8806,5221],[8686,5217],[8564,5142],[8488,5168],[8366,5110],[8330,4938],[7826,4930],[7822,5126],[7818,5349],[7816,5520],[8330,5532],[8604,5539],[8800,5544],[8806,5221]]]}},{"type":"Feature","id":"US.IA.173","properties":{"hc-group":"admin2","hc-middle-x":0.50,"hc-middle-y":0.50,"hc-key":"us-ia-173","hc-a2":"TA","fips":"19173","name":"Taylor"},"geometry":{"type":"Polygon","coordinates":[[[2542,3170],[2330,3173],[1780,3190],[1789,3533],[1762,3534],[1769,3924],[2165,3916],[2551,3910],[2549,3836],[2542,3170]]]}},{"type":"Feature","id":"US.IA.149","properties":{"hc-group":"admin2","hc-middle-x":0.50,"hc-middle-y":0.49,"hc-key":"us-ia-149","hc-a2":"PL","fips":"19149","name":"Plymouth"},"geometry":{"type":"Polygon","coordinates":[[[282,7696],[-647,7729],[-781,7731],[-803,7883],[-838,7947],[-953,8056],[-999,8136],[-993,8198],[-939,8237],[-884,8359],[-834,8384],[-819,8516],[77,8489],[305,8481],[291,8057],[282,7696]]]}},{"type":"Feature","id":"US.IA.109","properties":{"hc-group":"admin2","hc-middle-x":0.50,"hc-middle-y":0.50,"hc-key":"us-ia-109","hc-a2":"KO","fips":"19109","name":"Kossuth"},"geometry":{"type":"Polygon","coordinates":[[[2664,9766],[3177,9761],[3438,9759],[3436,9477],[3435,9208],[3433,8783],[3430,8425],[3180,8428],[2649,8432],[2657,9085],[2657,9214],[2663,9572],[2664,9766]]]}},{"type":"Feature","id":"US.IA.053","properties":{"hc-group":"admin2","hc-middle-x":0.50,"hc-middle-y":0.50,"hc-key":"us-ia-053","hc-a2":"DE","fips":"19053","name":"Decatur"},"geometry":{"type":"Polygon","coordinates":[[[4112,3182],[3668,3176],[3324,3170],[3328,3736],[3330,3898],[3705,3901],[4113,3898],[4114,3605],[4112,3182]]]}},{"type":"Feature","id":"US.IA.159","properties":{"hc-group":"admin2","hc-middle-x":0.50,"hc-middle-y":0.51,"hc-key":"us-ia-159","hc-a2":"RI","fips":"19159","name":"Ringgold"},"geometry":{"type":"Polygon","coordinates":[[[3330,3898],[3328,3736],[3324,3170],[2952,3168],[2542,3170],[2549,3836],[2551,3910],[2943,3903],[3330,3898]]]}},{"type":"Feature","id":"US.IA.051","properties":{"hc-group":"admin2","hc-middle-x":0.50,"hc-middle-y":0.50,"hc-key":"us-ia-051","hc-a2":"DA","fips":"19051","name":"Davis"},"geometry":{"type":"Polygon","coordinates":[[[6467,3919],[6476,3430],[6476,3245],[5952,3226],[5690,3213],[5684,3614],[5681,3907],[6132,3913],[6467,3919]]]}},{"type":"Feature","id":"US.IA.185","properties":{"hc-group":"admin2","hc-middle-x":0.50,"hc-middle-y":0.50,"hc-key":"us-ia-185","hc-a2":"WA","fips":"19185","name":"Wayne"},"geometry":{"type":"Polygon","coordinates":[[[4113,3898],[4243,3897],[4898,3900],[4899,3684],[4901,3192],[4621,3184],[4112,3182],[4114,3605],[4113,3898]]]}},{"type":"Feature","id":"US.IA.057","properties":{"hc-group":"admin2","hc-middle-x":0.50,"hc-middle-y":0.39,"hc-key":"us-ia-057","hc-a2":"DM","fips":"19057","name":"Des Moines"},"geometry":{"type":"Polygon","coordinates":[[[8556,4356],[8571,4271],[8543,4023],[8483,3983],[8321,3761],[8331,3683],[8295,3566],[8302,3501],[8191,3554],[8181,3524],[7988,3664],[7866,3702],[7787,3750],[7851,3751],[7838,4340],[8182,4346],[8556,4356]]]}},{"type":"Feature","id":"US.IA.163","properties":{"hc-group":"admin2","hc-middle-x":0.47,"hc-middle-y":0.41,"hc-key":"us-ia-163","hc-a2":"SC","fips":"19163","name":"Scott"},"geometry":{"type":"Polygon","coordinates":[[[8595,5932],[8784,5938],[8908,5859],[8969,5920],[9133,5922],[9202,5963],[9310,5960],[9395,5912],[9424,5865],[9578,5870],[9587,5804],[9540,5684],[9545,5551],[9430,5496],[9351,5399],[9216,5400],[9125,5362],[9027,5249],[8889,5217],[8806,5221],[8800,5544],[8604,5539],[8596,5884],[8595,5932]]]}},{"type":"Feature","id":"US.IA.097","properties":{"hc-group":"admin2","hc-middle-x":0.39,"hc-middle-y":0.53,"hc-key":"us-ia-097","hc-a2":"JA","fips":"19097","name":"Jackson"},"geometry":{"type":"Polygon","coordinates":[[[8559,7111],[8947,7122],[8942,7319],[9261,7328],[9362,7200],[9341,7099],[9412,6982],[9722,6830],[9737,6782],[9803,6752],[9797,6660],[9825,6565],[8788,6527],[8576,6522],[8569,6750],[8559,7111]]]}},{"type":"Feature","id":"US.IA.091","properties":{"hc-group":"admin2","hc-middle-x":0.50,"hc-middle-y":0.50,"hc-key":"us-ia-091","hc-a2":"HU","fips":"19091","name":"Humboldt"},"geometry":{"type":"Polygon","coordinates":[[[3426,7833],[3099,7835],[2642,7840],[2644,8059],[2649,8432],[3180,8428],[3430,8425],[3429,8404],[3426,7833]]]}},{"type":"Feature","id":"US.IA.071","properties":{"hc-group":"admin2","hc-middle-x":0.58,"hc-middle-y":0.50,"hc-key":"us-ia-071","hc-a2":"FR","fips":"19071","name":"Fremont"},"geometry":{"type":"Polygon","coordinates":[[[257,3960],[611,3951],[989,3941],[980,3551],[1005,3551],[992,3218],[320,3245],[346,3298],[283,3413],[193,3456],[126,3549],[131,3623],[214,3695],[196,3877],[258,3921],[257,3960]]]}},{"type":"Feature","id":"US.IA.167","properties":{"hc-group":"admin2","hc-middle-x":0.57,"hc-middle-y":0.51,"hc-key":"us-ia-167","hc-a2":"SI","fips":"19167","name":"Sioux"},"geometry":{"type":"Polygon","coordinates":[[[-819,8516],[-750,8624],[-784,8675],[-734,8741],[-762,8831],[-678,8861],[-634,8985],[-685,9073],[-692,9217],[-766,9212],[-846,9261],[-818,9307],[-475,9290],[323,9265],[314,8870],[305,8481],[77,8489],[-819,8516]]]}},{"type":"Feature","id":"US.IA.089","properties":{"hc-group":"admin2","hc-middle-x":0.50,"hc-middle-y":0.50,"hc-key":"us-ia-089","hc-a2":"HO","fips":"19089","name":"Howard"},"geometry":{"type":"Polygon","coordinates":[[[5767,9119],[5764,9509],[5762,9766],[5933,9769],[6536,9778],[6538,9778],[6547,9130],[6381,9127],[5767,9119]]]}},{"type":"Feature","id":"US.IA.005","properties":{"hc-group":"admin2","hc-middle-x":0.38,"hc-middle-y":0.50,"hc-key":"us-ia-005","hc-a2":"AL","fips":"19005","name":"Allamakee"},"geometry":{"type":"Polygon","coordinates":[[[8044,8864],[7845,8861],[7337,8850],[7326,9436],[7315,9436],[7307,9793],[7951,9809],[7930,9717],[7976,9634],[7991,9573],[7964,9505],[8144,9393],[8229,9261],[8132,9137],[8075,9006],[8044,8987],[8044,8864]]]}}]}