{"title":"Wyoming congressional districts","version":"1.1.2","type":"FeatureCollection","copyright":"Copyright (c) 2015 Highsoft AS, Based on data from The United States Census Bureau","copyrightShort":"USA Census Bureau","copyrightUrl":"http://www.census.gov","crs":{"type":"name","properties":{"name":"urn:ogc:def:crs:EPSG:32613"}},"hc-transform":{"default":{"crs":"+proj=utm +zone=13 +datum=WGS84 +units=m +no_defs","scale":0.00118985193062,"jsonres":15.5,"jsonmarginX":-999,"jsonmarginY":9851.0,"xoffset":-8686.46772804,"yoffset":5000962.58396}},
"features":[{"type":"Feature","id":"US.WY.00","properties":{"hc-group":"special","hc-middle-x":0.51,"hc-middle-y":0.51,"hc-key":"us-wy-00","hc-a2":"CD","geoid":"5600","name":"Congressional District (at Large)"},"geometry":{"type":"Polygon","coordinates":[[[9851,1338],[8963,1331],[8470,1323],[6536,1334],[6150,1349],[5276,1369],[3657,1413],[3340,1421],[1789,1489],[-152,1585],[-999,1648],[-916,2811],[-786,4672],[-745,5175],[-490,8770],[-477,9080],[-419,9851],[-26,9826],[88,9796],[824,9754],[955,9761],[1477,9725],[2419,9682],[2450,9667],[4749,9578],[5352,9551],[7033,9514],[7055,9528],[8356,9520],[9752,9521],[9758,9271],[9783,7178],[9806,5431],[9844,2150],[9851,1338]]]}}]}