{"title":"District of Columbia","version":"1.1.2","type":"FeatureCollection","copyright":"Copyright (c) 2015 Highsoft AS, Based on data from The United States Census Bureau","copyrightShort":"USA Census Bureau","copyrightUrl":"http://www.census.gov","crs":{"type":"name","properties":{"name":"urn:ogc:def:crs:EPSG:32618"}},"hc-transform":{"default":{"crs":"+proj=utm +zone=18 +datum=WGS84 +units=m +no_defs","scale":0.0315424476896,"jsonres":15.5,"jsonmarginX":-999,"jsonmarginY":9851.0,"xoffset":316267.928583,"yoffset":4318264.05101}},
"features":[{"type":"Feature","id":"US.DC.001","properties":{"hc-group":"admin2","hc-middle-x":0.49,"hc-middle-y":0.42,"hc-key":"us-dc-001","hc-a2":"DO","fips":"11001","name":"District of Columbia"},"geometry":{"type":"MultiPolygon","coordinates":[[[[2274,543],[2339,55],[2268,403],[2201,502],[2274,543]]],[[[2316,-376],[2284,-964],[2254,-999],[2253,-734],[2316,-376]]],[[[2189,1386],[2104,1380],[2152,1059],[2018,1416],[1928,1486],[2123,1443],[2189,1386]]],[[[2226,1388],[2218,1387],[2220,1390],[2222,1390],[2226,1388]]],[[[2579,1714],[2579,1689],[2572,1678],[2575,1693],[2579,1714]]],[[[2388,2833],[2506,2543],[2550,2313],[2372,2675],[2388,2833]]],[[[2934,-560],[3305,2162],[2150,3272],[90,5030],[-999,6606],[2413,9851],[4011,8194],[7869,4158],[2934,-560]]]]}}]}