{"title":"Missouri","version":"1.1.2","type":"FeatureCollection","copyright":"Copyright (c) 2015 Highsoft AS, Based on data from The United States Census Bureau","copyrightShort":"USA Census Bureau","copyrightUrl":"http://www.census.gov","crs":{"type":"name","properties":{"name":"urn:ogc:def:crs:EPSG:102297"}},"hc-transform":{"default":{"crs":"+proj=tmerc +lat_0=35.83333333333334 +lon_0=-92.5 +k=0.9999333333333333 +x_0=500000 +y_0=0 +ellps=GRS80 +units=m +no_defs","scale":0.00120837644984,"jsonres":15.5,"jsonmarginX":-999,"jsonmarginY":9851.0,"xoffset":223524.309153,"yoffset":532554.698669}},
"features":[{"type":"Feature","id":"US.MO.223","properties":{"hc-group":"admin2","hc-middle-x":0.42,"hc-middle-y":0.50,"hc-key":"us-mo-223","hc-a2":"WA","fips":"29223","name":"Wayne"},"geometry":{"type":"Polygon","coordinates":[[[7046,2431],[7043,2614],[7112,2674],[7111,2892],[7418,2901],[7417,2995],[7755,2996],[7969,3001],[7971,2526],[8159,2530],[8160,2437],[8098,2436],[8098,2365],[7977,2273],[7978,2213],[7920,2183],[7763,2188],[7219,2177],[7188,2178],[7189,2269],[7129,2329],[7129,2431],[7046,2431]]]}},{"type":"Feature","id":"US.MO.179","properties":{"hc-group":"admin2","hc-middle-x":0.58,"hc-middle-y":0.44,"hc-key":"us-mo-179","hc-a2":"RE","fips":"29179","name":"Reynolds"},"geometry":{"type":"Polygon","coordinates":[[[7111,2892],[7112,2674],[7043,2614],[7046,2431],[6737,2433],[6737,2524],[6647,2519],[6647,2619],[6617,2672],[6556,2657],[6527,2741],[6464,2732],[6467,2847],[6407,2847],[6407,2967],[6377,2966],[6376,3179],[6315,3179],[6314,3359],[6143,3363],[6144,3546],[6404,3539],[6494,3540],[6682,3576],[7043,3581],[7044,3104],[7083,3103],[7080,2889],[7111,2892]]]}},{"type":"Feature","id":"US.MO.035","properties":{"hc-group":"admin2","hc-middle-x":0.40,"hc-middle-y":0.50,"hc-key":"us-mo-035","hc-a2":"CA","fips":"29035","name":"Carter"},"geometry":{"type":"Polygon","coordinates":[[[6647,2519],[6737,2524],[6737,2433],[7046,2431],[7129,2431],[7129,2329],[7189,2269],[7188,2178],[7219,2177],[7219,2087],[7250,2087],[7250,1939],[6860,1934],[6492,1951],[6310,1953],[6312,2074],[6316,2495],[6495,2493],[6647,2519]]]}},{"type":"Feature","id":"US.MO.145","properties":{"hc-group":"admin2","hc-middle-x":0.50,"hc-middle-y":0.50,"hc-key":"us-mo-145","hc-a2":"NE","fips":"29145","name":"Newton"},"geometry":{"type":"Polygon","coordinates":[[[637,1855],[639,1958],[651,2458],[1249,2438],[1582,2422],[1582,2422],[1572,2196],[1572,2194],[1572,2185],[1572,2181],[1572,2181],[1572,2180],[1562,1970],[1555,1798],[1200,1819],[637,1855]]]}},{"type":"Feature","id":"US.MO.003","properties":{"hc-group":"admin2","hc-middle-x":0.62,"hc-middle-y":0.50,"hc-key":"us-mo-003","hc-a2":"AN","fips":"29003","name":"Andrew"},"geometry":{"type":"Polygon","coordinates":[[[817,8840],[812,8659],[814,8659],[808,8318],[807,8202],[569,8212],[368,8215],[269,8284],[290,8354],[247,8387],[186,8381],[166,8433],[195,8474],[172,8552],[167,8692],[129,8697],[120,8867],[534,8849],[817,8840],[817,8840]]]}},{"type":"Feature","id":"US.MO.147","properties":{"hc-group":"admin2","hc-middle-x":0.49,"hc-middle-y":0.50,"hc-key":"us-mo-147","hc-a2":"NO","fips":"29147","name":"Nodaway"},"geometry":{"type":"Polygon","coordinates":[[[817,8840],[534,8849],[120,8867],[94,8954],[82,9140],[-92,9147],[-73,9598],[-112,9600],[-106,9807],[350,9786],[798,9767],[793,9561],[831,9560],[826,9382],[842,9382],[831,9202],[817,8840],[817,8840]]]}},{"type":"Feature","id":"US.MO.199","properties":{"hc-group":"admin2","hc-middle-x":0.64,"hc-middle-y":0.50,"hc-key":"us-mo-199","hc-a2":"SC","fips":"29199","name":"Scotland"},"geometry":{"type":"Polygon","coordinates":[[[4422,9168],[4418,9168],[4418,9259],[4415,9530],[4416,9780],[4819,9791],[5062,9801],[5061,9454],[5055,9166],[4696,9171],[4422,9168],[4422,9168]]]}},{"type":"Feature","id":"US.MO.103","properties":{"hc-group":"admin2","hc-middle-x":0.50,"hc-middle-y":0.50,"hc-key":"us-mo-103","hc-a2":"KN","fips":"29103","name":"Knox"},"geometry":{"type":"Polygon","coordinates":[[[4422,9168],[4696,9171],[5055,9166],[5055,9110],[5054,9076],[5061,8985],[5055,8435],[4719,8444],[4519,8440],[4428,8441],[4427,8616],[4424,8987],[4422,9168],[4422,9167],[4422,9168]]]}},{"type":"Feature","id":"US.MO.097","properties":{"hc-group":"admin2","hc-middle-x":0.50,"hc-middle-y":0.50,"hc-key":"us-mo-097","hc-a2":"JA","fips":"29097","name":"Jasper"},"geometry":{"type":"Polygon","coordinates":[[[1099,3070],[1554,3049],[1549,2928],[1601,2925],[1592,2694],[1582,2422],[1582,2422],[1249,2438],[651,2458],[655,2656],[666,3097],[1099,3070]]]}},{"type":"Feature","id":"US.MO.011","properties":{"hc-group":"admin2","hc-middle-x":0.49,"hc-middle-y":0.50,"hc-key":"us-mo-011","hc-a2":"BA","fips":"29011","name":"Barton"},"geometry":{"type":"Polygon","coordinates":[[[1554,3049],[1099,3070],[666,3097],[674,3380],[679,3699],[1263,3672],[1578,3652],[1576,3600],[1573,3532],[1561,3214],[1554,3049]]]}},{"type":"Feature","id":"US.MO.227","properties":{"hc-group":"admin2","hc-middle-x":0.50,"hc-middle-y":0.50,"hc-key":"us-mo-227","hc-a2":"WO","fips":"29227","name":"Worth"},"geometry":{"type":"Polygon","coordinates":[[[842,9382],[826,9382],[831,9560],[793,9561],[798,9767],[1053,9760],[1432,9754],[1429,9543],[1456,9543],[1453,9363],[1302,9371],[842,9382]]]}},{"type":"Feature","id":"US.MO.079","properties":{"hc-group":"admin2","hc-middle-x":0.50,"hc-middle-y":0.50,"hc-key":"us-mo-079","hc-a2":"GR","fips":"29079","name":"Grundy"},"geometry":{"type":"Polygon","coordinates":[[[2160,8468],[2159,8764],[2162,8829],[2166,9040],[2167,9101],[2280,9099],[2798,9098],[2794,8613],[2801,8613],[2802,8600],[2800,8477],[2411,8472],[2160,8468],[2160,8468]]]}},{"type":"Feature","id":"US.MO.117","properties":{"hc-group":"admin2","hc-middle-x":0.39,"hc-middle-y":0.50,"hc-key":"us-mo-117","hc-a2":"LI","fips":"29117","name":"Livingston"},"geometry":{"type":"Polygon","coordinates":[[[2160,8468],[2411,8472],[2800,8477],[2790,7929],[2947,7927],[2914,7882],[2955,7772],[2928,7744],[2445,7744],[2155,7744],[2157,7929],[2159,8104],[2160,8302],[2160,8468],[2160,8468]]]}},{"type":"Feature","id":"US.MO.125","properties":{"hc-group":"admin2","hc-middle-x":0.50,"hc-middle-y":0.50,"hc-key":"us-mo-125","hc-a2":"MA","fips":"29125","name":"Maries"},"geometry":{"type":"Polygon","coordinates":[[[4697,4414],[4702,4716],[4675,4716],[4678,4988],[4997,4981],[5223,4994],[5581,4986],[5583,4706],[5607,4705],[5606,4492],[5173,4489],[5108,4447],[5070,4457],[5057,4402],[4967,4404],[4697,4412],[4697,4414]]]}},{"type":"Feature","id":"US.MO.131","properties":{"hc-group":"admin2","hc-middle-x":0.50,"hc-middle-y":0.50,"hc-key":"us-mo-131","hc-a2":"MI","fips":"29131","name":"Miller"},"geometry":{"type":"Polygon","coordinates":[[[4678,4988],[4675,4716],[4702,4716],[4697,4414],[4378,4422],[4333,4424],[4153,4426],[4124,4487],[4064,4518],[4006,4671],[4008,4735],[3947,4737],[3950,4823],[3858,4842],[3869,5104],[3960,5103],[3975,5275],[4179,5269],[4187,5269],[4337,5264],[4329,5089],[4532,5082],[4588,5051],[4680,5078],[4679,5023],[4678,4988]]]}},{"type":"Feature","id":"US.MO.073","properties":{"hc-group":"admin2","hc-middle-x":0.49,"hc-middle-y":0.42,"hc-key":"us-mo-073","hc-a2":"GA","fips":"29073","name":"Gasconade"},"geometry":{"type":"Polygon","coordinates":[[[5581,4986],[5578,5850],[5580,5849],[5735,5795],[5814,5863],[5941,5866],[5979,5862],[6022,5845],[6027,5574],[6037,4827],[5762,4826],[5764,4705],[5689,4705],[5607,4705],[5583,4706],[5581,4986],[5581,4986]]]}},{"type":"Feature","id":"US.MO.151","properties":{"hc-group":"admin2","hc-middle-x":0.60,"hc-middle-y":0.60,"hc-key":"us-mo-151","hc-a2":"OS","fips":"29151","name":"Osage"},"geometry":{"type":"Polygon","coordinates":[[[5578,5850],[5581,4986],[5223,4994],[4997,4981],[4678,4988],[4679,5023],[4680,5078],[4682,5151],[4779,5180],[4809,5216],[4753,5277],[4721,5351],[4807,5332],[4926,5351],[4982,5421],[4953,5529],[4981,5569],[5087,5624],[5207,5763],[5297,5801],[5385,5809],[5430,5852],[5569,5848],[5578,5850]]]}},{"type":"Feature","id":"US.MO.021","properties":{"hc-group":"admin2","hc-middle-x":0.61,"hc-middle-y":0.49,"hc-key":"us-mo-021","hc-a2":"BU","fips":"29021","name":"Buchanan"},"geometry":{"type":"Polygon","coordinates":[[[368,8215],[569,8212],[807,8202],[806,8084],[805,8052],[798,7771],[796,7601],[588,7608],[-12,7628],[-27,7682],[8,7727],[65,7724],[72,7796],[122,7906],[212,7949],[211,8022],[250,8062],[321,8016],[393,8076],[377,8116],[319,8090],[273,8119],[361,8168],[368,8215]]]}},{"type":"Feature","id":"US.MO.165","properties":{"hc-group":"admin2","hc-middle-x":0.68,"hc-middle-y":0.51,"hc-key":"us-mo-165","hc-a2":"PL","fips":"29165","name":"Platte"},"geometry":{"type":"Polygon","coordinates":[[[588,7608],[796,7601],[794,7522],[793,7447],[786,7115],[777,6830],[698,6820],[637,6882],[533,6865],[498,6922],[408,6956],[416,7027],[304,7131],[288,7241],[340,7290],[325,7326],[239,7322],[165,7442],[96,7474],[70,7551],[-12,7628],[588,7608]]]}},{"type":"Feature","id":"US.MO.209","properties":{"hc-group":"admin2","hc-middle-x":0.49,"hc-middle-y":0.50,"hc-key":"us-mo-209","hc-a2":"ST","fips":"29209","name":"Stone"},"geometry":{"type":"Polygon","coordinates":[[[2811,1264],[2625,1267],[2360,1270],[2385,1937],[2320,1939],[2325,2151],[2326,2188],[2329,2303],[2783,2292],[2772,1927],[2835,1926],[2825,1746],[2811,1264]]]}},{"type":"Feature","id":"US.MO.111","properties":{"hc-group":"admin2","hc-middle-x":0.39,"hc-middle-y":0.50,"hc-key":"us-mo-111","hc-a2":"LE","fips":"29111","name":"Lewis"},"geometry":{"type":"Polygon","coordinates":[[[5235,8434],[5186,8435],[5055,8435],[5061,8985],[5054,9076],[5320,9073],[5777,9064],[5763,9038],[5758,8809],[5794,8667],[5786,8623],[5883,8434],[5789,8435],[5236,8434],[5235,8434],[5235,8434],[5235,8434],[5235,8434],[5235,8434],[5235,8434]]]}},{"type":"Feature","id":"US.MO.127","properties":{"hc-group":"admin2","hc-middle-x":0.40,"hc-middle-y":0.50,"hc-key":"us-mo-127","hc-a2":"MA","fips":"29127","name":"Marion"},"geometry":{"type":"Polygon","coordinates":[[[5235,8434],[5789,8435],[5883,8434],[5907,8371],[5865,8294],[5888,8219],[5981,8154],[5997,7986],[6097,7895],[5440,7892],[5441,7832],[5408,7831],[5229,7832],[5230,7965],[5235,8434],[5235,8434],[5235,8434],[5235,8434]],[[5235,8434],[5237,8434],[5236,8434],[5235,8434],[5235,8434]]]}},{"type":"Feature","id":"US.MO.107","properties":{"hc-group":"admin2","hc-middle-x":0.49,"hc-middle-y":0.56,"hc-key":"us-mo-107","hc-a2":"LA","fips":"29107","name":"Lafayette"},"geometry":{"type":"Polygon","coordinates":[[[2012,6345],[2008,6285],[1557,6310],[1566,6474],[1581,6780],[1649,6760],[1712,6801],[1706,6878],[1789,6905],[1812,6858],[1769,6796],[1814,6776],[1849,6851],[1915,6860],[2012,6923],[2095,6891],[2144,6903],[2238,6907],[2319,6986],[2425,6969],[2466,6924],[2536,6915],[2582,6943],[2569,7018],[2600,7076],[2581,6734],[2562,6349],[2561,6335],[2560,6319],[2560,6319],[2012,6345]]]}},{"type":"Feature","id":"US.MO.101","properties":{"hc-group":"admin2","hc-middle-x":0.50,"hc-middle-y":0.49,"hc-key":"us-mo-101","hc-a2":"JO","fips":"29101","name":"Johnson"},"geometry":{"type":"Polygon","coordinates":[[[2012,6345],[2560,6319],[2560,6319],[2566,6258],[2533,5711],[2529,5545],[2351,5553],[1626,5581],[1536,5585],[1544,5766],[1523,5767],[1546,6135],[1553,6214],[1557,6310],[2008,6285],[2012,6345]]]}},{"type":"Feature","id":"US.MO.163","properties":{"hc-group":"admin2","hc-middle-x":0.35,"hc-middle-y":0.52,"hc-key":"us-mo-163","hc-a2":"PI","fips":"29163","name":"Pike"},"geometry":{"type":"Polygon","coordinates":[[[5946,6766],[5912,7010],[5894,7131],[5855,7405],[6265,7718],[6306,7718],[6355,7610],[6432,7597],[6536,7410],[6701,7311],[6727,7279],[6936,7128],[7046,7009],[7055,6953],[6605,6945],[6309,6947],[6308,6763],[6187,6763],[6031,6765],[5946,6766]]]}},{"type":"Feature","id":"US.MO.007","properties":{"hc-group":"admin2","hc-middle-x":0.55,"hc-middle-y":0.51,"hc-key":"us-mo-007","hc-a2":"AU","fips":"29007","name":"Audrain"},"geometry":{"type":"Polygon","coordinates":[[[5894,7131],[5912,7010],[5946,6766],[5589,6773],[5583,6588],[5183,6590],[4811,6593],[4819,6959],[4479,6971],[4480,6979],[4486,7182],[4486,7182],[4486,7182],[4844,7168],[5202,7164],[5442,7169],[5441,7139],[5894,7131]]]}},{"type":"Feature","id":"US.MO.211","properties":{"hc-group":"admin2","hc-middle-x":0.50,"hc-middle-y":0.50,"hc-key":"us-mo-211","hc-a2":"SU","fips":"29211","name":"Sullivan"},"geometry":{"type":"Polygon","coordinates":[[[2798,9098],[2799,9250],[2801,9341],[3246,9345],[3614,9342],[3613,9252],[3613,9252],[3613,9252],[3613,9252],[3613,8979],[3610,8617],[3247,8618],[2801,8613],[2794,8613],[2798,9098]]]}},{"type":"Feature","id":"US.MO.129","properties":{"hc-group":"admin2","hc-middle-x":0.50,"hc-middle-y":0.50,"hc-key":"us-mo-129","hc-a2":"ME","fips":"29129","name":"Mercer"},"geometry":{"type":"Polygon","coordinates":[[[2801,9341],[2799,9250],[2798,9098],[2280,9099],[2167,9101],[2170,9535],[2155,9535],[2159,9754],[2503,9755],[2793,9752],[2790,9527],[2803,9525],[2801,9341]]]}},{"type":"Feature","id":"US.MO.119","properties":{"hc-group":"admin2","hc-middle-x":0.50,"hc-middle-y":0.51,"hc-key":"us-mo-119","hc-a2":"MC","fips":"29119","name":"McDonald"},"geometry":{"type":"Polygon","coordinates":[[[1555,1798],[1548,1618],[1533,1281],[625,1300],[637,1855],[1200,1819],[1555,1798]]]}},{"type":"Feature","id":"US.MO.009","properties":{"hc-group":"admin2","hc-middle-x":0.50,"hc-middle-y":0.51,"hc-key":"us-mo-009","hc-a2":"BA","fips":"29009","name":"Barry"},"geometry":{"type":"Polygon","coordinates":[[[1533,1281],[1548,1618],[1555,1798],[1562,1970],[1572,2180],[1572,2181],[2079,2162],[2325,2151],[2320,1939],[2385,1937],[2360,1270],[2131,1273],[1533,1281]]]}},{"type":"Feature","id":"US.MO.173","properties":{"hc-group":"admin2","hc-middle-x":0.29,"hc-middle-y":0.56,"hc-key":"us-mo-173","hc-a2":"RA","fips":"29173","name":"Ralls"},"geometry":{"type":"Polygon","coordinates":[[[6097,7895],[6233,7757],[6306,7718],[6265,7718],[5855,7405],[5894,7131],[5441,7139],[5442,7169],[5447,7710],[5441,7832],[5440,7892],[6097,7895]]]}},{"type":"Feature","id":"US.MO.201","properties":{"hc-group":"admin2","hc-middle-x":0.45,"hc-middle-y":0.51,"hc-key":"us-mo-201","hc-a2":"SC","fips":"29201","name":"Scott"},"geometry":{"type":"Polygon","coordinates":[[[9157,2108],[9013,2086],[8870,2078],[8874,2221],[8825,2271],[8813,2348],[8698,2548],[8731,2629],[8803,2661],[8859,2783],[8967,2827],[8966,2858],[9183,2903],[9230,2903],[9231,2797],[9296,2671],[9377,2583],[9384,2466],[9493,2409],[9391,2375],[9392,2314],[9331,2311],[9302,2250],[9243,2248],[9245,2187],[9184,2185],[9157,2108]]]}},{"type":"Feature","id":"US.MO.143","properties":{"hc-group":"admin2","hc-middle-x":0.35,"hc-middle-y":0.69,"hc-key":"us-mo-143","hc-a2":"NM","fips":"29143","name":"New Madrid"},"geometry":{"type":"Polygon","coordinates":[[[8870,2078],[9013,2086],[9157,2108],[9158,2063],[9220,2033],[9256,1943],[9412,1769],[9430,1709],[9494,1625],[9431,1608],[9353,1343],[9294,1263],[9225,1291],[9268,1398],[9243,1485],[9157,1509],[9091,1456],[9180,1295],[9148,1172],[9206,1077],[9149,999],[9147,1047],[9032,1150],[8923,1125],[8840,1178],[8797,1091],[8446,1087],[8427,1088],[8448,1235],[8449,1413],[8437,1587],[8869,1595],[8848,2077],[8870,2078]]]}},{"type":"Feature","id":"US.MO.187","properties":{"hc-group":"admin2","hc-middle-x":0.30,"hc-middle-y":0.72,"hc-key":"us-mo-187","hc-a2":"SF","fips":"29187","name":"St. Francois"},"geometry":{"type":"MultiPolygon","coordinates":[[[[7606,4506],[7606,4506],[7606,4506],[7606,4506],[7606,4506],[7606,4506]]],[[[7606,4506],[7762,4384],[7542,4165],[7729,3991],[7980,3739],[8054,3804],[8128,3747],[8104,3721],[8069,3683],[7968,3680],[7427,3673],[7241,3667],[7242,3859],[7242,3980],[7236,4569],[7236,4569],[7282,4556],[7283,4444],[7332,4419],[7606,4506],[7606,4506],[7606,4506],[7606,4506]]]]}},{"type":"Feature","id":"US.MO.099","properties":{"hc-group":"admin2","hc-middle-x":0.44,"hc-middle-y":0.48,"hc-key":"us-mo-099","hc-a2":"JE","fips":"29099","name":"Jefferson"},"geometry":{"type":"Polygon","coordinates":[[[7606,4506],[7606,4506],[7606,4506],[7606,4506],[7606,4506],[7332,4419],[7283,4444],[7282,4556],[7236,4569],[7236,4569],[7236,4569],[7162,4588],[7167,4622],[7001,4830],[7062,5271],[7062,5377],[7128,5388],[7145,5342],[7197,5360],[7185,5406],[7262,5391],[7298,5455],[7602,5460],[7574,5422],[7598,5361],[7693,5373],[7712,5228],[7666,5113],[7666,5010],[7691,4882],[7733,4816],[7806,4777],[7870,4690],[7801,4605],[7746,4617],[7606,4506]]]}},{"type":"Feature","id":"US.MO.186","properties":{"hc-group":"admin2","hc-middle-x":0.44,"hc-middle-y":0.49,"hc-key":"us-mo-186","hc-a2":"SG","fips":"29186","name":"Ste. Genevieve"},"geometry":{"type":"Polygon","coordinates":[[[7606,4506],[7606,4506],[7746,4617],[7801,4605],[7870,4690],[7948,4609],[8074,4559],[8138,4467],[8184,4467],[8314,4356],[8391,4377],[8408,4330],[8339,4269],[8400,4176],[8302,4064],[8128,3747],[8054,3804],[7980,3739],[7729,3991],[7542,4165],[7762,4384],[7606,4506],[7606,4506],[7606,4506],[7606,4506]]]}},{"type":"Feature","id":"US.MO.093","properties":{"hc-group":"admin2","hc-middle-x":0.81,"hc-middle-y":0.50,"hc-key":"us-mo-093","hc-a2":"IR","fips":"29093","name":"Iron"},"geometry":{"type":"Polygon","coordinates":[[[7242,3859],[7241,3667],[7427,3673],[7409,3578],[7417,2995],[7418,2901],[7111,2892],[7080,2889],[7083,3103],[7044,3104],[7043,3581],[6682,3576],[6494,3540],[6404,3539],[6403,3704],[6404,3766],[6414,3857],[6490,3856],[6864,3850],[7242,3859]]]}},{"type":"Feature","id":"US.MO.221","properties":{"hc-group":"admin2","hc-middle-x":0.50,"hc-middle-y":0.50,"hc-key":"us-mo-221","hc-a2":"WA","fips":"29221","name":"Washington"},"geometry":{"type":"MultiPolygon","coordinates":[[[[7242,3980],[7242,3859],[6864,3850],[6490,3856],[6492,4397],[6483,4821],[6689,4828],[7001,4830],[7167,4622],[7162,4588],[7236,4569],[7236,4569],[7236,4569],[7236,4569],[7242,3980]]],[[[7236,4569],[7236,4569],[7236,4569],[7236,4569],[7236,4569],[7236,4569],[7236,4569],[7236,4569]]],[[[7236,4569],[7236,4569],[7236,4569],[7236,4569],[7236,4569],[7236,4569],[7236,4569],[7236,4569],[7236,4569],[7236,4569]]]]}},{"type":"Feature","id":"US.MO.157","properties":{"hc-group":"admin2","hc-middle-x":0.51,"hc-middle-y":0.62,"hc-key":"us-mo-157","hc-a2":"PE","fips":"29157","name":"Perry"},"geometry":{"type":"Polygon","coordinates":[[[8069,3683],[8104,3721],[8128,3747],[8302,4064],[8400,4176],[8455,4168],[8553,4246],[8629,4198],[8634,4157],[8730,4129],[8840,4041],[8854,3952],[8937,3933],[8996,3859],[9116,3805],[9110,3712],[9177,3626],[9108,3556],[9009,3563],[8971,3606],[8766,3615],[8731,3594],[8641,3618],[8544,3608],[8314,3599],[8072,3592],[8070,3625],[8069,3683]]]}},{"type":"Feature","id":"US.MO.109","properties":{"hc-group":"admin2","hc-middle-x":0.50,"hc-middle-y":0.50,"hc-key":"us-mo-109","hc-a2":"LA","fips":"29109","name":"Lawrence"},"geometry":{"type":"Polygon","coordinates":[[[1582,2422],[1592,2694],[1601,2925],[1958,2912],[2309,2898],[2344,2897],[2333,2516],[2329,2348],[2329,2303],[2326,2188],[2325,2151],[2079,2162],[1572,2181],[1572,2180],[1572,2181],[1572,2194],[1572,2196],[1582,2422],[1582,2422]]]}},{"type":"Feature","id":"US.MO.123","properties":{"hc-group":"admin2","hc-middle-x":0.50,"hc-middle-y":0.51,"hc-key":"us-mo-123","hc-a2":"MA","fips":"29123","name":"Madison"},"geometry":{"type":"Polygon","coordinates":[[[8069,3683],[8070,3625],[8072,3592],[8088,3475],[8088,2998],[7969,3001],[7755,2996],[7417,2995],[7409,3578],[7427,3673],[7968,3680],[8069,3683]]]}},{"type":"Feature","id":"US.MO.075","properties":{"hc-group":"admin2","hc-middle-x":0.50,"hc-middle-y":0.50,"hc-key":"us-mo-075","hc-a2":"GE","fips":"29075","name":"Gentry"},"geometry":{"type":"Polygon","coordinates":[[[817,8840],[817,8840],[831,9202],[842,9382],[1302,9371],[1453,9363],[1448,9212],[1439,8849],[1439,8824],[1432,8637],[1254,8650],[814,8659],[812,8659],[817,8840]]]}},{"type":"Feature","id":"US.MO.139","properties":{"hc-group":"admin2","hc-middle-x":0.51,"hc-middle-y":0.32,"hc-key":"us-mo-139","hc-a2":"MO","fips":"29139","name":"Montgomery"},"geometry":{"type":"Polygon","coordinates":[[[5946,6766],[6031,6765],[6187,6763],[6185,6582],[6184,6457],[6188,6147],[5942,6147],[5941,5866],[5814,5863],[5735,5795],[5580,5849],[5578,5850],[5569,5848],[5573,6095],[5583,6588],[5589,6773],[5946,6766]]]}},{"type":"Feature","id":"US.MO.045","properties":{"hc-group":"admin2","hc-middle-x":0.40,"hc-middle-y":0.50,"hc-key":"us-mo-045","hc-a2":"CL","fips":"29045","name":"Clark"},"geometry":{"type":"Polygon","coordinates":[[[5054,9076],[5055,9110],[5055,9166],[5061,9454],[5062,9801],[5401,9819],[5471,9748],[5477,9694],[5567,9675],[5581,9595],[5660,9507],[5726,9500],[5730,9401],[5827,9329],[5898,9335],[5831,9260],[5777,9064],[5320,9073],[5054,9076]]]}},{"type":"Feature","id":"US.MO.121","properties":{"hc-group":"admin2","hc-middle-x":0.50,"hc-middle-y":0.49,"hc-key":"us-mo-121","hc-a2":"MA","fips":"29121","name":"Macon"},"geometry":{"type":"Polygon","coordinates":[[[4427,8616],[4428,8441],[4519,8440],[4512,8112],[4502,7718],[4500,7718],[4146,7723],[3870,7728],[3870,7728],[3875,7910],[3604,7915],[3608,8111],[3624,8617],[3979,8618],[4427,8616]]]}},{"type":"Feature","id":"US.MO.001","properties":{"hc-group":"admin2","hc-middle-x":0.61,"hc-middle-y":0.64,"hc-key":"us-mo-001","hc-a2":"AD","fips":"29001","name":"Adair"},"geometry":{"type":"MultiPolygon","coordinates":[[[[4424,8987],[4427,8616],[3979,8618],[3624,8617],[3622,8617],[3610,8617],[3613,8979],[3613,9252],[3613,9252],[3613,9252],[3781,9250],[3886,9252],[4243,9256],[4418,9259],[4418,9168],[4422,9168],[4422,9168],[4422,9167],[4424,8987]]],[[[3613,9252],[3613,9252],[3613,9252],[3613,9252]]]]}},{"type":"Feature","id":"US.MO.039","properties":{"hc-group":"admin2","hc-middle-x":0.50,"hc-middle-y":0.50,"hc-key":"us-mo-039","hc-a2":"CE","fips":"29039","name":"Cedar"},"geometry":{"type":"Polygon","coordinates":[[[1573,3532],[1576,3600],[1578,3652],[1583,3894],[1600,4195],[2023,4172],[2017,4051],[2319,4036],[2310,3855],[2348,3854],[2333,3502],[2333,3502],[2333,3502],[2333,3502],[2030,3516],[1573,3532]]]}},{"type":"Feature","id":"US.MO.167","properties":{"hc-group":"admin2","hc-middle-x":0.49,"hc-middle-y":0.50,"hc-key":"us-mo-167","hc-a2":"PO","fips":"29167","name":"Polk"},"geometry":{"type":"Polygon","coordinates":[[[2333,3502],[2348,3854],[2310,3855],[2319,4036],[2387,4033],[2410,4032],[2408,4002],[3045,3974],[3038,3823],[3068,3822],[3048,3172],[2502,3194],[2321,3200],[2323,3260],[2333,3502]]]}},{"type":"Feature","id":"US.MO.085","properties":{"hc-group":"admin2","hc-middle-x":0.50,"hc-middle-y":0.50,"hc-key":"us-mo-085","hc-a2":"HI","fips":"29085","name":"Hickory"},"geometry":{"type":"Polygon","coordinates":[[[3250,4512],[3244,4382],[3236,4180],[3055,4184],[3045,3974],[2408,4002],[2410,4032],[2419,4213],[2512,4209],[2529,4541],[2824,4525],[3250,4512]]]}},{"type":"Feature","id":"US.MO.029","properties":{"hc-group":"admin2","hc-middle-x":0.41,"hc-middle-y":0.50,"hc-key":"us-mo-029","hc-a2":"CA","fips":"29029","name":"Camden"},"geometry":{"type":"Polygon","coordinates":[[[3236,4180],[3244,4382],[3250,4512],[3262,4768],[3224,4770],[3232,4929],[3267,4947],[3337,4884],[3393,4793],[3424,4856],[3471,4839],[3420,4792],[3745,4774],[3759,4822],[3858,4842],[3950,4823],[3947,4737],[4008,4735],[4006,4671],[4064,4518],[4124,4487],[4153,4426],[4333,4424],[4333,4380],[4329,4087],[4258,4014],[4177,4021],[4099,3965],[4014,4048],[3981,4156],[3594,4164],[3389,4172],[3236,4180]]]}},{"type":"Feature","id":"US.MO.189","properties":{"hc-group":"admin2","hc-middle-x":0.47,"hc-middle-y":0.48,"hc-key":"us-mo-189","hc-a2":"SL","fips":"29189","name":"St. Louis"},"geometry":{"type":"Polygon","coordinates":[[[7842,5530],[7794,5323],[7712,5228],[7693,5373],[7598,5361],[7574,5422],[7602,5460],[7298,5455],[7262,5391],[7185,5406],[7197,5360],[7145,5342],[7128,5388],[7062,5377],[7064,5606],[7062,5736],[7148,5794],[7177,5841],[7294,5827],[7371,5838],[7382,5925],[7443,5971],[7529,6138],[7624,6128],[7677,6171],[7695,6255],[7756,6268],[7807,6214],[7927,6134],[7988,6151],[8055,6105],[8047,6089],[7977,6034],[7890,5944],[7841,5919],[7763,5786],[7736,5657],[7842,5530]]]}},{"type":"Feature","id":"US.MO.067","properties":{"hc-group":"admin2","hc-middle-x":0.50,"hc-middle-y":0.50,"hc-key":"us-mo-067","hc-a2":"DO","fips":"29067","name":"Douglas"},"geometry":{"type":"Polygon","coordinates":[[[4864,2419],[4855,1874],[4827,1875],[4388,1884],[3737,1899],[3556,1904],[3495,1906],[3495,1906],[3505,2273],[3508,2449],[3660,2445],[3870,2441],[4179,2432],[4594,2425],[4803,2420],[4865,2419],[4864,2419]]]}},{"type":"Feature","id":"US.MO.091","properties":{"hc-group":"admin2","hc-middle-x":0.50,"hc-middle-y":0.50,"hc-key":"us-mo-091","hc-a2":"HO","fips":"29091","name":"Howell"},"geometry":{"type":"Polygon","coordinates":[[[4827,1875],[4855,1874],[4864,2419],[4865,2419],[5220,2410],[5586,2409],[5587,2240],[5585,2076],[5584,1866],[5560,1866],[5556,1528],[5567,1489],[5568,1267],[4986,1260],[4816,1260],[4825,1800],[4827,1875]]]}},{"type":"Feature","id":"US.MO.041","properties":{"hc-group":"admin2","hc-middle-x":0.58,"hc-middle-y":0.41,"hc-key":"us-mo-041","hc-a2":"CH","fips":"29041","name":"Chariton"},"geometry":{"type":"Polygon","coordinates":[[[2928,7744],[2955,7772],[2914,7882],[2947,7927],[3244,7931],[3604,7915],[3875,7910],[3870,7728],[3870,7728],[3870,7728],[3869,7728],[3863,7728],[3844,7128],[3711,7174],[3615,6930],[3522,6922],[3508,6987],[3438,7049],[3437,7110],[3333,7112],[3254,7159],[3243,7235],[3204,7260],[3181,7329],[3106,7370],[3029,7358],[3006,7447],[2975,7416],[2929,7471],[2918,7544],[2959,7615],[2928,7744]]]}},{"type":"Feature","id":"US.MO.141","properties":{"hc-group":"admin2","hc-middle-x":0.50,"hc-middle-y":0.59,"hc-key":"us-mo-141","hc-a2":"MO","fips":"29141","name":"Morgan"},"geometry":{"type":"Polygon","coordinates":[[[3445,5807],[3626,5802],[3626,5803],[3622,5621],[3975,5275],[3960,5103],[3869,5104],[3858,4842],[3759,4822],[3745,4774],[3420,4792],[3471,4839],[3424,4856],[3393,4793],[3337,4884],[3267,4947],[3232,4929],[3249,5302],[3253,5484],[3253,5484],[3258,5610],[3267,5823],[3445,5807]]]}},{"type":"Feature","id":"US.MO.015","properties":{"hc-group":"admin2","hc-middle-x":0.51,"hc-middle-y":0.49,"hc-key":"us-mo-015","hc-a2":"BE","fips":"29015","name":"Benton"},"geometry":{"type":"Polygon","coordinates":[[[3249,5302],[3232,4929],[3224,4770],[3262,4768],[3250,4512],[2824,4525],[2529,4541],[2543,4802],[2500,4820],[2525,5318],[2525,5454],[2886,5438],[2889,5498],[3253,5484],[3253,5484],[3249,5302]]]}},{"type":"Feature","id":"US.MO.149","properties":{"hc-group":"admin2","hc-middle-x":0.50,"hc-middle-y":0.50,"hc-key":"us-mo-149","hc-a2":"OR","fips":"29149","name":"Oregon"},"geometry":{"type":"Polygon","coordinates":[[[6312,2074],[6310,1953],[6492,1951],[6487,1861],[6484,1273],[5988,1266],[5568,1267],[5567,1489],[5556,1528],[5560,1866],[5584,1866],[5585,2076],[5885,2073],[6312,2074]]]}},{"type":"Feature","id":"US.MO.115","properties":{"hc-group":"admin2","hc-middle-x":0.71,"hc-middle-y":0.62,"hc-key":"us-mo-115","hc-a2":"LI","fips":"29115","name":"Linn"},"geometry":{"type":"Polygon","coordinates":[[[3610,8617],[3622,8617],[3624,8617],[3608,8111],[3604,7915],[3244,7931],[2947,7927],[2790,7929],[2800,8477],[2802,8600],[2801,8613],[3247,8618],[3610,8617]]]}},{"type":"Feature","id":"US.MO.175","properties":{"hc-group":"admin2","hc-middle-x":0.50,"hc-middle-y":0.49,"hc-key":"us-mo-175","hc-a2":"RA","fips":"29175","name":"Randolph"},"geometry":{"type":"Polygon","coordinates":[[[3844,7128],[3863,7728],[3868,7728],[3869,7728],[3870,7728],[3870,7728],[3870,7728],[4146,7723],[4500,7718],[4493,7464],[4486,7182],[4486,7182],[4486,7182],[4480,6979],[4479,6971],[4389,6974],[4292,6976],[4179,7015],[3844,7128]]]}},{"type":"Feature","id":"US.MO.137","properties":{"hc-group":"admin2","hc-middle-x":0.50,"hc-middle-y":0.50,"hc-key":"us-mo-137","hc-a2":"MO","fips":"29137","name":"Monroe"},"geometry":{"type":"Polygon","coordinates":[[[4493,7464],[4500,7718],[4502,7718],[4683,7716],[4686,7838],[5229,7832],[5408,7831],[5441,7832],[5447,7710],[5442,7169],[5202,7164],[4844,7168],[4486,7182],[4486,7182],[4486,7182],[4493,7464]]]}},{"type":"Feature","id":"US.MO.219","properties":{"hc-group":"admin2","hc-middle-x":0.62,"hc-middle-y":0.50,"hc-key":"us-mo-219","hc-a2":"WA","fips":"29219","name":"Warren"},"geometry":{"type":"Polygon","coordinates":[[[6022,5845],[5979,5862],[5941,5866],[5942,6147],[6188,6147],[6184,6457],[6308,6458],[6308,6333],[6436,6334],[6437,6211],[6685,6211],[6683,5907],[6686,5539],[6593,5591],[6574,5633],[6500,5664],[6410,5640],[6256,5686],[6254,5731],[6113,5861],[6022,5845]]]}},{"type":"Feature","id":"US.MO.047","properties":{"hc-group":"admin2","hc-middle-x":0.51,"hc-middle-y":0.39,"hc-key":"us-mo-047","hc-a2":"CL","fips":"29047","name":"Clay"},"geometry":{"type":"Polygon","coordinates":[[[786,7115],[793,7447],[1239,7436],[1422,7430],[1417,7249],[1409,6915],[1341,6977],[1285,6980],[1166,6832],[1122,6893],[1100,6833],[1002,6743],[966,6796],[903,6804],[784,6726],[766,6734],[798,6812],[777,6830],[786,7115]]]}},{"type":"Feature","id":"US.MO.081","properties":{"hc-group":"admin2","hc-middle-x":0.50,"hc-middle-y":0.50,"hc-key":"us-mo-081","hc-a2":"HA","fips":"29081","name":"Harrison"},"geometry":{"type":"Polygon","coordinates":[[[1453,9363],[1456,9543],[1429,9543],[1432,9754],[1686,9752],[2159,9754],[2155,9535],[2170,9535],[2167,9101],[2166,9040],[2162,8829],[1620,8841],[1439,8849],[1448,9212],[1453,9363]]]}},{"type":"Feature","id":"US.MO.059","properties":{"hc-group":"admin2","hc-middle-x":0.50,"hc-middle-y":0.41,"hc-key":"us-mo-059","hc-a2":"DA","fips":"29059","name":"Dallas"},"geometry":{"type":"Polygon","coordinates":[[[3229,3166],[3121,3169],[3048,3172],[3068,3822],[3038,3823],[3045,3974],[3055,4184],[3236,4180],[3389,4172],[3594,4164],[3585,3801],[3608,3801],[3594,3308],[3233,3317],[3229,3166]]]}},{"type":"Feature","id":"US.MO.077","properties":{"hc-group":"admin2","hc-middle-x":0.50,"hc-middle-y":0.50,"hc-key":"us-mo-077","hc-a2":"GR","fips":"29077","name":"Greene"},"geometry":{"type":"Polygon","coordinates":[[[3048,3172],[3121,3169],[3229,3166],[3221,2865],[3247,2865],[3238,2488],[2856,2503],[2333,2516],[2344,2897],[2309,2898],[2317,3117],[2321,3200],[2502,3194],[3048,3172]]]}},{"type":"Feature","id":"US.MO.061","properties":{"hc-group":"admin2","hc-middle-x":0.50,"hc-middle-y":0.50,"hc-key":"us-mo-061","hc-a2":"DA","fips":"29061","name":"Daviess"},"geometry":{"type":"Polygon","coordinates":[[[1432,8637],[1439,8824],[1439,8849],[1620,8841],[2162,8829],[2159,8764],[2160,8468],[2160,8468],[2160,8302],[2159,8104],[1623,8115],[1443,8125],[1456,8636],[1432,8637]]]}},{"type":"Feature","id":"US.MO.195","properties":{"hc-group":"admin2","hc-middle-x":0.51,"hc-middle-y":0.54,"hc-key":"us-mo-195","hc-a2":"SA","fips":"29195","name":"Saline"},"geometry":{"type":"Polygon","coordinates":[[[3475,6594],[3289,6404],[3285,6312],[3101,6321],[2562,6349],[2581,6734],[2600,7076],[2653,7025],[2720,7007],[2718,6939],[2832,6985],[2816,7062],[2835,7109],[2923,7112],[2959,7166],[3000,7145],[3062,7223],[3049,7298],[3108,7305],[3147,7250],[3204,7260],[3243,7235],[3254,7159],[3333,7112],[3437,7110],[3438,7049],[3508,6987],[3522,6922],[3615,6930],[3596,6878],[3464,6722],[3462,6676],[3517,6659],[3475,6594]]]}},{"type":"Feature","id":"US.MO.053","properties":{"hc-group":"admin2","hc-middle-x":0.43,"hc-middle-y":0.60,"hc-key":"us-mo-053","hc-a2":"CO","fips":"29053","name":"Cooper"},"geometry":{"type":"Polygon","coordinates":[[[3285,6312],[3289,6404],[3475,6594],[3507,6504],[3625,6418],[3706,6401],[3824,6426],[4016,6392],[4085,6398],[4114,6362],[4182,6297],[3989,5823],[3988,5793],[3626,5803],[3445,5807],[3267,5823],[3277,6081],[3285,6312]]]}},{"type":"Feature","id":"US.MO.019","properties":{"hc-group":"admin2","hc-middle-x":0.48,"hc-middle-y":0.41,"hc-key":"us-mo-019","hc-a2":"BO","fips":"29019","name":"Boone"},"geometry":{"type":"Polygon","coordinates":[[[4182,6297],[4114,6362],[4085,6398],[4074,6455],[4157,6643],[4292,6976],[4389,6974],[4479,6971],[4819,6959],[4811,6593],[4777,6594],[4779,6509],[4741,6289],[4717,6244],[4756,6155],[4727,5971],[4641,5866],[4635,5717],[4567,5724],[4516,5766],[4423,5786],[4435,5846],[4407,5898],[4351,5916],[4327,5969],[4375,6043],[4315,6082],[4215,6197],[4221,6254],[4182,6297]]]}},{"type":"Feature","id":"US.MO.065","properties":{"hc-group":"admin2","hc-middle-x":0.46,"hc-middle-y":0.50,"hc-key":"us-mo-065","hc-a2":"DE","fips":"29065","name":"Dent"},"geometry":{"type":"Polygon","coordinates":[[[6404,3766],[6403,3704],[6404,3539],[6144,3546],[6143,3363],[6314,3359],[6315,3179],[5958,3180],[5594,3186],[5414,3187],[5412,3550],[5322,3550],[5324,3950],[5782,3949],[6145,3950],[6144,3769],[6404,3766]]]}},{"type":"Feature","id":"US.MO.013","properties":{"hc-group":"admin2","hc-middle-x":0.50,"hc-middle-y":0.51,"hc-key":"us-mo-013","hc-a2":"BA","fips":"29013","name":"Bates"},"geometry":{"type":"Polygon","coordinates":[[[1619,5331],[1596,4847],[1637,4846],[1618,4504],[1617,4477],[1578,4467],[1491,4524],[1343,4463],[1318,4512],[704,4544],[715,4877],[726,5412],[1217,5389],[1399,5331],[1586,5350],[1619,5331]]]}},{"type":"Feature","id":"US.MO.083","properties":{"hc-group":"admin2","hc-middle-x":0.50,"hc-middle-y":0.50,"hc-key":"us-mo-083","hc-a2":"HE","fips":"29083","name":"Henry"},"geometry":{"type":"Polygon","coordinates":[[[1637,4846],[1596,4847],[1619,5331],[1617,5370],[1626,5581],[2351,5553],[2529,5545],[2526,5486],[2525,5454],[2525,5318],[2500,4820],[2445,4807],[1637,4846]]]}},{"type":"Feature","id":"US.MO.095","properties":{"hc-group":"admin2","hc-middle-x":0.39,"hc-middle-y":0.48,"hc-key":"us-mo-095","hc-a2":"JA","fips":"29095","name":"Jackson"},"geometry":{"type":"Polygon","coordinates":[[[752,6180],[757,6423],[766,6734],[784,6726],[903,6804],[966,6796],[1002,6743],[1100,6833],[1122,6893],[1166,6832],[1285,6980],[1341,6977],[1409,6915],[1479,6921],[1449,6865],[1541,6833],[1581,6780],[1566,6474],[1557,6310],[1553,6214],[1546,6135],[1272,6145],[752,6180]]]}},{"type":"Feature","id":"US.MO.215","properties":{"hc-group":"admin2","hc-middle-x":0.50,"hc-middle-y":0.50,"hc-key":"us-mo-215","hc-a2":"TE","fips":"29215","name":"Texas"},"geometry":{"type":"Polygon","coordinates":[[[4864,2419],[4803,2420],[4594,2425],[4599,2831],[4590,2831],[4590,3285],[4593,3493],[4594,3558],[4594,3558],[4703,3560],[4958,3555],[5233,3549],[5322,3550],[5412,3550],[5414,3187],[5594,3186],[5596,2824],[5589,2823],[5586,2409],[5220,2410],[4865,2419],[4864,2419]]]}},{"type":"Feature","id":"US.MO.159","properties":{"hc-group":"admin2","hc-middle-x":0.50,"hc-middle-y":0.51,"hc-key":"us-mo-159","hc-a2":"PE","fips":"29159","name":"Pettis"},"geometry":{"type":"Polygon","coordinates":[[[2560,6319],[2561,6335],[2562,6349],[3101,6321],[3285,6312],[3277,6081],[3267,5823],[3258,5610],[3253,5484],[3253,5484],[2889,5498],[2886,5438],[2525,5454],[2526,5486],[2529,5545],[2533,5711],[2566,6258],[2560,6319],[2560,6319]]]}},{"type":"Feature","id":"US.MO.057","properties":{"hc-group":"admin2","hc-middle-x":0.50,"hc-middle-y":0.50,"hc-key":"us-mo-057","hc-a2":"DA","fips":"29057","name":"Dade"},"geometry":{"type":"Polygon","coordinates":[[[1554,3049],[1561,3214],[1573,3532],[2030,3516],[2333,3502],[2333,3502],[2333,3502],[2323,3260],[2321,3200],[2317,3117],[2309,2898],[1958,2912],[1601,2925],[1549,2928],[1554,3049]]]}},{"type":"Feature","id":"US.MO.043","properties":{"hc-group":"admin2","hc-middle-x":0.69,"hc-middle-y":0.51,"hc-key":"us-mo-043","hc-a2":"CH","fips":"29043","name":"Christian"},"geometry":{"type":"Polygon","coordinates":[[[2329,2303],[2329,2348],[2333,2516],[2856,2503],[3238,2488],[3508,2480],[3508,2449],[3505,2273],[3495,1906],[3495,1906],[3209,1915],[2835,1926],[2772,1927],[2783,2292],[2329,2303]]]}},{"type":"Feature","id":"US.MO.135","properties":{"hc-group":"admin2","hc-middle-x":0.53,"hc-middle-y":0.66,"hc-key":"us-mo-135","hc-a2":"MO","fips":"29135","name":"Moniteau"},"geometry":{"type":"Polygon","coordinates":[[[4187,5269],[4179,5269],[3975,5275],[3622,5621],[3626,5803],[3988,5793],[3989,5823],[4182,6297],[4221,6254],[4215,6197],[4315,6082],[4375,6043],[4327,5969],[4351,5916],[4226,5419],[4187,5269]]]}},{"type":"Feature","id":"US.MO.205","properties":{"hc-group":"admin2","hc-middle-x":0.50,"hc-middle-y":0.50,"hc-key":"us-mo-205","hc-a2":"SH","fips":"29205","name":"Shelby"},"geometry":{"type":"Polygon","coordinates":[[[5055,8435],[5186,8435],[5235,8434],[5235,8434],[5230,7965],[5229,7832],[4686,7838],[4683,7716],[4502,7718],[4512,8112],[4519,8440],[4719,8444],[5055,8435]]]}},{"type":"Feature","id":"US.MO.185","properties":{"hc-group":"admin2","hc-middle-x":0.50,"hc-middle-y":0.49,"hc-key":"us-mo-185","hc-a2":"SC","fips":"29185","name":"St. Clair"},"geometry":{"type":"Polygon","coordinates":[[[2410,4032],[2387,4033],[2319,4036],[2017,4051],[2023,4172],[1600,4195],[1610,4344],[1617,4477],[1618,4504],[1637,4846],[2445,4807],[2500,4820],[2543,4802],[2529,4541],[2512,4209],[2419,4213],[2410,4032]]]}},{"type":"Feature","id":"US.MO.055","properties":{"hc-group":"admin2","hc-middle-x":0.51,"hc-middle-y":0.41,"hc-key":"us-mo-055","hc-a2":"CR","fips":"29055","name":"Crawford"},"geometry":{"type":"Polygon","coordinates":[[[5764,4705],[5762,4826],[6037,4827],[6037,4815],[6483,4821],[6492,4397],[6490,3856],[6414,3857],[6404,3766],[6144,3769],[6145,3950],[5782,3949],[5780,4705],[5764,4705]]]}},{"type":"Feature","id":"US.MO.033","properties":{"hc-group":"admin2","hc-middle-x":0.42,"hc-middle-y":0.61,"hc-key":"us-mo-033","hc-a2":"CA","fips":"29033","name":"Carroll"},"geometry":{"type":"Polygon","coordinates":[[[2152,7563],[2153,7661],[2155,7744],[2445,7744],[2928,7744],[2959,7615],[2918,7544],[2929,7471],[2975,7416],[3006,7447],[3029,7358],[3106,7370],[3181,7329],[3204,7260],[3147,7250],[3108,7305],[3049,7298],[3062,7223],[3000,7145],[2959,7166],[2923,7112],[2835,7109],[2816,7062],[2832,6985],[2718,6939],[2720,7007],[2653,7025],[2600,7076],[2569,7018],[2582,6943],[2536,6915],[2466,6924],[2425,6969],[2319,6986],[2238,6907],[2144,6903],[2144,6959],[2152,7563]]]}},{"type":"Feature","id":"US.MO.025","properties":{"hc-group":"admin2","hc-middle-x":0.50,"hc-middle-y":0.50,"hc-key":"us-mo-025","hc-a2":"CA","fips":"29025","name":"Caldwell"},"geometry":{"type":"Polygon","coordinates":[[[2155,7744],[2153,7661],[2152,7563],[1759,7570],[1428,7581],[1440,7949],[1441,8035],[1442,8067],[1443,8125],[1623,8115],[2159,8104],[2157,7929],[2155,7744]]]}},{"type":"Feature","id":"US.MO.049","properties":{"hc-group":"admin2","hc-middle-x":0.50,"hc-middle-y":0.50,"hc-key":"us-mo-049","hc-a2":"CL","fips":"29049","name":"Clinton"},"geometry":{"type":"Polygon","coordinates":[[[1441,8035],[1440,7949],[1428,7581],[1423,7477],[1422,7430],[1239,7436],[793,7447],[794,7522],[796,7601],[798,7771],[805,8052],[1261,8042],[1441,8035]]]}},{"type":"Feature","id":"US.MO.063","properties":{"hc-group":"admin2","hc-middle-x":0.50,"hc-middle-y":0.50,"hc-key":"us-mo-063","hc-a2":"DE","fips":"29063","name":"DeKalb"},"geometry":{"type":"Polygon","coordinates":[[[805,8052],[806,8084],[807,8202],[808,8318],[814,8659],[1254,8650],[1432,8637],[1456,8636],[1443,8125],[1442,8067],[1441,8035],[1261,8042],[805,8052]]]}},{"type":"Feature","id":"US.MO.213","properties":{"hc-group":"admin2","hc-middle-x":0.50,"hc-middle-y":0.51,"hc-key":"us-mo-213","hc-a2":"TA","fips":"29213","name":"Taney"},"geometry":{"type":"Polygon","coordinates":[[[3495,1906],[3495,1906],[3556,1904],[3737,1899],[3731,1643],[3722,1258],[3651,1258],[2811,1264],[2825,1746],[2835,1926],[3209,1915],[3495,1906]]]}},{"type":"Feature","id":"US.MO.225","properties":{"hc-group":"admin2","hc-middle-x":0.50,"hc-middle-y":0.50,"hc-key":"us-mo-225","hc-a2":"WE","fips":"29225","name":"Webster"},"geometry":{"type":"Polygon","coordinates":[[[3870,2441],[3660,2445],[3508,2449],[3508,2480],[3238,2488],[3247,2865],[3221,2865],[3229,3166],[3233,3317],[3594,3308],[3755,3305],[3870,3302],[3860,2849],[3882,2848],[3870,2441]]]}},{"type":"Feature","id":"US.MO.171","properties":{"hc-group":"admin2","hc-middle-x":0.74,"hc-middle-y":0.50,"hc-key":"us-mo-171","hc-a2":"PU","fips":"29171","name":"Putnam"},"geometry":{"type":"Polygon","coordinates":[[[3613,9252],[3613,9252],[3614,9342],[3246,9345],[2801,9341],[2803,9525],[2790,9527],[2793,9752],[2974,9751],[3447,9761],[3839,9764],[3889,9703],[3863,9636],[3900,9577],[3858,9538],[3847,9466],[3913,9387],[3884,9358],[3886,9252],[3781,9250],[3613,9252],[3613,9252],[3613,9252]]]}},{"type":"Feature","id":"US.MO.023","properties":{"hc-group":"admin2","hc-middle-x":0.50,"hc-middle-y":0.50,"hc-key":"us-mo-023","hc-a2":"BU","fips":"29023","name":"Butler"},"geometry":{"type":"Polygon","coordinates":[[[7219,2177],[7763,2188],[7920,2183],[7925,2095],[7994,2020],[8027,1940],[8018,1874],[8129,1719],[8119,1582],[8086,1548],[8060,1409],[8004,1353],[8004,1303],[7733,1297],[7408,1291],[7406,1485],[7376,1485],[7373,1666],[7313,1666],[7309,1939],[7250,1939],[7250,2087],[7219,2087],[7219,2177]]]}},{"type":"Feature","id":"US.MO.031","properties":{"hc-group":"admin2","hc-middle-x":0.38,"hc-middle-y":0.41,"hc-key":"us-mo-031","hc-a2":"CG","fips":"29031","name":"Cape Girardeau"},"geometry":{"type":"Polygon","coordinates":[[[9108,3556],[9119,3493],[9198,3351],[9252,3292],[9286,3203],[9265,3099],[9182,3077],[9132,2974],[9183,2903],[8966,2858],[8967,2827],[8859,2783],[8803,2661],[8731,2629],[8647,2626],[8562,2624],[8563,2817],[8544,3608],[8641,3618],[8731,3594],[8766,3615],[8971,3606],[9009,3563],[9108,3556]]]}},{"type":"Feature","id":"US.MO.133","properties":{"hc-group":"admin2","hc-middle-x":0.53,"hc-middle-y":0.43,"hc-key":"us-mo-133","hc-a2":"MI","fips":"29133","name":"Mississippi"},"geometry":{"type":"Polygon","coordinates":[[[9493,2409],[9528,2375],[9584,2425],[9509,2484],[9497,2535],[9577,2526],[9674,2435],[9696,2355],[9795,2363],[9849,2334],[9851,2286],[9796,2083],[9742,2069],[9732,2000],[9825,1954],[9823,1885],[9749,1898],[9701,1812],[9774,1705],[9712,1625],[9667,1500],[9596,1498],[9494,1625],[9430,1709],[9412,1769],[9256,1943],[9220,2033],[9158,2063],[9157,2108],[9184,2185],[9245,2187],[9243,2248],[9302,2250],[9331,2311],[9392,2314],[9391,2375],[9493,2409]]]}},{"type":"Feature","id":"US.MO.113","properties":{"hc-group":"admin2","hc-middle-x":0.50,"hc-middle-y":0.50,"hc-key":"us-mo-113","hc-a2":"LI","fips":"29113","name":"Lincoln"},"geometry":{"type":"Polygon","coordinates":[[[6187,6763],[6308,6763],[6309,6947],[6605,6945],[7055,6953],[7079,6810],[7124,6672],[7077,6606],[7134,6475],[7162,6352],[7112,6350],[7064,6299],[7056,6343],[6934,6299],[6913,6226],[6837,6249],[6686,6258],[6685,6211],[6437,6211],[6436,6334],[6308,6333],[6308,6458],[6184,6457],[6185,6582],[6187,6763]]]}},{"type":"Feature","id":"US.MO.197","properties":{"hc-group":"admin2","hc-middle-x":0.51,"hc-middle-y":0.50,"hc-key":"us-mo-197","hc-a2":"SC","fips":"29197","name":"Schuyler"},"geometry":{"type":"Polygon","coordinates":[[[3839,9764],[4203,9775],[4416,9780],[4415,9530],[4418,9259],[4243,9256],[3886,9252],[3884,9358],[3913,9387],[3847,9466],[3858,9538],[3900,9577],[3863,9636],[3889,9703],[3839,9764]]]}},{"type":"Feature","id":"US.MO.037","properties":{"hc-group":"admin2","hc-middle-x":0.51,"hc-middle-y":0.50,"hc-key":"us-mo-037","hc-a2":"CA","fips":"29037","name":"Cass"},"geometry":{"type":"Polygon","coordinates":[[[726,5412],[734,5679],[752,6180],[1272,6145],[1546,6135],[1523,5767],[1544,5766],[1536,5585],[1626,5581],[1617,5370],[1619,5331],[1586,5350],[1399,5331],[1217,5389],[726,5412]]]}},{"type":"Feature","id":"US.MO.069","properties":{"hc-group":"admin2","hc-middle-x":0.62,"hc-middle-y":0.82,"hc-key":"us-mo-069","hc-a2":"DU","fips":"29069","name":"Dunklin"},"geometry":{"type":"Polygon","coordinates":[[[8470,277],[7763,253],[7806,314],[7856,445],[7901,503],[7997,557],[8019,650],[8179,761],[8191,820],[8246,839],[8277,902],[8245,943],[8274,1073],[8244,1106],[8151,1130],[8119,1306],[8004,1303],[8004,1353],[8060,1409],[8086,1548],[8119,1582],[8136,1583],[8437,1587],[8449,1413],[8448,1235],[8427,1088],[8446,1087],[8460,645],[8470,277]]]}},{"type":"Feature","id":"US.MO.153","properties":{"hc-group":"admin2","hc-middle-x":0.50,"hc-middle-y":0.51,"hc-key":"us-mo-153","hc-a2":"OZ","fips":"29153","name":"Ozark"},"geometry":{"type":"Polygon","coordinates":[[[4816,1260],[4389,1256],[3722,1258],[3731,1643],[3737,1899],[4388,1884],[4827,1875],[4825,1800],[4816,1260]]]}},{"type":"Feature","id":"US.MO.017","properties":{"hc-group":"admin2","hc-middle-x":0.49,"hc-middle-y":0.58,"hc-key":"us-mo-017","hc-a2":"BO","fips":"29017","name":"Bollinger"},"geometry":{"type":"Polygon","coordinates":[[[8160,2437],[8159,2530],[7971,2526],[7969,3001],[8088,2998],[8088,3475],[8072,3592],[8314,3599],[8544,3608],[8563,2817],[8562,2624],[8408,2622],[8412,2471],[8352,2439],[8160,2437]]]}},{"type":"Feature","id":"US.MO.183","properties":{"hc-group":"admin2","hc-middle-x":0.31,"hc-middle-y":0.50,"hc-key":"us-mo-183","hc-a2":"SC","fips":"29183","name":"St. Charles"},"geometry":{"type":"Polygon","coordinates":[[[8055,6105],[7988,6151],[7927,6134],[7807,6214],[7756,6268],[7695,6255],[7677,6171],[7624,6128],[7529,6138],[7443,5971],[7382,5925],[7371,5838],[7294,5827],[7177,5841],[7148,5794],[7062,5736],[6996,5642],[6932,5622],[6765,5513],[6686,5539],[6683,5907],[6685,6211],[6686,6258],[6837,6249],[6913,6226],[6934,6299],[7056,6343],[7064,6299],[7112,6350],[7162,6352],[7229,6255],[7304,6218],[7354,6231],[7506,6429],[7600,6413],[7737,6344],[7792,6344],[8060,6196],[8055,6105]]]}},{"type":"Feature","id":"US.MO.071","properties":{"hc-group":"admin2","hc-middle-x":0.51,"hc-middle-y":0.58,"hc-key":"us-mo-071","hc-a2":"FR","fips":"29071","name":"Franklin"},"geometry":{"type":"Polygon","coordinates":[[[7001,4830],[6689,4828],[6483,4821],[6037,4815],[6037,4827],[6027,5574],[6022,5845],[6113,5861],[6254,5731],[6256,5686],[6410,5640],[6500,5664],[6574,5633],[6593,5591],[6686,5539],[6765,5513],[6932,5622],[6996,5642],[7062,5736],[7064,5606],[7062,5377],[7062,5271],[7001,4830]]]}},{"type":"Feature","id":"US.MO.181","properties":{"hc-group":"admin2","hc-middle-x":0.50,"hc-middle-y":0.50,"hc-key":"us-mo-181","hc-a2":"RI","fips":"29181","name":"Ripley"},"geometry":{"type":"Polygon","coordinates":[[[6484,1273],[6487,1861],[6492,1951],[6860,1934],[7250,1939],[7309,1939],[7313,1666],[7373,1666],[7376,1485],[7406,1485],[7408,1291],[6783,1280],[6484,1273]]]}},{"type":"Feature","id":"US.MO.177","properties":{"hc-group":"admin2","hc-middle-x":0.38,"hc-middle-y":0.39,"hc-key":"us-mo-177","hc-a2":"RA","fips":"29177","name":"Ray"},"geometry":{"type":"Polygon","coordinates":[[[2152,7563],[2144,6959],[2144,6903],[2095,6891],[2012,6923],[1915,6860],[1849,6851],[1814,6776],[1769,6796],[1812,6858],[1789,6905],[1706,6878],[1712,6801],[1649,6760],[1581,6780],[1541,6833],[1449,6865],[1479,6921],[1409,6915],[1417,7249],[1422,7430],[1423,7477],[1428,7581],[1759,7570],[2152,7563]]]}},{"type":"Feature","id":"US.MO.087","properties":{"hc-group":"admin2","hc-middle-x":0.62,"hc-middle-y":0.46,"hc-key":"us-mo-087","hc-a2":"HO","fips":"29087","name":"Holt"},"geometry":{"type":"Polygon","coordinates":[[[186,8381],[159,8388],[117,8317],[37,8311],[-50,8352],[-59,8401],[-151,8407],[-151,8478],[-223,8499],[-372,8669],[-444,8669],[-488,8719],[-445,8873],[-500,8905],[-513,8953],[-571,9000],[-568,9124],[-688,9172],[-343,9157],[-92,9147],[82,9140],[94,8954],[120,8867],[129,8697],[167,8692],[172,8552],[195,8474],[166,8433],[186,8381]]]}},{"type":"Feature","id":"US.MO.217","properties":{"hc-group":"admin2","hc-middle-x":0.50,"hc-middle-y":0.50,"hc-key":"us-mo-217","hc-a2":"VE","fips":"29217","name":"Vernon"},"geometry":{"type":"Polygon","coordinates":[[[704,4544],[1318,4512],[1343,4463],[1491,4524],[1578,4467],[1617,4477],[1610,4344],[1600,4195],[1583,3894],[1578,3652],[1263,3672],[679,3699],[685,3954],[704,4544]]]}},{"type":"Feature","id":"US.MO.105","properties":{"hc-group":"admin2","hc-middle-x":0.41,"hc-middle-y":0.50,"hc-key":"us-mo-105","hc-a2":"LA","fips":"29105","name":"Laclede"},"geometry":{"type":"Polygon","coordinates":[[[4329,4087],[4322,3785],[4594,3649],[4594,3558],[4594,3558],[4593,3493],[4590,3285],[4201,3290],[3870,3302],[3755,3305],[3594,3308],[3608,3801],[3585,3801],[3594,4164],[3981,4156],[4014,4048],[4099,3965],[4177,4021],[4258,4014],[4329,4087]]]}},{"type":"Feature","id":"US.MO.169","properties":{"hc-group":"admin2","hc-middle-x":0.50,"hc-middle-y":0.50,"hc-key":"us-mo-169","hc-a2":"PU","fips":"29169","name":"Pulaski"},"geometry":{"type":"Polygon","coordinates":[[[4594,3558],[4594,3649],[4322,3785],[4329,4087],[4333,4380],[4333,4424],[4378,4422],[4697,4414],[4697,4412],[4967,4404],[4962,3862],[4958,3555],[4703,3560],[4594,3558]]]}},{"type":"Feature","id":"US.MO.161","properties":{"hc-group":"admin2","hc-middle-x":0.50,"hc-middle-y":0.42,"hc-key":"us-mo-161","hc-a2":"PH","fips":"29161","name":"Phelps"},"geometry":{"type":"Polygon","coordinates":[[[5782,3949],[5324,3950],[5322,3550],[5233,3549],[4958,3555],[4962,3862],[4967,4404],[5057,4402],[5070,4457],[5108,4447],[5173,4489],[5606,4492],[5607,4705],[5689,4705],[5764,4705],[5780,4705],[5782,3949]]]}},{"type":"Feature","id":"US.MO.229","properties":{"hc-group":"admin2","hc-middle-x":0.50,"hc-middle-y":0.50,"hc-key":"us-mo-229","hc-a2":"WR","fips":"29229","name":"Wright"},"geometry":{"type":"Polygon","coordinates":[[[3870,3302],[4201,3290],[4590,3285],[4590,2831],[4599,2831],[4594,2425],[4179,2432],[3870,2441],[3882,2848],[3860,2849],[3870,3302]]]}},{"type":"Feature","id":"US.MO.155","properties":{"hc-group":"admin2","hc-middle-x":0.50,"hc-middle-y":0.39,"hc-key":"us-mo-155","hc-a2":"PE","fips":"29155","name":"Pemiscot"},"geometry":{"type":"Polygon","coordinates":[[[8470,277],[8460,645],[8446,1087],[8797,1091],[8840,1178],[8923,1125],[9032,1150],[9147,1047],[9149,999],[9038,1003],[9038,938],[9167,866],[9171,824],[9043,792],[8901,816],[8885,782],[9016,679],[9081,608],[9081,566],[8937,463],[8928,362],[8896,292],[8470,277]]]}},{"type":"Feature","id":"US.MO.203","properties":{"hc-group":"admin2","hc-middle-x":0.41,"hc-middle-y":0.50,"hc-key":"us-mo-203","hc-a2":"SH","fips":"29203","name":"Shannon"},"geometry":{"type":"Polygon","coordinates":[[[5594,3186],[5958,3180],[6315,3179],[6376,3179],[6377,2966],[6407,2967],[6407,2847],[6467,2847],[6464,2732],[6527,2741],[6556,2657],[6617,2672],[6647,2619],[6647,2519],[6495,2493],[6316,2495],[6312,2074],[5885,2073],[5585,2076],[5587,2240],[5586,2409],[5589,2823],[5596,2824],[5594,3186]]]}},{"type":"Feature","id":"US.MO.005","properties":{"hc-group":"admin2","hc-middle-x":0.59,"hc-middle-y":0.51,"hc-key":"us-mo-005","hc-a2":"AT","fips":"29005","name":"Atchison"},"geometry":{"type":"Polygon","coordinates":[[[-688,9172],[-683,9227],[-846,9292],[-799,9317],[-846,9493],[-842,9552],[-893,9606],[-901,9681],[-839,9704],[-852,9799],[-888,9788],[-915,9720],[-990,9727],[-999,9851],[-106,9807],[-112,9600],[-73,9598],[-92,9147],[-343,9157],[-688,9172]]]}},{"type":"Feature","id":"US.MO.510","properties":{"hc-group":"admin2","hc-middle-x":0.83,"hc-middle-y":0.69,"hc-key":"us-mo-510","hc-a2":"SL","fips":"29510","name":"St. Louis"},"geometry":{"type":"Polygon","coordinates":[[[7977,6034],[7905,5906],[7959,5800],[7944,5671],[7842,5530],[7736,5657],[7763,5786],[7841,5919],[7890,5944],[7977,6034]]]}},{"type":"Feature","id":"US.MO.207","properties":{"hc-group":"admin2","hc-middle-x":0.60,"hc-middle-y":0.50,"hc-key":"us-mo-207","hc-a2":"ST","fips":"29207","name":"Stoddard"},"geometry":{"type":"Polygon","coordinates":[[[8870,2078],[8848,2077],[8869,1595],[8437,1587],[8136,1583],[8119,1582],[8129,1719],[8018,1874],[8027,1940],[7994,2020],[7925,2095],[7920,2183],[7978,2213],[7977,2273],[8098,2365],[8098,2436],[8160,2437],[8352,2439],[8412,2471],[8408,2622],[8562,2624],[8647,2626],[8731,2629],[8698,2548],[8813,2348],[8825,2271],[8874,2221],[8870,2078]]]}},{"type":"Feature","id":"US.MO.027","properties":{"hc-group":"admin2","hc-middle-x":0.50,"hc-middle-y":0.42,"hc-key":"us-mo-027","hc-a2":"CA","fips":"29027","name":"Callaway"},"geometry":{"type":"Polygon","coordinates":[[[4811,6593],[5183,6590],[5583,6588],[5573,6095],[5569,5848],[5430,5852],[5385,5809],[5297,5801],[5207,5763],[5087,5624],[4981,5569],[4889,5539],[4732,5582],[4664,5638],[4635,5717],[4641,5866],[4727,5971],[4756,6155],[4717,6244],[4741,6289],[4779,6509],[4777,6594],[4811,6593]]]}},{"type":"Feature","id":"US.MO.051","properties":{"hc-group":"admin2","hc-middle-x":0.41,"hc-middle-y":0.59,"hc-key":"us-mo-051","hc-a2":"CO","fips":"29051","name":"Cole"},"geometry":{"type":"Polygon","coordinates":[[[4680,5078],[4588,5051],[4532,5082],[4329,5089],[4337,5264],[4187,5269],[4226,5419],[4351,5916],[4407,5898],[4435,5846],[4423,5786],[4516,5766],[4567,5724],[4635,5717],[4664,5638],[4732,5582],[4889,5539],[4981,5569],[4953,5529],[4982,5421],[4926,5351],[4807,5332],[4721,5351],[4753,5277],[4809,5216],[4779,5180],[4682,5151],[4680,5078]]]}},{"type":"Feature","id":"US.MO.089","properties":{"hc-group":"admin2","hc-middle-x":0.46,"hc-middle-y":0.56,"hc-key":"us-mo-089","hc-a2":"HO","fips":"29089","name":"Howard"},"geometry":{"type":"Polygon","coordinates":[[[3615,6930],[3711,7174],[3844,7128],[4179,7015],[4292,6976],[4157,6643],[4074,6455],[4085,6398],[4016,6392],[3824,6426],[3706,6401],[3625,6418],[3507,6504],[3475,6594],[3517,6659],[3462,6676],[3464,6722],[3596,6878],[3615,6930]]]}}]}