{"title":"Malta","version":"1.1.2","type":"FeatureCollection","copyright":"Copyright (c) 2015 Highsoft AS, Based on data from Natural Earth","copyrightShort":"Natural Earth","copyrightUrl":"http://www.naturalearthdata.com","crs":{"type":"name","properties":{"name":"urn:ogc:def:crs:EPSG:32633"}},"hc-transform":{"default":{"crs":"+proj=utm +zone=33 +datum=WGS84 +units=m +no_defs","scale":0.0203296090826,"jsonres":15.5,"jsonmarginX":-999,"jsonmarginY":9851.0,"xoffset":426479.64118,"yoffset":3992588.06704}},
"features":[{"type":"Feature","id":"MT.7358","properties":{"hc-group":"admin1","hc-middle-x":0.41,"hc-middle-y":0.42,"hc-key":"mt-7358","hc-a2":"SJ","labelrank":"20","hasc":"MT","alt-name":null,"woe-id":"-56043491","subregion":"Northern Harbour","fips":"MT49","postal-code":null,"name":"St. Julian's","country":"Malta","type-en":null,"region":"Malta Majjistral","longitude":"14.4897","woe-name":"Malta","latitude":"35.9126","woe-label":null,"type":null},"geometry":{"type":"Polygon","coordinates":[[[7996,4732],[8177,4666],[8250,4528],[7848,4188],[7749,3902],[7626,3835],[7541,3929],[7457,3987],[7441,4104],[7543,4186],[7552,4310],[7502,4372],[7510,4465],[7713,4506],[7996,4732]]]}},{"type":"Feature","id":"MT.7363","properties":{"hc-group":"admin1","hc-middle-x":0.54,"hc-middle-y":0.51,"hc-key":"mt-7363","hc-a2":"BI","labelrank":"20","hasc":"MT","alt-name":null,"woe-id":"24551412","subregion":"Northern Harbour","fips":null,"postal-code":null,"name":"Birkirkara","country":"Malta","type-en":null,"region":"Malta Majjistral","longitude":"14.4662","woe-name":"Malta","latitude":"35.8934","woe-label":null,"type":null},"geometry":{"type":"Polygon","coordinates":[[[7099,3123],[6914,3145],[6747,3291],[6764,3415],[6723,3539],[6656,3643],[6774,3673],[6884,3714],[7159,3635],[7260,3551],[7289,3467],[7212,3385],[7157,3354],[7140,3265],[7099,3123]]]}},{"type":"Feature","id":"MT.7369","properties":{"hc-group":"admin1","hc-middle-x":0.55,"hc-middle-y":0.44,"hc-key":"mt-7369","hc-a2":"QO","labelrank":"20","hasc":"MT","alt-name":null,"woe-id":"24551406","subregion":"Northern Harbour","fips":null,"postal-code":null,"name":"Qormi","country":"Malta","type-en":null,"region":"Malta Majjistral","longitude":"14.4684","woe-name":"Malta","latitude":"35.8753","woe-label":null,"type":null},"geometry":{"type":"Polygon","coordinates":[[[6747,3291],[6914,3145],[7099,3123],[7200,3071],[7351,3039],[7493,2831],[7401,2780],[7383,2698],[7290,2595],[7086,2286],[6994,2286],[6902,2369],[6886,2483],[6886,2597],[6802,2670],[6659,2691],[6593,2764],[6568,2909],[6619,2991],[6653,3084],[6721,3177],[6747,3291]]]}},{"type":"Feature","id":"MT.7346","properties":{"hc-group":"admin1","hc-middle-x":0.55,"hc-middle-y":0.56,"hc-key":"mt-7346","hc-a2":"RA","labelrank":"20","hasc":"MT","alt-name":null,"woe-id":"24551372","subregion":"Western","fips":null,"postal-code":null,"name":"Rabat","country":"Malta","type-en":null,"region":"Malta Majjistral","longitude":"14.3774","woe-name":"Malta","latitude":"35.8833","woe-label":null,"type":null},"geometry":{"type":"Polygon","coordinates":[[[5466,2967],[5457,2822],[5507,2781],[5564,2418],[5462,2285],[5285,2255],[5058,2297],[4983,2401],[4967,2494],[4900,2567],[4748,2568],[4453,2529],[4251,2540],[4098,2449],[4048,2528],[3958,2634],[3557,2854],[3470,3021],[3475,3704],[3602,3630],[3712,3661],[3829,3536],[3930,3525],[3997,3576],[4082,3669],[4191,3668],[4284,3719],[4393,3666],[4486,3676],[4571,3779],[4747,3799],[4950,3828],[5101,3828],[5227,3868],[5311,3764],[5386,3691],[5478,3598],[5461,3474],[5435,3381],[5334,3350],[5207,3351],[5064,3342],[4980,3249],[4996,3104],[5172,3041],[5239,2979],[5382,2978],[5466,2967]]]}},{"type":"Feature","id":"MT.7370","properties":{"hc-group":"admin1","hc-middle-x":0.50,"hc-middle-y":0.51,"hc-key":"mt-7370","hc-a2":"?E","labelrank":"20","hasc":"MT","alt-name":null,"woe-id":"24551370","subregion":"Western","fips":null,"postal-code":null,"name":"?ebbu?","country":"Malta","type-en":null,"region":"Malta Majjistral","longitude":"14.4365","woe-name":"Malta","latitude":"35.8713","woe-label":null,"type":null},"geometry":{"type":"Polygon","coordinates":[[[5564,2418],[5507,2781],[5457,2822],[5466,2967],[5626,2997],[5769,2955],[5920,2933],[6063,2963],[6157,3056],[6333,3065],[6653,3084],[6619,2991],[6568,2909],[6593,2764],[6659,2691],[6802,2670],[6886,2597],[6886,2483],[6902,2369],[6826,2328],[6775,2360],[6683,2443],[6566,2464],[6397,2434],[6355,2352],[6270,2269],[6093,2208],[5916,2292],[5749,2366],[5665,2428],[5564,2418]]]}},{"type":"Feature","id":"MT.7374","properties":{"hc-group":"admin1","hc-middle-x":0.57,"hc-middle-y":0.51,"hc-key":"mt-7374","hc-a2":"KA","labelrank":"20","hasc":"MT","alt-name":null,"woe-id":"24551392","subregion":"Southern Harbour","fips":null,"postal-code":null,"name":"Kalkara","country":"Malta","type-en":null,"region":"Malta Xlokk","longitude":"14.5351","woe-name":"Malta","latitude":"35.8871","woe-label":null,"type":null},"geometry":{"type":"Polygon","coordinates":[[[8658,3598],[9314,3315],[9119,3175],[9085,3061],[8892,3062],[8782,3021],[8773,3280],[8653,3332],[8502,3466],[8658,3598]]]}},{"type":"Feature","id":"MT.7376","properties":{"hc-group":"admin1","hc-middle-x":0.45,"hc-middle-y":0.58,"hc-key":"mt-7376","hc-a2":"XG","labelrank":"20","hasc":"MT","alt-name":null,"woe-id":"24551401","subregion":"Southern Harbour","fips":null,"postal-code":null,"name":"Xg?ajra","country":"Malta","type-en":null,"region":"Malta Xlokk","longitude":"14.5457","woe-name":"Malta","latitude":"35.8816","woe-label":null,"type":null},"geometry":{"type":"Polygon","coordinates":[[[9314,3315],[9544,2937],[9320,2843],[9185,2906],[9085,3061],[9119,3175],[9314,3315]]]}},{"type":"Feature","id":"MT.7373","properties":{"hc-group":"admin1","hc-middle-x":0.40,"hc-middle-y":0.50,"hc-key":"mt-7373","hc-a2":"VA","labelrank":"20","hasc":"MT","alt-name":null,"woe-id":"24551399","subregion":"Southern Harbour","fips":null,"postal-code":null,"name":"Valletta","country":"Malta","type-en":null,"region":"Malta Xlokk","longitude":"14.511","woe-name":"Malta","latitude":"35.8948","woe-label":null,"type":null},"geometry":{"type":"Polygon","coordinates":[[[8253,3283],[7993,3501],[8154,3624],[8346,3697],[8499,3666],[8658,3598],[8502,3466],[8386,3358],[8253,3283]]]}},{"type":"Feature","id":"MT.7378","properties":{"hc-group":"admin1","hc-middle-x":0.38,"hc-middle-y":0.48,"hc-key":"mt-7378","hc-a2":"FL","labelrank":"20","hasc":"MT","alt-name":null,"woe-id":"24551390","subregion":"Southern Harbour","fips":null,"postal-code":null,"name":"Floriana","country":"Malta","type-en":null,"region":"Malta Xlokk","longitude":"14.503","woe-name":"Malta","latitude":"35.888","woe-label":null,"type":null},"geometry":{"type":"Polygon","coordinates":[[[7993,3501],[8253,3283],[8185,3159],[8075,3056],[7965,2963],[7907,3088],[7851,3126],[7893,3183],[7839,3262],[7892,3408],[7993,3501]]]}},{"type":"Feature","id":"MT.7380","properties":{"hc-group":"admin1","hc-middle-x":0.40,"hc-middle-y":0.51,"hc-key":"mt-7380","hc-a2":"?A","labelrank":"20","hasc":"MT","alt-name":null,"woe-id":"24551397","subregion":"Southern Harbour","fips":null,"postal-code":null,"name":"?abbar","country":"Malta","type-en":null,"region":"Malta Xlokk","longitude":"14.5397","woe-name":"Malta","latitude":"35.8718","woe-label":null,"type":null},"geometry":{"type":"Polygon","coordinates":[[[9085,3061],[9185,2906],[9320,2843],[9544,2937],[9677,2719],[9436,2574],[9402,2471],[9326,2378],[9242,2368],[9166,2296],[8938,2318],[8855,2411],[8729,2422],[8661,2464],[8696,2577],[8747,2660],[8772,2742],[8705,2774],[8714,2887],[8782,3021],[8892,3062],[9085,3061]]]}},{"type":"Feature","id":"MT.7382","properties":{"hc-group":"admin1","hc-middle-x":0.63,"hc-middle-y":0.36,"hc-key":"mt-7382","hc-a2":"PA","labelrank":"20","hasc":"MT","alt-name":null,"woe-id":"24551398","subregion":"Southern Harbour","fips":null,"postal-code":null,"name":"Paola","country":"Malta","type-en":null,"region":"Malta Xlokk","longitude":"14.505","woe-name":"Malta","latitude":"35.8727","woe-label":null,"type":null},"geometry":{"type":"Polygon","coordinates":[[[8182,2590],[8081,2487],[8038,2374],[7945,2322],[7793,2220],[7752,2375],[7879,2530],[7956,2746],[7965,2963],[8075,3056],[8185,3159],[8336,2982],[8251,2828],[8335,2755],[8182,2590]]]}},{"type":"Feature","id":"MT.7384","properties":{"hc-group":"admin1","hc-middle-x":0.68,"hc-middle-y":0.48,"hc-key":"mt-7384","hc-a2":"TA","labelrank":"20","hasc":"MT","alt-name":null,"woe-id":"24551402","subregion":"Southern Harbour","fips":null,"postal-code":null,"name":"Tarxien","country":"Malta","type-en":null,"region":"Malta Xlokk","longitude":"14.5088","woe-name":"Malta","latitude":"35.8616","woe-label":null,"type":null},"geometry":{"type":"Polygon","coordinates":[[[7793,2220],[7945,2322],[8038,2374],[8081,2487],[8182,2590],[8317,2548],[8392,2465],[8366,2382],[8408,2279],[8298,2207],[8256,2155],[8222,2094],[8020,2136],[7885,2157],[7793,2220]]]}},{"type":"Feature","id":"MT.7385","properties":{"hc-group":"admin1","hc-middle-x":0.52,"hc-middle-y":0.51,"hc-key":"mt-7385","hc-a2":"?E","labelrank":"20","hasc":"MT","alt-name":null,"woe-id":"24551384","subregion":"South Eastern","fips":null,"postal-code":null,"name":"?ejtun","country":"Malta","type-en":null,"region":"Malta Xlokk","longitude":"14.5324","woe-name":"Malta","latitude":"35.8539","woe-label":null,"type":null},"geometry":{"type":"Polygon","coordinates":[[[8661,2464],[8729,2422],[8855,2411],[8938,2318],[9166,2296],[9257,2109],[9299,1995],[9265,1913],[9273,1840],[9315,1768],[9222,1665],[9054,1759],[8885,1780],[8818,1718],[8641,1730],[8507,1958],[8390,2113],[8256,2155],[8298,2207],[8408,2279],[8467,2320],[8493,2413],[8560,2433],[8661,2464]]]}},{"type":"Feature","id":"MT.7386","properties":{"hc-group":"admin1","hc-middle-x":0.49,"hc-middle-y":0.53,"hc-key":"mt-7386","hc-a2":"MA","labelrank":"20","hasc":"MT","alt-name":null,"woe-id":"24551386","subregion":"South Eastern","fips":null,"postal-code":null,"name":"Marsaskala","country":"Malta","type-en":null,"region":"Malta Xlokk","longitude":"14.5538","woe-name":"Malta","latitude":"35.8544","woe-label":null,"type":null},"geometry":{"type":"Polygon","coordinates":[[[9315,1768],[9273,1840],[9265,1913],[9299,1995],[9257,2109],[9166,2296],[9242,2368],[9326,2378],[9402,2471],[9436,2574],[9677,2719],[9741,2614],[9851,1760],[9813,1623],[9626,1673],[9466,1695],[9315,1768]]]}},{"type":"Feature","id":"MT.7396","properties":{"hc-group":"admin1","hc-middle-x":0.50,"hc-middle-y":0.52,"hc-key":"mt-7396","hc-a2":"QR","labelrank":"20","hasc":"MT","alt-name":null,"woe-id":"24551377","subregion":"South Eastern","fips":null,"postal-code":null,"name":"Qrendi","country":"Malta","type-en":null,"region":"Malta Xlokk","longitude":"14.4531","woe-name":"Malta","latitude":"35.8312","woe-label":null,"type":null},"geometry":{"type":"Polygon","coordinates":[[[6614,751],[5910,975],[6011,1175],[6121,1247],[6247,1246],[6273,1308],[6248,1411],[6350,1504],[6434,1524],[6535,1555],[6695,1523],[6829,1470],[6998,1500],[7031,1397],[6947,1356],[6938,1283],[6997,1231],[6929,1170],[6844,1098],[6675,902],[6614,751]]]}},{"type":"Feature","id":"MT.7393","properties":{"hc-group":"admin1","hc-middle-x":0.60,"hc-middle-y":0.48,"hc-key":"mt-7393","hc-a2":"MQ","labelrank":"20","hasc":"MT","alt-name":null,"woe-id":"24551381","subregion":"South Eastern","fips":null,"postal-code":null,"name":"Mqabba","country":"Malta","type-en":null,"region":"Malta Xlokk","longitude":"14.4666","woe-name":"Malta","latitude":"35.8426","woe-label":null,"type":null},"geometry":{"type":"Polygon","coordinates":[[[6998,1500],[6829,1470],[6695,1523],[6535,1555],[6603,1689],[6638,1792],[6722,1833],[6831,1770],[6932,1811],[7059,1903],[7168,1841],[7320,1798],[7361,1705],[7319,1643],[7268,1519],[7158,1510],[6998,1500]]]}},{"type":"Feature","id":"MT.7332","properties":{"hc-group":"admin1","hc-middle-x":0.38,"hc-middle-y":0.49,"hc-key":"mt-7332","hc-a2":"G?","labelrank":"20","hasc":"-99","alt-name":null,"woe-id":"24551355","subregion":"Gozo and Comino","fips":null,"postal-code":null,"name":"G?asri","country":"Malta","type-en":null,"region":"Gozo","longitude":"14.2247","woe-name":null,"latitude":"36.0625","woe-label":null,"type":null},"geometry":{"type":"Polygon","coordinates":[[[-165,9674],[420,9757],[332,9616],[324,9401],[349,9219],[410,9194],[504,9226],[570,9135],[582,8936],[441,8945],[313,8930],[273,8880],[85,8915],[-2,9015],[-20,9247],[-79,9413],[-179,9538],[-165,9674]]]}},{"type":"Feature","id":"MT.7353","properties":{"hc-group":"admin1","hc-middle-x":0.57,"hc-middle-y":0.53,"hc-key":"mt-7353","hc-a2":"BA","labelrank":"20","hasc":"MT","alt-name":null,"woe-id":"24551375","subregion":"Western","fips":null,"postal-code":null,"name":"Balzan","country":"Malta","type-en":null,"region":"Malta Majjistral","longitude":"14.4524","woe-name":"Malta","latitude":"35.8952","woe-label":null,"type":null},"geometry":{"type":"Polygon","coordinates":[[[6747,3291],[6587,3322],[6487,3385],[6412,3499],[6489,3716],[6656,3643],[6723,3539],[6764,3415],[6747,3291]]]}},{"type":"Feature","id":"MT.3630","properties":{"hc-group":"admin1","hc-middle-x":0.30,"hc-middle-y":0.50,"hc-key":"mt-3630","hc-a2":"AT","labelrank":"20","hasc":"MT","alt-name":null,"woe-id":"24551373","subregion":"Western","fips":null,"postal-code":null,"name":"Attard","country":"Malta","type-en":null,"region":"Malta Majjistral","longitude":"14.4318","woe-name":"Malta","latitude":"35.8878","woe-label":null,"type":null},"geometry":{"type":"Polygon","coordinates":[[[6412,3499],[6487,3385],[6587,3322],[6747,3291],[6721,3177],[6653,3084],[6333,3065],[6157,3056],[6063,2963],[5920,2933],[5769,2955],[5626,2997],[5466,2967],[5417,3133],[5426,3246],[5435,3381],[5461,3474],[5478,3598],[5571,3649],[5748,3669],[5907,3595],[6008,3522],[6109,3511],[6235,3490],[6412,3499]]]}},{"type":"Feature","id":"MT.7344","properties":{"hc-group":"admin1","hc-middle-x":0.51,"hc-middle-y":0.46,"hc-key":"mt-7344","hc-a2":"MD","labelrank":"20","hasc":"MT","alt-name":null,"woe-id":"24551374","subregion":"Western","fips":null,"postal-code":null,"name":"Mdina","country":"Malta","type-en":null,"region":"Malta Majjistral","longitude":"14.4085","woe-name":"Malta","latitude":"35.8818","woe-label":null,"type":null},"geometry":{"type":"Polygon","coordinates":[[[5417,3133],[5466,2967],[5382,2978],[5239,2979],[5172,3041],[5214,3103],[5316,3133],[5417,3133]]]}},{"type":"Feature","id":"MT.7345","properties":{"hc-group":"admin1","hc-middle-x":0.53,"hc-middle-y":0.53,"hc-key":"mt-7345","hc-a2":"IM","labelrank":"20","hasc":"MT","alt-name":null,"woe-id":"56043489","subregion":"Western","fips":null,"postal-code":null,"name":"Imtarfa","country":"Malta","type-en":null,"region":"Malta Majjistral","longitude":"14.4049","woe-name":"Malta","latitude":"35.8869","woe-label":null,"type":null},"geometry":{"type":"Polygon","coordinates":[[[5435,3381],[5426,3246],[5417,3133],[5316,3133],[5214,3103],[5172,3041],[4996,3104],[4980,3249],[5064,3342],[5207,3351],[5334,3350],[5435,3381]]]}},{"type":"Feature","id":"MT.7347","properties":{"hc-group":"admin1","hc-middle-x":0.33,"hc-middle-y":0.52,"hc-key":"mt-7347","hc-a2":"M?","labelrank":"20","hasc":"MT","alt-name":null,"woe-id":"24551364","subregion":"Northern","fips":null,"postal-code":null,"name":"M?arr","country":"Malta","type-en":null,"region":"Malta Majjistral","longitude":"14.3658","woe-name":"Malta","latitude":"35.9148","woe-label":null,"type":null},"geometry":{"type":"Polygon","coordinates":[[[5203,3972],[5227,3868],[5101,3828],[4950,3828],[4747,3799],[4571,3779],[4486,3676],[4393,3666],[4284,3719],[4191,3668],[4082,3669],[3997,3576],[3930,3525],[3829,3536],[3712,3661],[3602,3630],[3475,3704],[3477,4105],[3432,4591],[3609,4623],[3794,4684],[4022,4786],[4123,4868],[4309,4887],[4368,4959],[4527,4917],[4577,4855],[4535,4751],[4459,4679],[4466,4576],[4559,4555],[4769,4533],[4836,4439],[4868,4253],[4884,4118],[4985,4035],[5110,3983],[5203,3972]]]}},{"type":"Feature","id":"MT.7350","properties":{"hc-group":"admin1","hc-middle-x":0.67,"hc-middle-y":0.55,"hc-key":"mt-7350","hc-a2":"MO","labelrank":"20","hasc":"MT","alt-name":null,"woe-id":"24551367","subregion":"Northern","fips":null,"postal-code":null,"name":"Mosta","country":"Malta","type-en":null,"region":"Malta Majjistral","longitude":"14.4209","woe-name":"Malta","latitude":"35.9076","woe-label":null,"type":null},"geometry":{"type":"Polygon","coordinates":[[[5227,3868],[5203,3972],[5271,4033],[5380,4095],[5439,4146],[5415,4219],[5314,4261],[5213,4323],[5180,4427],[5096,4458],[4987,4449],[4954,4490],[5013,4542],[5240,4582],[5391,4550],[5500,4466],[5576,4404],[5609,4290],[5684,4227],[5760,4289],[5845,4392],[5962,4370],[6021,4277],[6045,4184],[6062,4080],[6069,3977],[6102,3884],[6052,3822],[6051,3708],[6109,3511],[6008,3522],[5907,3595],[5748,3669],[5571,3649],[5478,3598],[5386,3691],[5311,3764],[5227,3868]]]}},{"type":"Feature","id":"MT.7352","properties":{"hc-group":"admin1","hc-middle-x":0.47,"hc-middle-y":0.53,"hc-key":"mt-7352","hc-a2":"LI","labelrank":"20","hasc":"MT","alt-name":null,"woe-id":"24551371","subregion":"Western","fips":null,"postal-code":null,"name":"Lija","country":"Malta","type-en":null,"region":"Malta Majjistral","longitude":"14.4412","woe-name":"Malta","latitude":"35.8992","woe-label":null,"type":null},"geometry":{"type":"Polygon","coordinates":[[[6412,3499],[6235,3490],[6109,3511],[6051,3708],[6052,3822],[6102,3884],[6262,3800],[6430,3830],[6489,3716],[6412,3499]]]}},{"type":"Feature","id":"MT.7354","properties":{"hc-group":"admin1","hc-middle-x":0.57,"hc-middle-y":0.52,"hc-key":"mt-7354","hc-a2":"IK","labelrank":"20","hasc":"MT","alt-name":null,"woe-id":"24551409","subregion":"Western","fips":null,"postal-code":null,"name":"Iklin","country":"Malta","type-en":null,"region":"Malta Majjistral","longitude":"14.4549","woe-name":"Malta","latitude":"35.9054","woe-label":null,"type":null},"geometry":{"type":"Polygon","coordinates":[[[6656,3643],[6489,3716],[6430,3830],[6531,3881],[6482,4005],[6567,4129],[6676,4118],[6768,4087],[6877,4003],[6884,3714],[6774,3673],[6656,3643]]]}},{"type":"Feature","id":"MT.7355","properties":{"hc-group":"admin1","hc-middle-x":0.38,"hc-middle-y":0.43,"hc-key":"mt-7355","hc-a2":"G?","labelrank":"20","hasc":"MT","alt-name":null,"woe-id":"24551405","subregion":"Northern","fips":null,"postal-code":null,"name":"G?arg?ur","country":"Malta","type-en":null,"region":"Malta Majjistral","longitude":"14.4553","woe-name":"Malta","latitude":"35.9188","woe-label":null,"type":null},"geometry":{"type":"Polygon","coordinates":[[[6877,4003],[6768,4087],[6676,4118],[6567,4129],[6458,4243],[6450,4378],[6485,4574],[6553,4636],[6679,4687],[6678,4583],[6804,4531],[6829,4365],[6895,4251],[6920,4086],[6877,4003]]]}},{"type":"Feature","id":"MT.7351","properties":{"hc-group":"admin1","hc-middle-x":0.49,"hc-middle-y":0.43,"hc-key":"mt-7351","hc-a2":"NA","labelrank":"20","hasc":"MT","alt-name":null,"woe-id":"24551365","subregion":"Northern","fips":null,"postal-code":null,"name":"Naxxar","country":"Malta","type-en":null,"region":"Malta Majjistral","longitude":"14.4379","woe-name":"Malta","latitude":"35.9289","woe-label":null,"type":null},"geometry":{"type":"Polygon","coordinates":[[[6889,4696],[6679,4687],[6553,4636],[6485,4574],[6450,4378],[6458,4243],[6567,4129],[6482,4005],[6531,3881],[6430,3830],[6262,3800],[6102,3884],[6069,3977],[6062,4080],[6045,4184],[6021,4277],[5962,4370],[5845,4392],[5744,4516],[5703,4579],[5745,4630],[5746,4734],[5688,4868],[5714,5013],[5807,5178],[5986,5466],[6206,5866],[6400,5788],[6961,5302],[6907,4923],[6889,4696]]]}},{"type":"Feature","id":"MT.7356","properties":{"hc-group":"admin1","hc-middle-x":0.61,"hc-middle-y":0.71,"hc-key":"mt-7356","hc-a2":"SW","labelrank":"20","hasc":"MT","alt-name":null,"woe-id":"24551413","subregion":"Northern Harbour","fips":null,"postal-code":null,"name":"Swieqi","country":"Malta","type-en":null,"region":"Malta Majjistral","longitude":"14.4698","woe-name":"Malta","latitude":"35.917","woe-label":null,"type":null},"geometry":{"type":"Polygon","coordinates":[[[6679,4687],[6889,4696],[7024,4633],[7124,4540],[7157,4384],[7266,4353],[7502,4372],[7552,4310],[7543,4186],[7441,4104],[7383,4166],[7307,4094],[7163,4043],[6995,4054],[6920,4086],[6895,4251],[6829,4365],[6804,4531],[6678,4583],[6679,4687]]]}},{"type":"Feature","id":"MT.7360","properties":{"hc-group":"admin1","hc-middle-x":0.48,"hc-middle-y":0.51,"hc-key":"mt-7360","hc-a2":"S?","labelrank":"20","hasc":"MT","alt-name":null,"woe-id":"24551407","subregion":"Northern Harbour","fips":"MT48","postal-code":null,"name":"San ?wann","country":"Malta","type-en":null,"region":"Malta Majjistral","longitude":"14.4756","woe-name":"Malta","latitude":"35.905","woe-label":null,"type":null},"geometry":{"type":"Polygon","coordinates":[[[6884,3714],[6877,4003],[6920,4086],[6995,4054],[7163,4043],[7307,4094],[7383,4166],[7441,4104],[7457,3987],[7541,3929],[7626,3835],[7549,3685],[7265,3671],[7159,3635],[6884,3714]]]}},{"type":"Feature","id":"MT.7361","properties":{"hc-group":"admin1","hc-middle-x":0.51,"hc-middle-y":0.56,"hc-key":"mt-7361","hc-a2":"G?","labelrank":"20","hasc":"MT","alt-name":null,"woe-id":"24551388","subregion":"Northern Harbour","fips":null,"postal-code":null,"name":"G?ira","country":"Malta","type-en":null,"region":"Malta Majjistral","longitude":"14.4908","woe-name":"Malta","latitude":"35.9025","woe-label":null,"type":null},"geometry":{"type":"Polygon","coordinates":[[[7549,3685],[7626,3835],[7749,3902],[7875,3803],[8163,3739],[8154,3624],[7993,3501],[7887,3574],[7641,3580],[7549,3685]]]}},{"type":"Feature","id":"MT.7364","properties":{"hc-group":"admin1","hc-middle-x":0.50,"hc-middle-y":0.33,"hc-key":"mt-7364","hc-a2":"MS","labelrank":"20","hasc":"MT","alt-name":null,"woe-id":"24551414","subregion":"Northern Harbour","fips":null,"postal-code":null,"name":"Msida","country":"Malta","type-en":null,"region":"Malta Majjistral","longitude":"14.4825","woe-name":"Malta","latitude":"35.8949","woe-label":null,"type":null},"geometry":{"type":"Polygon","coordinates":[[[7549,3685],[7641,3580],[7648,3389],[7640,3283],[7567,3195],[7445,3316],[7289,3363],[7212,3385],[7289,3467],[7260,3551],[7159,3635],[7265,3671],[7549,3685]]]}},{"type":"Feature","id":"MT.7365","properties":{"hc-group":"admin1","hc-middle-x":0.50,"hc-middle-y":0.51,"hc-key":"mt-7365","hc-a2":"TX","labelrank":"20","hasc":"MT","alt-name":null,"woe-id":"24551416","subregion":"Northern Harbour","fips":null,"postal-code":null,"name":"Ta' Xbiex","country":"Malta","type-en":null,"region":"Malta Majjistral","longitude":"14.4945","woe-name":"Malta","latitude":"35.8945","woe-label":null,"type":null},"geometry":{"type":"Polygon","coordinates":[[[7648,3389],[7641,3580],[7887,3574],[7993,3501],[7892,3408],[7757,3378],[7648,3389]]]}},{"type":"Feature","id":"MT.7366","properties":{"hc-group":"admin1","hc-middle-x":0.76,"hc-middle-y":0.60,"hc-key":"mt-7366","hc-a2":"PI","labelrank":"20","hasc":"MT","alt-name":null,"woe-id":"24551394","subregion":"Northern Harbour","fips":null,"postal-code":null,"name":"Pietà","country":"Malta","type-en":null,"region":"Malta Majjistral","longitude":"14.4927","woe-name":"Malta","latitude":"35.8891","woe-label":null,"type":null},"geometry":{"type":"Polygon","coordinates":[[[7567,3195],[7640,3283],[7648,3389],[7757,3378],[7892,3408],[7839,3262],[7690,3179],[7567,3195]]]}},{"type":"Feature","id":"MT.7367","properties":{"hc-group":"admin1","hc-middle-x":0.51,"hc-middle-y":0.56,"hc-key":"mt-7367","hc-a2":"SV","labelrank":"20","hasc":"MT","alt-name":null,"woe-id":"24551410","subregion":"Northern Harbour","fips":"MT53","postal-code":null,"name":"Santa Venera","country":"Malta","type-en":null,"region":"Malta Majjistral","longitude":"14.4781","woe-name":"Malta","latitude":"35.8865","woe-label":null,"type":null},"geometry":{"type":"Polygon","coordinates":[[[7099,3123],[7140,3265],[7157,3354],[7212,3385],[7289,3363],[7445,3316],[7567,3195],[7397,3129],[7351,3039],[7200,3071],[7099,3123]]]}},{"type":"Feature","id":"MT.7368","properties":{"hc-group":"admin1","hc-middle-x":0.43,"hc-middle-y":0.57,"hc-key":"mt-7368","hc-a2":"?A","labelrank":"20","hasc":"MT","alt-name":null,"woe-id":"24551387","subregion":"Northern Harbour","fips":null,"postal-code":null,"name":"?amrun","country":"Malta","type-en":null,"region":"Malta Majjistral","longitude":"14.4868","woe-name":"Malta","latitude":"35.8818","woe-label":null,"type":null},"geometry":{"type":"Polygon","coordinates":[[[7351,3039],[7397,3129],[7567,3195],[7690,3179],[7839,3262],[7893,3183],[7851,3126],[7722,3047],[7662,2820],[7493,2831],[7351,3039]]]}},{"type":"Feature","id":"MT.7372","properties":{"hc-group":"admin1","hc-middle-x":0.39,"hc-middle-y":0.48,"hc-key":"mt-7372","hc-a2":"SI","labelrank":"20","hasc":"MT","alt-name":null,"woe-id":"24551376","subregion":"Western","fips":null,"postal-code":null,"name":"Si??iewi","country":"Malta","type-en":null,"region":"Malta Majjistral","longitude":"14.4252","woe-name":"Malta","latitude":"35.8474","woe-label":null,"type":null},"geometry":{"type":"Polygon","coordinates":[[[6902,2369],[6994,2286],[7086,2286],[7103,2151],[6967,2038],[6866,1925],[6748,1905],[6722,1833],[6638,1792],[6603,1689],[6535,1555],[6434,1524],[6350,1504],[6248,1411],[6273,1308],[6247,1246],[6121,1247],[6011,1175],[5910,975],[5787,1014],[4785,1574],[4820,1885],[4921,1978],[5040,2184],[5058,2297],[5285,2255],[5462,2285],[5564,2418],[5665,2428],[5749,2366],[5916,2292],[6093,2208],[6270,2269],[6355,2352],[6397,2434],[6566,2464],[6683,2443],[6775,2360],[6826,2328],[6902,2369]]]}},{"type":"Feature","id":"MT.7359","properties":{"hc-group":"admin1","hc-middle-x":0.65,"hc-middle-y":0.50,"hc-key":"mt-7359","hc-a2":"SL","labelrank":"20","hasc":"MT","alt-name":null,"woe-id":"24551395","subregion":"Northern Harbour","fips":null,"postal-code":null,"name":"Sliema","country":"Malta","type-en":null,"region":"Malta Majjistral","longitude":"14.4992","woe-name":"Malta","latitude":"35.9083","woe-label":null,"type":null},"geometry":{"type":"Polygon","coordinates":[[[8346,3697],[8154,3624],[8163,3739],[7875,3803],[7749,3902],[7848,4188],[8250,4528],[8320,4395],[8350,4047],[8346,3697]]]}},{"type":"Feature","id":"MT.7375","properties":{"hc-group":"admin1","hc-middle-x":0.65,"hc-middle-y":0.46,"hc-key":"mt-7375","hc-a2":"BI","labelrank":"20","hasc":"MT","alt-name":null,"woe-id":"24551404","subregion":"Southern Harbour","fips":null,"postal-code":null,"name":"Birgu","country":"Malta","type-en":null,"region":"Malta Xlokk","longitude":"14.526","woe-name":"Malta","latitude":"35.8871","woe-label":null,"type":null},"geometry":{"type":"Polygon","coordinates":[[[8386,3358],[8502,3466],[8653,3332],[8773,3280],[8782,3021],[8552,3216],[8386,3358]]]}},{"type":"Feature","id":"MT.7377","properties":{"hc-group":"admin1","hc-middle-x":0.44,"hc-middle-y":0.45,"hc-key":"mt-7377","hc-a2":"SE","labelrank":"20","hasc":"MT","alt-name":null,"woe-id":"24551400","subregion":"Southern Harbour","fips":null,"postal-code":null,"name":"Senglea","country":"Malta","type-en":null,"region":"Malta Xlokk","longitude":"14.5149","woe-name":"Malta","latitude":"35.8864","woe-label":null,"type":null},"geometry":{"type":"Polygon","coordinates":[[[8253,3283],[8386,3358],[8552,3216],[8336,2982],[8185,3159],[8253,3283]]]}},{"type":"Feature","id":"MT.7379","properties":{"hc-group":"admin1","hc-middle-x":0.55,"hc-middle-y":0.68,"hc-key":"mt-7379","hc-a2":"CO","labelrank":"20","hasc":"MT","alt-name":null,"woe-id":"24551391","subregion":"Southern Harbour","fips":null,"postal-code":null,"name":"Cospicua","country":"Malta","type-en":null,"region":"Malta Xlokk","longitude":"14.5207","woe-name":"Malta","latitude":"35.88","woe-label":null,"type":null},"geometry":{"type":"Polygon","coordinates":[[[8336,2982],[8552,3216],[8782,3021],[8714,2887],[8705,2774],[8596,2764],[8436,2754],[8335,2755],[8251,2828],[8336,2982]]]}},{"type":"Feature","id":"MT.7381","properties":{"hc-group":"admin1","hc-middle-x":0.60,"hc-middle-y":0.55,"hc-key":"mt-7381","hc-a2":"MA","labelrank":"20","hasc":"MT","alt-name":null,"woe-id":"24551393","subregion":"Southern Harbour","fips":null,"postal-code":null,"name":"Marsa","country":"Malta","type-en":null,"region":"Malta Xlokk","longitude":"14.4926","woe-name":"Malta","latitude":"35.8716","woe-label":null,"type":null},"geometry":{"type":"Polygon","coordinates":[[[7383,2698],[7401,2780],[7493,2831],[7662,2820],[7722,3047],[7851,3126],[7907,3088],[7965,2963],[7956,2746],[7879,2530],[7752,2375],[7643,2376],[7525,2469],[7433,2491],[7433,2584],[7383,2698]]]}},{"type":"Feature","id":"MT.7383","properties":{"hc-group":"admin1","hc-middle-x":0.56,"hc-middle-y":0.31,"hc-key":"mt-7383","hc-a2":"FG","labelrank":"20","hasc":"MT","alt-name":null,"woe-id":"24551403","subregion":"Southern Harbour","fips":null,"postal-code":null,"name":"Fgura","country":"Malta","type-en":null,"region":"Malta Xlokk","longitude":"14.5196","woe-name":"Malta","latitude":"35.8694","woe-label":null,"type":null},"geometry":{"type":"Polygon","coordinates":[[[8182,2590],[8335,2755],[8436,2754],[8596,2764],[8705,2774],[8772,2742],[8747,2660],[8696,2577],[8661,2464],[8560,2433],[8493,2413],[8467,2320],[8408,2279],[8366,2382],[8392,2465],[8317,2548],[8182,2590]]]}},{"type":"Feature","id":"MT.7388","properties":{"hc-group":"admin1","hc-middle-x":0.52,"hc-middle-y":0.42,"hc-key":"mt-7388","hc-a2":"LU","labelrank":"20","hasc":"MT","alt-name":null,"woe-id":"24551411","subregion":"Southern Harbour","fips":null,"postal-code":null,"name":"Luqa","country":"Malta","type-en":null,"region":"Malta Xlokk","longitude":"14.4831","woe-name":"Malta","latitude":"35.8563","woe-label":null,"type":null},"geometry":{"type":"Polygon","coordinates":[[[7752,2375],[7793,2220],[7792,2075],[7783,1951],[7833,1816],[7833,1744],[7841,1610],[7908,1547],[8033,1453],[8125,1339],[8192,1215],[8057,1195],[7898,1351],[7798,1486],[7664,1559],[7639,1683],[7580,1714],[7497,1828],[7421,1870],[7320,1798],[7168,1841],[7059,1903],[6932,1811],[6831,1770],[6722,1833],[6748,1905],[6866,1925],[6967,2038],[7103,2151],[7086,2286],[7290,2595],[7383,2698],[7433,2584],[7433,2491],[7525,2469],[7643,2376],[7752,2375]]]}},{"type":"Feature","id":"MT.7389","properties":{"hc-group":"admin1","hc-middle-x":0.31,"hc-middle-y":0.49,"hc-key":"mt-7389","hc-a2":"SL","labelrank":"20","hasc":"MT","alt-name":null,"woe-id":"24551396","subregion":"Southern Harbour","fips":"MT51","postal-code":null,"name":"Santa Lu?ija","country":"Malta","type-en":null,"region":"Malta Xlokk","longitude":"14.5028","woe-name":"Malta","latitude":"35.8531","woe-label":null,"type":null},"geometry":{"type":"Polygon","coordinates":[[[7783,1951],[7792,2075],[7793,2220],[7885,2157],[8020,2136],[8222,2094],[8238,1980],[8221,1928],[8019,1939],[7783,1951]]]}},{"type":"Feature","id":"MT.7390","properties":{"hc-group":"admin1","hc-middle-x":0.48,"hc-middle-y":0.33,"hc-key":"mt-7390","hc-a2":"GU","labelrank":"20","hasc":"MT","alt-name":null,"woe-id":"24551389","subregion":"South Eastern","fips":null,"postal-code":null,"name":"Gudja","country":"Malta","type-en":null,"region":"Malta Xlokk","longitude":"14.5019","woe-name":"Malta","latitude":"35.8447","woe-label":null,"type":null},"geometry":{"type":"Polygon","coordinates":[[[7783,1951],[8019,1939],[8221,1928],[8204,1814],[8145,1773],[8110,1691],[8101,1577],[8101,1515],[8033,1453],[7908,1547],[7841,1610],[7833,1744],[7833,1816],[7783,1951]]]}},{"type":"Feature","id":"MT.7387","properties":{"hc-group":"admin1","hc-middle-x":0.56,"hc-middle-y":0.41,"hc-key":"mt-7387","hc-a2":"MA","labelrank":"20","hasc":"MT","alt-name":null,"woe-id":"24551380","subregion":"South Eastern","fips":null,"postal-code":null,"name":"Marsaxlokk","country":"Malta","type-en":null,"region":"Malta Xlokk","longitude":"14.5457","woe-name":"Malta","latitude":"35.8393","woe-label":null,"type":null},"geometry":{"type":"Polygon","coordinates":[[[8657,1564],[8641,1730],[8818,1718],[8885,1780],[9054,1759],[9222,1665],[9315,1768],[9466,1695],[9626,1673],[9813,1623],[9696,1209],[9305,1427],[9083,1183],[9010,1356],[8876,1511],[8758,1564],[8657,1564]]]}},{"type":"Feature","id":"MT.7391","properties":{"hc-group":"admin1","hc-middle-x":0.56,"hc-middle-y":0.55,"hc-key":"mt-7391","hc-a2":"G?","labelrank":"20","hasc":"MT","alt-name":null,"woe-id":"24551379","subregion":"South Eastern","fips":null,"postal-code":null,"name":"G?axaq","country":"Malta","type-en":null,"region":"Malta Xlokk","longitude":"14.515","woe-name":"Malta","latitude":"35.8418","woe-label":null,"type":null},"geometry":{"type":"Polygon","coordinates":[[[8641,1730],[8657,1564],[8614,1461],[8480,1431],[8404,1400],[8378,1307],[8310,1225],[8192,1215],[8125,1339],[8033,1453],[8101,1515],[8101,1577],[8110,1691],[8145,1773],[8204,1814],[8221,1928],[8238,1980],[8222,2094],[8256,2155],[8390,2113],[8507,1958],[8641,1730]]]}},{"type":"Feature","id":"MT.7394","properties":{"hc-group":"admin1","hc-middle-x":0.58,"hc-middle-y":0.37,"hc-key":"mt-7394","hc-a2":"KI","labelrank":"20","hasc":"MT","alt-name":null,"woe-id":"24551378","subregion":"South Eastern","fips":null,"postal-code":null,"name":"Kirkop","country":"Malta","type-en":null,"region":"Malta Xlokk","longitude":"14.4836","woe-name":"Malta","latitude":"35.8409","woe-label":null,"type":null},"geometry":{"type":"Polygon","coordinates":[[[7664,1559],[7469,1374],[7394,1467],[7268,1519],[7319,1643],[7361,1705],[7320,1798],[7421,1870],[7497,1828],[7580,1714],[7639,1683],[7664,1559]]]}},{"type":"Feature","id":"MT.7395","properties":{"hc-group":"admin1","hc-middle-x":0.39,"hc-middle-y":0.55,"hc-key":"mt-7395","hc-a2":"SA","labelrank":"20","hasc":"MT","alt-name":null,"woe-id":"24551385","subregion":"South Eastern","fips":null,"postal-code":null,"name":"Safi","country":"Malta","type-en":null,"region":"Malta Xlokk","longitude":"14.4902","woe-name":"Malta","latitude":"35.8323","woe-label":null,"type":null},"geometry":{"type":"Polygon","coordinates":[[[7469,1374],[7664,1559],[7798,1486],[7898,1351],[8057,1195],[7956,1102],[7880,1134],[7779,1186],[7670,1114],[7543,1053],[7451,1084],[7358,1178],[7350,1250],[7469,1374]]]}},{"type":"Feature","id":"MT.7397","properties":{"hc-group":"admin1","hc-middle-x":0.51,"hc-middle-y":0.64,"hc-key":"mt-7397","hc-a2":"?U","labelrank":"20","hasc":"MT","alt-name":null,"woe-id":"24551383","subregion":"South Eastern","fips":null,"postal-code":null,"name":"?urrieq","country":"Malta","type-en":null,"region":"Malta Xlokk","longitude":"14.4822","woe-name":"Malta","latitude":"35.823","woe-label":null,"type":null},"geometry":{"type":"Polygon","coordinates":[[[8057,1195],[8192,1215],[8234,1070],[8292,894],[8266,832],[8140,812],[7980,864],[7904,865],[7887,782],[7945,647],[7911,585],[7866,505],[7156,578],[6614,751],[6675,902],[6844,1098],[6929,1170],[6997,1231],[6938,1283],[6947,1356],[7031,1397],[6998,1500],[7158,1510],[7268,1519],[7394,1467],[7469,1374],[7350,1250],[7358,1178],[7451,1084],[7543,1053],[7670,1114],[7779,1186],[7880,1134],[7956,1102],[8057,1195]]]}},{"type":"Feature","id":"MT.7343","properties":{"hc-group":"admin1","hc-middle-x":0.78,"hc-middle-y":0.71,"hc-key":"mt-7343","hc-a2":"G?","labelrank":"20","hasc":"-99","alt-name":null,"woe-id":"24551363","subregion":"Gozo and Comino","fips":null,"postal-code":null,"name":"G?ajnsielem","country":"Malta","type-en":null,"region":"Gozo","longitude":"14.2853","woe-name":null,"latitude":"36.0251","woe-label":null,"type":null},"geometry":{"type":"MultiPolygon","coordinates":[[[[2210,8262],[2276,8179],[2297,8074],[1656,7787],[1543,7763],[1488,7878],[1502,7920],[1617,8035],[1631,8192],[1692,8257],[1747,8373],[1867,8289],[1988,8264],[2210,8262]]],[[[3024,7418],[2949,7603],[2911,7790],[3015,7863],[3216,7853],[3530,7736],[3727,7522],[3372,7351],[3083,7309],[3065,7331],[2988,7315],[3024,7418]]]]}},{"type":"Feature","id":"MT.7336","properties":{"hc-group":"admin1","hc-middle-x":0.53,"hc-middle-y":0.54,"hc-key":"mt-7336","hc-a2":"QA","labelrank":"20","hasc":"-99","alt-name":null,"woe-id":"24551357","subregion":"Gozo and Comino","fips":null,"postal-code":null,"name":"Qala","country":"Malta","type-en":null,"region":"Gozo","longitude":"14.3163","woe-name":null,"latitude":"36.0332","woe-label":null,"type":null},"geometry":{"type":"Polygon","coordinates":[[[2297,8074],[2276,8179],[2210,8262],[2445,8293],[2513,8384],[2521,8549],[2542,8632],[2643,8656],[2744,8721],[2879,8812],[3268,8394],[2920,8145],[2421,8129],[2297,8074]]]}},{"type":"Feature","id":"MT.7337","properties":{"hc-group":"admin1","hc-middle-x":0.47,"hc-middle-y":0.51,"hc-key":"mt-7337","hc-a2":"KE","labelrank":"20","hasc":"-99","alt-name":null,"woe-id":"24551358","subregion":"Gozo and Comino","fips":null,"postal-code":null,"name":"Ker?em","country":"Malta","type-en":null,"region":"Gozo","longitude":"14.2145","woe-name":null,"latitude":"36.0361","woe-label":null,"type":null},"geometry":{"type":"Polygon","coordinates":[[[-2,9015],[85,8915],[273,8880],[353,8772],[392,8648],[465,8606],[472,8540],[463,8325],[322,8367],[208,8385],[100,8336],[-82,8213],[-271,8027],[-511,8133],[-690,8250],[-537,8457],[-347,8654],[-346,8786],[-251,8876],[-203,9033],[-2,9015]]]}},{"type":"Feature","id":"MT.7331","properties":{"hc-group":"admin1","hc-middle-x":0.58,"hc-middle-y":0.43,"hc-key":"mt-7331","hc-a2":"G?","labelrank":"20","hasc":"-99","alt-name":null,"woe-id":"24551351","subregion":"Gozo and Comino","fips":null,"postal-code":null,"name":"G?arb","country":"Malta","type-en":null,"region":"Gozo","longitude":"14.2058","woe-name":null,"latitude":"36.0622","woe-label":null,"type":null},"geometry":{"type":"Polygon","coordinates":[[[-2,9015],[-203,9033],[-303,9092],[-356,9216],[-477,9168],[-778,9303],[-999,9489],[-661,9603],[-165,9674],[-179,9538],[-79,9413],[-20,9247],[-2,9015]]]}},{"type":"Feature","id":"MT.7339","properties":{"hc-group":"admin1","hc-middle-x":0.51,"hc-middle-y":0.50,"hc-key":"mt-7339","hc-a2":"FG","labelrank":"20","hasc":"-99","alt-name":null,"woe-id":"24551362","subregion":"Gozo and Comino","fips":null,"postal-code":null,"name":"Fontana, Gozo","country":"Malta","type-en":null,"region":"Gozo","longitude":"14.2398","woe-name":null,"latitude":"36.0332","woe-label":null,"type":null},"geometry":{"type":"Polygon","coordinates":[[[463,8325],[472,8540],[566,8539],[619,8456],[719,8397],[725,8281],[624,8208],[516,8242],[463,8325]]]}},{"type":"Feature","id":"MT.7340","properties":{"hc-group":"admin1","hc-middle-x":0.61,"hc-middle-y":0.48,"hc-key":"mt-7340","hc-a2":"MU","labelrank":"20","hasc":"-99","alt-name":null,"woe-id":"24551354","subregion":"Gozo and Comino","fips":null,"postal-code":null,"name":"Munxar","country":"Malta","type-en":null,"region":"Gozo","longitude":"14.2276","woe-name":null,"latitude":"36.0251","woe-label":null,"type":null},"geometry":{"type":"Polygon","coordinates":[[[463,8325],[516,8242],[624,8208],[603,8142],[528,8010],[413,7878],[390,7791],[46,7888],[-271,8027],[-82,8213],[100,8336],[208,8385],[322,8367],[463,8325]]]}},{"type":"Feature","id":"MT.7342","properties":{"hc-group":"admin1","hc-middle-x":0.58,"hc-middle-y":0.41,"hc-key":"mt-7342","hc-a2":"XE","labelrank":"20","hasc":"-99","alt-name":null,"woe-id":"24551360","subregion":"Gozo and Comino","fips":null,"postal-code":null,"name":"Xewkija","country":"Malta","type-en":null,"region":"Gozo","longitude":"14.2656","woe-name":null,"latitude":"36.03","woe-label":null,"type":null},"geometry":{"type":"Polygon","coordinates":[[[603,8142],[624,8208],[725,8281],[799,8347],[893,8338],[994,8345],[1022,8519],[1197,8485],[1358,8516],[1486,8540],[1593,8490],[1747,8373],[1692,8257],[1631,8192],[1617,8035],[1502,7920],[1488,7878],[1400,7871],[1273,7946],[1139,7989],[1046,8080],[919,8114],[703,8116],[603,8142]]]}},{"type":"Feature","id":"MT.7341","properties":{"hc-group":"admin1","hc-middle-x":0.43,"hc-middle-y":0.50,"hc-key":"mt-7341","hc-a2":"SA","labelrank":"20","hasc":"-99","alt-name":null,"woe-id":"24551350","subregion":"Gozo and Comino","fips":null,"postal-code":null,"name":"Sannat","country":"Malta","type-en":null,"region":"Gozo","longitude":"14.2514","woe-name":null,"latitude":"36.0201","woe-label":null,"type":null},"geometry":{"type":"Polygon","coordinates":[[[1488,7878],[1543,7763],[1156,7680],[629,7724],[390,7791],[413,7878],[528,8010],[603,8142],[703,8116],[919,8114],[1046,8080],[1139,7989],[1273,7946],[1400,7871],[1488,7878]]]}},{"type":"Feature","id":"MT.7348","properties":{"hc-group":"admin1","hc-middle-x":0.40,"hc-middle-y":0.63,"hc-key":"mt-7348","hc-a2":"ME","labelrank":"20","hasc":"MT","alt-name":null,"woe-id":"24551366","subregion":"Northern","fips":null,"postal-code":null,"name":"Mellie?a","country":"Malta","type-en":null,"region":"Malta Majjistral","longitude":"14.3578","woe-name":"Malta","latitude":"35.9558","woe-label":null,"type":null},"geometry":{"type":"Polygon","coordinates":[[[3432,4591],[3361,5339],[3203,5895],[2907,6256],[3270,6577],[3634,6796],[4033,6923],[4481,6963],[4480,6704],[4221,6657],[4054,6573],[3684,6251],[5286,6056],[5112,5616],[4826,5535],[4640,5413],[4412,5342],[4328,5280],[4310,5125],[4368,4959],[4309,4887],[4123,4868],[4022,4786],[3794,4684],[3609,4623],[3432,4591]]]}},{"type":"Feature","id":"MT.7349","properties":{"hc-group":"admin1","hc-middle-x":0.52,"hc-middle-y":0.40,"hc-key":"mt-7349","hc-a2":"SP","labelrank":"20","hasc":"MT","alt-name":null,"woe-id":"24551368","subregion":"Northern","fips":"MT52","postal-code":null,"name":"St. Paul's Bay","country":"Malta","type-en":null,"region":"Malta Majjistral","longitude":"14.4042","woe-name":"Malta","latitude":"35.9405","woe-label":null,"type":null},"geometry":{"type":"Polygon","coordinates":[[[5203,3972],[5110,3983],[4985,4035],[4884,4118],[4868,4253],[4836,4439],[4769,4533],[4559,4555],[4466,4576],[4459,4679],[4535,4751],[4577,4855],[4527,4917],[4368,4959],[4310,5125],[4328,5280],[4412,5342],[4640,5413],[4826,5535],[5112,5616],[5286,6056],[5930,5978],[6206,5866],[5986,5466],[5807,5178],[5714,5013],[5688,4868],[5746,4734],[5745,4630],[5703,4579],[5744,4516],[5845,4392],[5760,4289],[5684,4227],[5609,4290],[5576,4404],[5500,4466],[5391,4550],[5240,4582],[5013,4542],[4954,4490],[4987,4449],[5096,4458],[5180,4427],[5213,4323],[5314,4261],[5415,4219],[5439,4146],[5380,4095],[5271,4033],[5203,3972]]]}},{"type":"Feature","id":"MT.7357","properties":{"hc-group":"admin1","hc-middle-x":0.33,"hc-middle-y":0.59,"hc-key":"mt-7357","hc-a2":"PE","labelrank":"20","hasc":"MT","alt-name":null,"woe-id":"24551408","subregion":"Northern Harbour","fips":null,"postal-code":null,"name":"Pembroke","country":"Malta","type-en":null,"region":"Malta Majjistral","longitude":"14.4756","woe-name":"Malta","latitude":"35.9279","woe-label":null,"type":null},"geometry":{"type":"Polygon","coordinates":[[[6961,5302],[7351,4965],[7996,4732],[7713,4506],[7510,4465],[7502,4372],[7266,4353],[7157,4384],[7124,4540],[7024,4633],[6889,4696],[6907,4923],[6961,5302]]]}},{"type":"Feature","id":"MT.7371","properties":{"hc-group":"admin1","hc-middle-x":0.59,"hc-middle-y":0.31,"hc-key":"mt-7371","hc-a2":"DI","labelrank":"20","hasc":"MT","alt-name":null,"woe-id":"24551369","subregion":"Western","fips":null,"postal-code":null,"name":"Dingli","country":"Malta","type-en":null,"region":"Malta Majjistral","longitude":"14.3868","woe-name":"Malta","latitude":"35.859","woe-label":null,"type":null},"geometry":{"type":"Polygon","coordinates":[[[4785,1574],[4568,1696],[4098,2449],[4251,2540],[4453,2529],[4748,2568],[4900,2567],[4967,2494],[4983,2401],[5058,2297],[5040,2184],[4921,1978],[4820,1885],[4785,1574]]]}},{"type":"Feature","id":"MT.7392","properties":{"hc-group":"admin1","hc-middle-x":0.59,"hc-middle-y":0.46,"hc-key":"mt-7392","hc-a2":"BI","labelrank":"20","hasc":"MT","alt-name":null,"woe-id":"24551382","subregion":"South Eastern","fips":null,"postal-code":null,"name":"Bir?ebbu?a","country":"Malta","type-en":null,"region":"Malta Xlokk","longitude":"14.5236","woe-name":"Malta","latitude":"35.8281","woe-label":null,"type":null},"geometry":{"type":"Polygon","coordinates":[[[9083,1183],[8861,938],[8718,644],[8716,214],[8260,399],[8135,477],[7866,505],[7911,585],[7945,647],[7887,782],[7904,865],[7980,864],[8140,812],[8266,832],[8292,894],[8234,1070],[8192,1215],[8310,1225],[8378,1307],[8404,1400],[8480,1431],[8614,1461],[8657,1564],[8758,1564],[8876,1511],[9010,1356],[9083,1183]]]}},{"type":"Feature","id":"MT.7330","properties":{"hc-group":"admin1","hc-middle-x":0.45,"hc-middle-y":0.49,"hc-key":"mt-7330","hc-a2":"SL","labelrank":"20","hasc":"-99","alt-name":null,"woe-id":"24551361","subregion":"Gozo and Comino","fips":"MT50","postal-code":null,"name":"Saint Lawrence","country":"Malta","type-en":null,"region":"Gozo","longitude":"14.1971","woe-name":null,"latitude":"36.0471","woe-label":null,"type":null},"geometry":{"type":"Polygon","coordinates":[[[-690,8250],[-971,8435],[-880,8811],[-981,9193],[-999,9489],[-778,9303],[-477,9168],[-356,9216],[-303,9092],[-203,9033],[-251,8876],[-346,8786],[-347,8654],[-537,8457],[-690,8250]]]}},{"type":"Feature","id":"MT.7333","properties":{"hc-group":"admin1","hc-middle-x":0.48,"hc-middle-y":0.37,"hc-key":"mt-7333","hc-a2":"?E","labelrank":"20","hasc":"-99","alt-name":null,"woe-id":"24551359","subregion":"Gozo and Comino","fips":null,"postal-code":null,"name":"?ebbu?","country":"Malta","type-en":null,"region":"Gozo","longitude":"14.2488","woe-name":null,"latitude":"36.0625","woe-label":null,"type":null},"geometry":{"type":"Polygon","coordinates":[[[420,9757],[1075,9851],[1511,9687],[1393,9575],[1406,9484],[1412,9368],[1384,9302],[1216,9295],[1082,9230],[980,9115],[966,8999],[1005,8883],[971,8817],[897,8809],[742,8811],[582,8936],[570,9135],[504,9226],[410,9194],[349,9219],[324,9401],[332,9616],[420,9757]]]}},{"type":"Feature","id":"MT.7335","properties":{"hc-group":"admin1","hc-middle-x":0.40,"hc-middle-y":0.57,"hc-key":"mt-7335","hc-a2":"NA","labelrank":"20","hasc":"-99","alt-name":null,"woe-id":"24551353","subregion":"Gozo and Comino","fips":null,"postal-code":null,"name":"Nadur","country":"Malta","type-en":null,"region":"Gozo","longitude":"14.2978","woe-name":null,"latitude":"36.0451","woe-label":null,"type":null},"geometry":{"type":"Polygon","coordinates":[[[1994,9455],[2720,8983],[2879,8812],[2744,8721],[2643,8656],[2542,8632],[2521,8549],[2513,8384],[2445,8293],[2210,8262],[1988,8264],[1867,8289],[1747,8373],[1755,8530],[1796,8629],[1817,8786],[1905,8827],[1908,9215],[1994,9455]]]}},{"type":"Feature","id":"MT.7338","properties":{"hc-group":"admin1","hc-middle-x":0.55,"hc-middle-y":0.42,"hc-key":"mt-7338","hc-a2":"VI","labelrank":"20","hasc":"-99","alt-name":null,"woe-id":"24551352","subregion":"Gozo and Comino","fips":null,"postal-code":null,"name":"Victoria","country":"Malta","type-en":null,"region":"Gozo","longitude":"14.2444","woe-name":null,"latitude":"36.0407","woe-label":null,"type":null},"geometry":{"type":"Polygon","coordinates":[[[273,8880],[313,8930],[441,8945],[582,8936],[742,8811],[897,8809],[977,8693],[1037,8610],[1022,8519],[994,8345],[893,8338],[799,8347],[725,8281],[719,8397],[619,8456],[566,8539],[472,8540],[465,8606],[392,8648],[353,8772],[273,8880]]]}},{"type":"Feature","id":"MT.7334","properties":{"hc-group":"admin1","hc-middle-x":0.49,"hc-middle-y":0.55,"hc-key":"mt-7334","hc-a2":"XA","labelrank":"20","hasc":"-99","alt-name":null,"woe-id":"24551356","subregion":"Gozo and Comino","fips":null,"postal-code":null,"name":"Xag?ra","country":"Malta","type-en":null,"region":"Gozo","longitude":"14.272","woe-name":null,"latitude":"36.0506","woe-label":null,"type":null},"geometry":{"type":"Polygon","coordinates":[[[897,8809],[971,8817],[1005,8883],[966,8999],[980,9115],[1082,9230],[1216,9295],[1384,9302],[1412,9368],[1406,9484],[1393,9575],[1511,9687],[1810,9575],[1994,9455],[1908,9215],[1905,8827],[1817,8786],[1796,8629],[1755,8530],[1747,8373],[1593,8490],[1486,8540],[1358,8516],[1197,8485],[1022,8519],[1037,8610],[977,8693],[897,8809]]]}}]}