{"title":"Mississippi","version":"1.1.2","type":"FeatureCollection","copyright":"Copyright (c) 2015 Highsoft AS, Based on data from The United States Census Bureau","copyrightShort":"USA Census Bureau","copyrightUrl":"http://www.census.gov","crs":{"type":"name","properties":{"name":"urn:ogc:def:crs:EPSG:102294"}},"hc-transform":{"default":{"crs":"+proj=tmerc +lat_0=29.5 +lon_0=-88.83333333333333 +k=0.99995 +x_0=300000 +y_0=0 +ellps=GRS80 +units=m +no_defs","scale":0.00130912955191,"jsonres":15.5,"jsonmarginX":-999,"jsonmarginY":9851.0,"xoffset":31296.3396355,"yoffset":610390.912904}},
"features":[{"type":"Feature","id":"US.MS.005","properties":{"hc-group":"admin2","hc-middle-x":0.50,"hc-middle-y":0.50,"hc-key":"us-ms-005","hc-a2":"AM","fips":"28005","name":"Amite"},"geometry":{"type":"Polygon","coordinates":[[[235,1663],[978,1653],[978,1653],[978,1653],[1062,1653],[1142,1651],[1137,1372],[1131,864],[484,875],[138,880],[152,1517],[84,1606],[235,1663]]]}},{"type":"Feature","id":"US.MS.037","properties":{"hc-group":"admin2","hc-middle-x":0.50,"hc-middle-y":0.51,"hc-key":"us-ms-037","hc-a2":"FR","fips":"28037","name":"Franklin"},"geometry":{"type":"MultiPolygon","coordinates":[[[[235,1663],[84,1606],[84,1606],[53,1605],[-36,1667],[-32,1716],[-15,2259],[522,2249],[787,2246],[988,2243],[978,1653],[978,1654],[978,1654],[978,1653],[235,1663]]],[[[978,1653],[978,1653],[978,1653],[978,1653]]]]}},{"type":"Feature","id":"US.MS.107","properties":{"hc-group":"admin2","hc-middle-x":0.50,"hc-middle-y":0.50,"hc-key":"us-ms-107","hc-a2":"PA","fips":"28107","name":"Panola"},"geometry":{"type":"Polygon","coordinates":[[[2792,7965],[2399,7970],[2348,7960],[2017,7965],[2022,8202],[1912,8285],[1910,8757],[1910,8802],[1911,8855],[2401,8847],[2800,8844],[2799,8353],[2793,8030],[2792,7965]]]}},{"type":"Feature","id":"US.MS.143","properties":{"hc-group":"admin2","hc-middle-x":0.64,"hc-middle-y":0.50,"hc-key":"us-ms-143","hc-a2":"TU","fips":"28143","name":"Tunica"},"geometry":{"type":"Polygon","coordinates":[[[1712,8757],[1714,8565],[1532,8566],[1359,8695],[1219,8799],[1264,8884],[1199,8978],[1189,9128],[1241,9185],[1277,9164],[1265,9037],[1320,9036],[1423,9154],[1398,9193],[1269,9197],[1230,9245],[1291,9305],[1269,9371],[1331,9420],[1355,9359],[1319,9263],[1405,9248],[1446,9284],[1410,9421],[1439,9467],[1391,9554],[1425,9620],[1476,9605],[1492,9507],[1531,9487],[1657,9547],[1724,9547],[1914,9544],[1913,9237],[1913,9237],[1913,9237],[1854,9180],[1881,9063],[1836,9017],[1874,8867],[1911,8855],[1910,8802],[1910,8757],[1712,8757]]]}},{"type":"Feature","id":"US.MS.119","properties":{"hc-group":"admin2","hc-middle-x":0.51,"hc-middle-y":0.60,"hc-key":"us-ms-119","hc-a2":"QU","fips":"28119","name":"Quitman"},"geometry":{"type":"Polygon","coordinates":[[[1712,8757],[1910,8757],[1910,8757],[1912,8285],[2022,8202],[2017,7965],[2014,7769],[1424,7778],[1431,8204],[1527,8201],[1532,8566],[1714,8565],[1712,8757]]]}},{"type":"Feature","id":"US.MS.161","properties":{"hc-group":"admin2","hc-middle-x":0.50,"hc-middle-y":0.50,"hc-key":"us-ms-161","hc-a2":"YA","fips":"28161","name":"Yalobusha"},"geometry":{"type":"Polygon","coordinates":[[[2399,7970],[2792,7965],[2793,8030],[3189,8024],[3188,7959],[3190,7753],[3188,7296],[2697,7299],[2697,7366],[2402,7371],[2409,7917],[2399,7970],[2399,7970],[2399,7970],[2399,7970],[2399,7970],[2399,7970]]]}},{"type":"Feature","id":"US.MS.111","properties":{"hc-group":"admin2","hc-middle-x":0.50,"hc-middle-y":0.50,"hc-key":"us-ms-111","hc-a2":"PE","fips":"28111","name":"Perry"},"geometry":{"type":"Polygon","coordinates":[[[4437,1815],[4439,836],[4451,833],[4451,833],[4451,835],[4451,835],[4451,638],[4353,639],[4130,637],[3863,637],[3863,840],[3847,841],[3850,1817],[3991,1816],[4241,1814],[4335,1815],[4437,1815]]]}},{"type":"Feature","id":"US.MS.041","properties":{"hc-group":"admin2","hc-middle-x":0.50,"hc-middle-y":0.50,"hc-key":"us-ms-041","hc-a2":"GR","fips":"28041","name":"Greene"},"geometry":{"type":"Polygon","coordinates":[[[4439,836],[4437,1815],[5017,1818],[5194,1821],[5214,1429],[5244,837],[4857,837],[4452,835],[4451,835],[4451,835],[4439,836]]]}},{"type":"Feature","id":"US.MS.053","properties":{"hc-group":"admin2","hc-middle-x":0.50,"hc-middle-y":0.50,"hc-key":"us-ms-053","hc-a2":"HU","fips":"28053","name":"Humphreys"},"geometry":{"type":"Polygon","coordinates":[[[993,5195],[997,5586],[914,5587],[959,5825],[860,5896],[894,5979],[1198,5975],[1200,6107],[1393,6104],[1390,5964],[1465,5891],[1547,5903],[1558,5981],[1622,6041],[1619,5670],[1563,5572],[1546,5643],[1498,5590],[1426,5580],[1428,5499],[1522,5455],[1551,5384],[1389,5383],[1385,5190],[993,5195]]]}},{"type":"Feature","id":"US.MS.125","properties":{"hc-group":"admin2","hc-middle-x":0.51,"hc-middle-y":0.40,"hc-key":"us-ms-125","hc-a2":"SH","fips":"28125","name":"Sharkey"},"geometry":{"type":"Polygon","coordinates":[[[914,5587],[997,5586],[993,5195],[793,5003],[793,4954],[916,4955],[876,4898],[924,4843],[822,4763],[969,4670],[930,4613],[903,4671],[856,4611],[396,4621],[406,5016],[505,5253],[507,5396],[511,5597],[914,5587]]]}},{"type":"Feature","id":"US.MS.047","properties":{"hc-group":"admin2","hc-middle-x":0.48,"hc-middle-y":0.37,"hc-key":"us-ms-047","hc-a2":"HA","fips":"28047","name":"Harrison"},"geometry":{"type":"MultiPolygon","coordinates":[[[[4001,-877],[3962,-969],[3891,-890],[3977,-868],[4001,-877]]],[[[3465,49],[3662,48],[3663,114],[4354,113],[4355,-86],[4356,-439],[4270,-415],[4163,-460],[4403,-492],[4370,-521],[4190,-522],[4102,-561],[3659,-687],[3599,-682],[3641,-629],[3543,-561],[3463,-573],[3463,-313],[3465,49]]]]}},{"type":"Feature","id":"US.MS.059","properties":{"hc-group":"admin2","hc-middle-x":0.50,"hc-middle-y":0.39,"hc-key":"us-ms-059","hc-a2":"JA","fips":"28059","name":"Jackson"},"geometry":{"type":"MultiPolygon","coordinates":[[[[5246,-922],[5233,-938],[5099,-923],[5099,-906],[5246,-922]]],[[[4354,113],[4354,197],[4354,244],[4452,241],[5271,246],[5306,-533],[5284,-600],[5161,-681],[4990,-626],[4911,-521],[4875,-577],[4787,-612],[4631,-614],[4429,-460],[4356,-439],[4355,-86],[4354,113]]],[[[4604,-861],[4653,-831],[4782,-842],[4868,-889],[4988,-890],[5014,-914],[4995,-922],[4604,-861]]]]}},{"type":"Feature","id":"US.MS.159","properties":{"hc-group":"admin2","hc-middle-x":0.50,"hc-middle-y":0.50,"hc-key":"us-ms-159","hc-a2":"WI","fips":"28159","name":"Winston"},"geometry":{"type":"Polygon","coordinates":[[[3531,5187],[3532,5308],[3536,5586],[3733,5587],[3734,5785],[3932,5786],[3933,5983],[3972,5983],[4232,5983],[4492,5984],[4490,5563],[4492,5173],[4407,5172],[4300,5174],[4103,5185],[3531,5187]]]}},{"type":"Feature","id":"US.MS.007","properties":{"hc-group":"admin2","hc-middle-x":0.58,"hc-middle-y":0.50,"hc-key":"us-ms-007","hc-a2":"AT","fips":"28007","name":"Attala"},"geometry":{"type":"Polygon","coordinates":[[[3536,5586],[3532,5308],[3531,5187],[2751,5189],[2751,5087],[2543,5078],[2303,5080],[2435,5197],[2441,5270],[2576,5492],[2579,5602],[2635,5642],[2665,5778],[2720,5829],[2813,5988],[2919,5988],[2965,5988],[3281,5986],[3540,5984],[3536,5586]]]}},{"type":"Feature","id":"US.MS.127","properties":{"hc-group":"admin2","hc-middle-x":0.59,"hc-middle-y":0.50,"hc-key":"us-ms-127","hc-a2":"SI","fips":"28127","name":"Simpson"},"geometry":{"type":"Polygon","coordinates":[[[2735,3202],[2865,3201],[2879,3126],[2878,2601],[2760,2594],[2682,2590],[2518,2579],[2260,2564],[2220,2562],[1975,2547],[1998,2629],[1922,2654],[1951,2697],[1907,2752],[1958,2782],[1934,2863],[1887,2890],[1892,2949],[1821,3079],[1742,3176],[1776,3218],[2338,3210],[2735,3202],[2735,3202]]]}},{"type":"Feature","id":"US.MS.121","properties":{"hc-group":"admin2","hc-middle-x":0.61,"hc-middle-y":0.58,"hc-key":"us-ms-121","hc-a2":"RA","fips":"28121","name":"Rankin"},"geometry":{"type":"Polygon","coordinates":[[[2735,3202],[2338,3210],[1776,3218],[1784,3286],[1738,3359],[1751,3492],[1848,3528],[1866,3599],[1830,3673],[2015,3888],[2047,3981],[2101,4002],[2096,4088],[2150,4096],[2193,4176],[2264,4222],[2301,4206],[2468,4357],[2500,4414],[2642,4418],[2741,3890],[2738,3596],[2737,3398],[2735,3202],[2735,3202]]]}},{"type":"Feature","id":"US.MS.011","properties":{"hc-group":"admin2","hc-middle-x":0.65,"hc-middle-y":0.50,"hc-key":"us-ms-011","hc-a2":"BO","fips":"28011","name":"Bolivar"},"geometry":{"type":"Polygon","coordinates":[[[1035,7888],[1034,7592],[1016,6756],[819,6760],[815,6564],[587,6571],[-37,6582],[-64,6655],[85,6699],[127,6751],[53,6847],[-41,6883],[-14,6966],[75,6980],[125,6910],[228,6866],[320,6931],[250,6997],[156,6974],[103,7032],[128,7148],[179,7121],[280,7137],[380,7113],[397,7165],[295,7219],[248,7315],[369,7474],[224,7546],[225,7581],[356,7640],[390,7557],[463,7586],[415,7675],[586,7684],[638,7817],[544,7841],[481,7898],[480,7901],[1035,7888]]]}},{"type":"Feature","id":"US.MS.027","properties":{"hc-group":"admin2","hc-middle-x":0.72,"hc-middle-y":0.49,"hc-key":"us-ms-027","hc-a2":"CO","fips":"28027","name":"Coahoma"},"geometry":{"type":"Polygon","coordinates":[[[1035,7888],[481,7898],[480,7901],[484,7943],[568,8002],[684,7935],[760,7994],[743,8038],[610,8038],[558,8073],[521,8160],[686,8092],[716,8221],[773,8261],[844,8255],[890,8313],[846,8396],[864,8450],[1013,8457],[980,8347],[1047,8357],[1047,8466],[1194,8542],[1222,8597],[1179,8709],[1219,8799],[1359,8695],[1532,8566],[1527,8201],[1431,8204],[1424,7778],[1421,7643],[1420,7581],[1261,7585],[1034,7592],[1035,7888]]]}},{"type":"Feature","id":"US.MS.139","properties":{"hc-group":"admin2","hc-middle-x":0.50,"hc-middle-y":0.61,"hc-key":"us-ms-139","hc-a2":"TI","fips":"28139","name":"Tippah"},"geometry":{"type":"Polygon","coordinates":[[[4667,9293],[4668,8932],[4636,8932],[4319,8934],[3978,8937],[3981,9425],[4078,9425],[4079,9523],[4112,9523],[4113,9829],[4283,9829],[4472,9830],[4472,9522],[4603,9523],[4603,9293],[4667,9293]]]}},{"type":"Feature","id":"US.MS.117","properties":{"hc-group":"admin2","hc-middle-x":0.50,"hc-middle-y":0.50,"hc-key":"us-ms-117","hc-a2":"PR","fips":"28117","name":"Prentiss"},"geometry":{"type":"Polygon","coordinates":[[[4636,8932],[4668,8932],[4667,9293],[4854,9292],[5322,9292],[5323,9292],[5387,9259],[5393,8635],[5176,8638],[4996,8638],[4997,8736],[4634,8735],[4634,8803],[4636,8932]],[[5322,9292],[5322,9292],[5322,9292],[5322,9292],[5322,9292]]]}},{"type":"Feature","id":"US.MS.003","properties":{"hc-group":"admin2","hc-middle-x":0.50,"hc-middle-y":0.50,"hc-key":"us-ms-003","hc-a2":"AL","fips":"28003","name":"Alcorn"},"geometry":{"type":"MultiPolygon","coordinates":[[[[4854,9292],[4667,9293],[4603,9293],[4603,9523],[4472,9522],[4472,9830],[5137,9833],[5324,9832],[5324,9832],[5322,9622],[5322,9292],[5322,9292],[5322,9292],[5322,9292],[5322,9292],[4854,9292]]],[[[5322,9292],[5323,9292],[5321,9292],[5322,9292],[5322,9292],[5322,9292],[5322,9292]]]]}},{"type":"Feature","id":"US.MS.109","properties":{"hc-group":"admin2","hc-middle-x":0.50,"hc-middle-y":0.42,"hc-key":"us-ms-109","hc-a2":"PR","fips":"28109","name":"Pearl River"},"geometry":{"type":"Polygon","coordinates":[[[3454,865],[3470,844],[3469,639],[3466,293],[3465,49],[3071,53],[3068,-243],[2968,-242],[2968,-275],[2868,-274],[2868,-372],[2784,-371],[2634,-249],[2529,-41],[2534,22],[2491,97],[2492,218],[2526,269],[2507,329],[2611,467],[2640,544],[2629,615],[2685,672],[2664,721],[2721,778],[2719,851],[2800,851],[2863,851],[3061,848],[3159,874],[3208,804],[3306,803],[3307,865],[3454,865]]]}},{"type":"Feature","id":"US.MS.035","properties":{"hc-group":"admin2","hc-middle-x":0.66,"hc-middle-y":0.50,"hc-key":"us-ms-035","hc-a2":"FO","fips":"28035","name":"Forrest"},"geometry":{"type":"Polygon","coordinates":[[[3469,639],[3470,844],[3454,865],[3460,1622],[3261,1622],[3261,1819],[3320,1819],[3362,1818],[3584,1817],[3850,1817],[3847,841],[3863,840],[3863,637],[3659,638],[3469,639]]]}},{"type":"Feature","id":"US.MS.113","properties":{"hc-group":"admin2","hc-middle-x":0.50,"hc-middle-y":0.50,"hc-key":"us-ms-113","hc-a2":"PI","fips":"28113","name":"Pike"},"geometry":{"type":"Polygon","coordinates":[[[1698,1645],[1693,1252],[1690,859],[1322,861],[1131,864],[1137,1372],[1142,1651],[1326,1648],[1698,1645]]]}},{"type":"Feature","id":"US.MS.147","properties":{"hc-group":"admin2","hc-middle-x":0.30,"hc-middle-y":0.37,"hc-key":"us-ms-147","hc-a2":"WA","fips":"28147","name":"Walthall"},"geometry":{"type":"Polygon","coordinates":[[[1693,1252],[1698,1645],[1730,1645],[1991,1643],[2041,1593],[2122,1608],[2120,1378],[2135,1247],[2185,1246],[2184,1149],[2315,1149],[2347,1018],[2512,1017],[2511,853],[2227,854],[1690,858],[1693,1252]]]}},{"type":"Feature","id":"US.MS.103","properties":{"hc-group":"admin2","hc-middle-x":0.50,"hc-middle-y":0.50,"hc-key":"us-ms-103","hc-a2":"NO","fips":"28103","name":"Noxubee"},"geometry":{"type":"Polygon","coordinates":[[[4492,5984],[4611,5984],[4764,5985],[5195,5990],[5453,5991],[5434,5799],[5375,5182],[4799,5175],[4492,5173],[4490,5563],[4492,5984]]]}},{"type":"Feature","id":"US.MS.105","properties":{"hc-group":"admin2","hc-middle-x":0.50,"hc-middle-y":0.50,"hc-key":"us-ms-105","hc-a2":"OK","fips":"28105","name":"Oktibbeha"},"geometry":{"type":"Polygon","coordinates":[[[4764,5985],[4611,5984],[4492,5984],[4232,5983],[3972,5983],[3972,6271],[3973,6540],[3973,6605],[4104,6604],[4758,6611],[4759,6478],[4761,6184],[4764,5985]]]}},{"type":"Feature","id":"US.MS.135","properties":{"hc-group":"admin2","hc-middle-x":0.50,"hc-middle-y":0.47,"hc-key":"us-ms-135","hc-a2":"TA","fips":"28135","name":"Tallahatchie"},"geometry":{"type":"MultiPolygon","coordinates":[[[[2017,7965],[2348,7960],[2399,7970],[2399,7970],[2399,7970],[2409,7917],[2402,7371],[2400,7204],[2303,7205],[2302,7173],[2005,7176],[2002,6979],[1845,6982],[1809,7016],[1752,6927],[1692,6932],[1669,6992],[1706,7049],[1821,7080],[1912,7079],[1918,7177],[1413,7189],[1421,7548],[1420,7581],[1421,7643],[1424,7778],[2014,7769],[2017,7965]]],[[[2399,7970],[2399,7970],[2399,7970],[2399,7970],[2399,7970],[2399,7970]]]]}},{"type":"Feature","id":"US.MS.021","properties":{"hc-group":"admin2","hc-middle-x":0.60,"hc-middle-y":0.60,"hc-key":"us-ms-021","hc-a2":"CL","fips":"28021","name":"Claiborne"},"geometry":{"type":"Polygon","coordinates":[[[828,3628],[833,3422],[841,3229],[836,2771],[804,2738],[796,2640],[572,2642],[595,2734],[266,2820],[-184,2848],[-51,2955],[-64,3050],[-17,3098],[93,3111],[154,3172],[121,3217],[-9,3276],[44,3317],[112,3243],[149,3312],[246,3389],[322,3349],[374,3366],[408,3308],[481,3424],[529,3384],[599,3413],[577,3449],[639,3476],[737,3469],[709,3516],[828,3628]]]}},{"type":"Feature","id":"US.MS.149","properties":{"hc-group":"admin2","hc-middle-x":0.64,"hc-middle-y":0.44,"hc-key":"us-ms-149","hc-a2":"WA","fips":"28149","name":"Warren"},"geometry":{"type":"Polygon","coordinates":[[[828,3628],[785,3565],[709,3516],[737,3469],[639,3476],[577,3449],[599,3413],[529,3384],[481,3424],[408,3308],[374,3366],[322,3349],[246,3389],[301,3496],[195,3540],[202,3413],[-7,3436],[-28,3492],[-8,3578],[221,3675],[303,3633],[308,3561],[369,3697],[358,3797],[411,3767],[473,3811],[553,3967],[482,3891],[340,3922],[306,3957],[328,4039],[383,4076],[363,4134],[266,4108],[141,4164],[99,4261],[145,4370],[227,4255],[320,4216],[345,4252],[213,4334],[191,4400],[242,4429],[393,4425],[387,4055],[412,4129],[583,4121],[591,4420],[767,4416],[842,4395],[860,4513],[918,4512],[916,4446],[982,4446],[982,4347],[1109,4345],[1174,4312],[1173,4258],[1076,4195],[1109,4119],[1011,3961],[1025,3882],[898,3914],[892,3809],[828,3628]]]}},{"type":"Feature","id":"US.MS.155","properties":{"hc-group":"admin2","hc-middle-x":0.49,"hc-middle-y":0.50,"hc-key":"us-ms-155","hc-a2":"WE","fips":"28155","name":"Webster"},"geometry":{"type":"Polygon","coordinates":[[[4104,6604],[3973,6605],[3973,6540],[3798,6539],[3536,6458],[3498,6399],[3420,6378],[3420,6378],[3184,6378],[3186,6868],[3186,6938],[3186,6968],[3779,6965],[3779,7003],[3921,7003],[4075,7004],[4075,6769],[4105,6769],[4104,6604]]]}},{"type":"Feature","id":"US.MS.077","properties":{"hc-group":"admin2","hc-middle-x":0.50,"hc-middle-y":0.50,"hc-key":"us-ms-077","hc-a2":"LA","fips":"28077","name":"Lawrence"},"geometry":{"type":"Polygon","coordinates":[[[1738,2471],[1856,2501],[1975,2547],[2220,2562],[2260,2564],[2251,2026],[2284,2026],[2281,1729],[2124,1740],[2122,1608],[2041,1593],[1991,1643],[1730,1645],[1731,1805],[1738,2471]]]}},{"type":"Feature","id":"US.MS.029","properties":{"hc-group":"admin2","hc-middle-x":0.42,"hc-middle-y":0.50,"hc-key":"us-ms-029","hc-a2":"CO","fips":"28029","name":"Copiah"},"geometry":{"type":"Polygon","coordinates":[[[1975,2547],[1856,2501],[1738,2471],[1671,2432],[792,2443],[794,2543],[796,2640],[804,2738],[836,2771],[841,3229],[962,3231],[1776,3218],[1742,3176],[1821,3079],[1892,2949],[1887,2890],[1934,2863],[1958,2782],[1907,2752],[1951,2697],[1922,2654],[1998,2629],[1975,2547]]]}},{"type":"Feature","id":"US.MS.115","properties":{"hc-group":"admin2","hc-middle-x":0.50,"hc-middle-y":0.50,"hc-key":"us-ms-115","hc-a2":"PO","fips":"28115","name":"Pontotoc"},"geometry":{"type":"Polygon","coordinates":[[[3682,8000],[3683,8445],[4275,8444],[4276,8411],[4469,8411],[4468,8197],[4470,7758],[4146,7758],[3881,7757],[3683,7758],[3682,7954],[3682,7954],[3682,8000]]]}},{"type":"Feature","id":"US.MS.071","properties":{"hc-group":"admin2","hc-middle-x":0.50,"hc-middle-y":0.50,"hc-key":"us-ms-071","hc-a2":"LA","fips":"28071","name":"Lafayette"},"geometry":{"type":"Polygon","coordinates":[[[3683,8445],[3682,8000],[3682,7954],[3682,7954],[3440,7956],[3188,7959],[3189,8024],[2793,8030],[2799,8353],[2800,8844],[2863,8844],[2898,8844],[3255,8841],[3352,8761],[3484,8779],[3684,8707],[3683,8581],[3683,8445]]]}},{"type":"Feature","id":"US.MS.033","properties":{"hc-group":"admin2","hc-middle-x":0.59,"hc-middle-y":0.51,"hc-key":"us-ms-033","hc-a2":"DE","fips":"28033","name":"DeSoto"},"geometry":{"type":"Polygon","coordinates":[[[1913,9237],[1914,9544],[1724,9547],[1707,9572],[1826,9650],[1835,9734],[1719,9851],[2056,9844],[2803,9836],[2802,9566],[2800,9335],[2449,9339],[2425,9292],[2229,9196],[2173,9243],[2096,9251],[2047,9317],[1966,9312],[1913,9237],[1913,9237],[1913,9237],[1913,9237]]]}},{"type":"Feature","id":"US.MS.137","properties":{"hc-group":"admin2","hc-middle-x":0.60,"hc-middle-y":0.50,"hc-key":"us-ms-137","hc-a2":"TA","fips":"28137","name":"Tate"},"geometry":{"type":"Polygon","coordinates":[[[1913,9237],[1966,9312],[2047,9317],[2096,9251],[2173,9243],[2229,9196],[2425,9292],[2449,9339],[2800,9335],[2800,9140],[2899,9140],[2898,8844],[2863,8844],[2800,8844],[2401,8847],[1911,8855],[1874,8867],[1836,9017],[1881,9063],[1854,9180],[1912,9237],[1913,9237],[1913,9237],[1913,9237]]]}},{"type":"Feature","id":"US.MS.039","properties":{"hc-group":"admin2","hc-middle-x":0.50,"hc-middle-y":0.50,"hc-key":"us-ms-039","hc-a2":"GE","fips":"28039","name":"George"},"geometry":{"type":"Polygon","coordinates":[[[4451,835],[4452,835],[4857,837],[5244,837],[5258,541],[5271,246],[4452,241],[4354,244],[4354,443],[4353,639],[4451,638],[4451,833],[4451,835],[4451,835]]]}},{"type":"Feature","id":"US.MS.019","properties":{"hc-group":"admin2","hc-middle-x":0.65,"hc-middle-y":0.50,"hc-key":"us-ms-019","hc-a2":"CH","fips":"28019","name":"Choctaw"},"geometry":{"type":"Polygon","coordinates":[[[3420,6378],[3498,6399],[3536,6458],[3798,6539],[3973,6540],[3972,6271],[3972,5983],[3933,5983],[3932,5786],[3734,5785],[3733,5587],[3536,5586],[3540,5984],[3281,5986],[3282,6318],[3344,6309],[3420,6378]]]}},{"type":"Feature","id":"US.MS.141","properties":{"hc-group":"admin2","hc-middle-x":0.50,"hc-middle-y":0.42,"hc-key":"us-ms-141","hc-a2":"TI","fips":"28141","name":"Tishomingo"},"geometry":{"type":"Polygon","coordinates":[[[5322,9622],[5324,9832],[5324,9832],[5626,9834],[5716,9664],[5817,9603],[5782,9225],[5716,8636],[5595,8636],[5393,8635],[5387,9259],[5323,9292],[5322,9292],[5322,9622]]]}},{"type":"Feature","id":"US.MS.131","properties":{"hc-group":"admin2","hc-middle-x":0.50,"hc-middle-y":0.50,"hc-key":"us-ms-131","hc-a2":"ST","fips":"28131","name":"Stone"},"geometry":{"type":"Polygon","coordinates":[[[4354,244],[4354,197],[4354,113],[3663,114],[3662,48],[3465,49],[3466,293],[3469,639],[3659,638],[3863,637],[4130,637],[4353,639],[4354,443],[4354,244]]]}},{"type":"Feature","id":"US.MS.145","properties":{"hc-group":"admin2","hc-middle-x":0.50,"hc-middle-y":0.50,"hc-key":"us-ms-145","hc-a2":"UN","fips":"28145","name":"Union"},"geometry":{"type":"Polygon","coordinates":[[[3683,8445],[3683,8581],[3684,8707],[3685,8820],[3686,8904],[3686,8936],[3978,8937],[4319,8934],[4636,8932],[4634,8803],[4634,8735],[4634,8703],[4535,8704],[4535,8476],[4469,8476],[4469,8411],[4276,8411],[4275,8444],[3683,8445]]]}},{"type":"Feature","id":"US.MS.009","properties":{"hc-group":"admin2","hc-middle-x":0.50,"hc-middle-y":0.28,"hc-key":"us-ms-009","hc-a2":"BE","fips":"28009","name":"Benton"},"geometry":{"type":"Polygon","coordinates":[[[3978,8937],[3686,8936],[3686,8904],[3588,8904],[3589,9492],[3490,9493],[3491,9829],[3777,9829],[4113,9829],[4112,9523],[4079,9523],[4078,9425],[3981,9425],[3978,8937]]]}},{"type":"Feature","id":"US.MS.157","properties":{"hc-group":"admin2","hc-middle-x":0.59,"hc-middle-y":0.49,"hc-key":"us-ms-157","hc-a2":"WI","fips":"28157","name":"Wilkinson"},"geometry":{"type":"Polygon","coordinates":[[[-36,1667],[53,1605],[84,1606],[152,1517],[138,880],[-981,906],[-838,992],[-836,1055],[-951,1168],[-878,1336],[-849,1410],[-781,1440],[-762,1386],[-681,1409],[-637,1619],[-551,1607],[-473,1651],[-391,1659],[-321,1705],[-226,1701],[-176,1729],[-141,1692],[-36,1667]]]}},{"type":"Feature","id":"US.MS.025","properties":{"hc-group":"admin2","hc-middle-x":0.28,"hc-middle-y":0.41,"hc-key":"us-ms-025","hc-a2":"CL","fips":"28025","name":"Clay"},"geometry":{"type":"Polygon","coordinates":[[[4104,6604],[4105,6769],[4075,6769],[4075,7004],[4075,7037],[4269,7037],[4270,7167],[4666,7165],[4667,6870],[5087,6871],[5055,6803],[5073,6720],[5129,6686],[5091,6644],[5119,6517],[5036,6580],[5022,6549],[4876,6480],[4759,6478],[4758,6611],[4104,6604]]]}},{"type":"Feature","id":"US.MS.063","properties":{"hc-group":"admin2","hc-middle-x":0.50,"hc-middle-y":0.51,"hc-key":"us-ms-063","hc-a2":"JE","fips":"28063","name":"Jefferson"},"geometry":{"type":"Polygon","coordinates":[[[796,2640],[794,2543],[792,2443],[788,2278],[787,2246],[522,2249],[-15,2259],[-14,2305],[-167,2305],[-236,2348],[-324,2581],[-212,2598],[-264,2629],[-415,2607],[-358,2810],[-274,2829],[-254,2728],[-200,2721],[-220,2807],[-184,2848],[266,2820],[595,2734],[572,2642],[796,2640]]]}},{"type":"Feature","id":"US.MS.013","properties":{"hc-group":"admin2","hc-middle-x":0.50,"hc-middle-y":0.50,"hc-key":"us-ms-013","hc-a2":"CA","fips":"28013","name":"Calhoun"},"geometry":{"type":"Polygon","coordinates":[[[3682,7954],[3682,7954],[3683,7758],[3881,7757],[3881,7168],[3783,7167],[3779,7003],[3779,6965],[3186,6968],[3187,7064],[3188,7296],[3190,7753],[3188,7959],[3440,7956],[3682,7954]]]}},{"type":"Feature","id":"US.MS.031","properties":{"hc-group":"admin2","hc-middle-x":0.50,"hc-middle-y":0.25,"hc-key":"us-ms-031","hc-a2":"CO","fips":"28031","name":"Covington"},"geometry":{"type":"Polygon","coordinates":[[[2682,2590],[2760,2594],[2878,2601],[3203,2624],[3362,2635],[3362,2050],[3362,1818],[3320,1819],[3261,1819],[3046,1820],[3000,1820],[3001,1999],[2900,2104],[2837,2115],[2678,2219],[2682,2590]]]}},{"type":"Feature","id":"US.MS.043","properties":{"hc-group":"admin2","hc-middle-x":0.50,"hc-middle-y":0.50,"hc-key":"us-ms-043","hc-a2":"GR","fips":"28043","name":"Grenada"},"geometry":{"type":"Polygon","coordinates":[[[3188,7296],[3187,7064],[3186,6968],[3186,6938],[3186,6868],[2974,6870],[2659,6870],[2256,6873],[2018,6878],[2000,6878],[2002,6979],[2005,7176],[2302,7173],[2303,7205],[2400,7204],[2402,7371],[2697,7366],[2697,7299],[3188,7296]]]}},{"type":"Feature","id":"US.MS.083","properties":{"hc-group":"admin2","hc-middle-x":0.51,"hc-middle-y":0.50,"hc-key":"us-ms-083","hc-a2":"LE","fips":"28083","name":"Leflore"},"geometry":{"type":"Polygon","coordinates":[[[2002,6979],[2000,6878],[2018,6878],[2064,6841],[2061,6387],[1993,6388],[1991,6292],[1922,6294],[1920,6106],[1643,6203],[1721,6122],[1692,6067],[1622,6041],[1558,5981],[1547,5903],[1465,5891],[1390,5964],[1393,6104],[1409,6990],[1413,7189],[1918,7177],[1912,7079],[1821,7080],[1706,7049],[1669,6992],[1692,6932],[1752,6927],[1809,7016],[1845,6982],[2002,6979]]]}},{"type":"Feature","id":"US.MS.093","properties":{"hc-group":"admin2","hc-middle-x":0.50,"hc-middle-y":0.59,"hc-key":"us-ms-093","hc-a2":"MA","fips":"28093","name":"Marshall"},"geometry":{"type":"Polygon","coordinates":[[[3686,8904],[3685,8820],[3684,8707],[3484,8779],[3352,8761],[3255,8841],[2898,8844],[2899,9140],[2800,9140],[2800,9335],[2802,9566],[2803,9836],[2951,9836],[3491,9829],[3490,9493],[3589,9492],[3588,8904],[3686,8904]]]}},{"type":"Feature","id":"US.MS.079","properties":{"hc-group":"admin2","hc-middle-x":0.50,"hc-middle-y":0.50,"hc-key":"us-ms-079","hc-a2":"LE","fips":"28079","name":"Leake"},"geometry":{"type":"Polygon","coordinates":[[[3531,4388],[3528,4388],[3521,4388],[2745,4395],[2746,4523],[2749,4848],[2751,5087],[2751,5189],[3531,5187],[3531,4832],[3531,4388]]]}},{"type":"Feature","id":"US.MS.101","properties":{"hc-group":"admin2","hc-middle-x":0.50,"hc-middle-y":0.50,"hc-key":"us-ms-101","hc-a2":"NE","fips":"28101","name":"Newton"},"geometry":{"type":"Polygon","coordinates":[[[3521,4388],[3528,4388],[3531,4388],[3660,4389],[4299,4387],[4297,4346],[4299,3593],[3659,3594],[3517,3594],[3521,4272],[3521,4388]]]}},{"type":"Feature","id":"US.MS.089","properties":{"hc-group":"admin2","hc-middle-x":0.60,"hc-middle-y":0.50,"hc-key":"us-ms-089","hc-a2":"MA","fips":"28089","name":"Madison"},"geometry":{"type":"Polygon","coordinates":[[[2746,4523],[2690,4477],[2642,4418],[2500,4414],[2468,4357],[2301,4206],[2264,4222],[2193,4176],[2150,4096],[2096,4088],[2101,4002],[1761,4007],[1764,4204],[1371,4210],[1373,4403],[1448,4403],[1529,4465],[1592,4474],[1703,4594],[1866,4604],[1889,4635],[2055,4690],[2141,4758],[2203,4910],[2303,5080],[2543,5078],[2751,5087],[2749,4848],[2746,4523]]]}},{"type":"Feature","id":"US.MS.123","properties":{"hc-group":"admin2","hc-middle-x":0.50,"hc-middle-y":0.61,"hc-key":"us-ms-123","hc-a2":"SC","fips":"28123","name":"Scott"},"geometry":{"type":"Polygon","coordinates":[[[2642,4418],[2690,4477],[2746,4523],[2745,4395],[3521,4388],[3521,4272],[3517,3594],[2793,3599],[2738,3596],[2741,3890],[2642,4418]]]}},{"type":"Feature","id":"US.MS.153","properties":{"hc-group":"admin2","hc-middle-x":0.48,"hc-middle-y":0.51,"hc-key":"us-ms-153","hc-a2":"WA","fips":"28153","name":"Wayne"},"geometry":{"type":"Polygon","coordinates":[[[4437,1815],[4335,1815],[4241,1814],[4242,1971],[4242,2694],[4264,2696],[4305,2699],[4588,2720],[4858,2768],[5145,2851],[5163,2411],[5194,1821],[5017,1818],[4437,1815]]]}},{"type":"Feature","id":"US.MS.067","properties":{"hc-group":"admin2","hc-middle-x":0.50,"hc-middle-y":0.50,"hc-key":"us-ms-067","hc-a2":"JO","fips":"28067","name":"Jones"},"geometry":{"type":"Polygon","coordinates":[[[3362,2635],[3412,2639],[3525,2646],[4090,2684],[4242,2694],[4242,1971],[4241,1814],[3991,1816],[3850,1817],[3584,1817],[3362,1818],[3362,2050],[3362,2635]]]}},{"type":"Feature","id":"US.MS.129","properties":{"hc-group":"admin2","hc-middle-x":0.50,"hc-middle-y":0.40,"hc-key":"us-ms-129","hc-a2":"SM","fips":"28129","name":"Smith"},"geometry":{"type":"Polygon","coordinates":[[[3525,2646],[3412,2639],[3362,2635],[3203,2624],[2878,2601],[2879,3126],[2865,3201],[2735,3202],[2735,3202],[2737,3398],[2738,3596],[2793,3599],[3517,3594],[3516,2934],[3525,2646]]]}},{"type":"Feature","id":"US.MS.091","properties":{"hc-group":"admin2","hc-middle-x":0.64,"hc-middle-y":0.60,"hc-key":"us-ms-091","hc-a2":"MA","fips":"28091","name":"Marion"},"geometry":{"type":"Polygon","coordinates":[[[2719,851],[2672,851],[2511,853],[2512,1017],[2347,1018],[2315,1149],[2184,1149],[2185,1246],[2135,1247],[2120,1378],[2122,1608],[2124,1740],[2281,1729],[2543,1725],[2542,1824],[2870,1821],[2867,1323],[2863,851],[2800,851],[2719,851]]]}},{"type":"Feature","id":"US.MS.061","properties":{"hc-group":"admin2","hc-middle-x":0.37,"hc-middle-y":0.39,"hc-key":"us-ms-061","hc-a2":"JA","fips":"28061","name":"Jasper"},"geometry":{"type":"Polygon","coordinates":[[[4305,2699],[4264,2696],[4242,2694],[4090,2684],[3525,2646],[3516,2934],[3517,3594],[3659,3594],[4299,3593],[4300,3304],[4305,2699]]]}},{"type":"Feature","id":"US.MS.065","properties":{"hc-group":"admin2","hc-middle-x":0.35,"hc-middle-y":0.51,"hc-key":"us-ms-065","hc-a2":"JD","fips":"28065","name":"Jefferson Davis"},"geometry":{"type":"Polygon","coordinates":[[[3000,1820],[2937,1821],[2870,1821],[2542,1824],[2543,1725],[2281,1729],[2284,2026],[2251,2026],[2260,2564],[2518,2579],[2682,2590],[2678,2219],[2837,2115],[2900,2104],[3001,1999],[3000,1820]]]}},{"type":"Feature","id":"US.MS.073","properties":{"hc-group":"admin2","hc-middle-x":0.50,"hc-middle-y":0.50,"hc-key":"us-ms-073","hc-a2":"LA","fips":"28073","name":"Lamar"},"geometry":{"type":"Polygon","coordinates":[[[2870,1821],[2937,1821],[3000,1820],[3046,1820],[3261,1819],[3261,1622],[3460,1622],[3454,865],[3307,865],[3306,803],[3208,804],[3159,874],[3061,848],[2863,851],[2867,1323],[2870,1821]]]}},{"type":"Feature","id":"US.MS.017","properties":{"hc-group":"admin2","hc-middle-x":0.50,"hc-middle-y":0.50,"hc-key":"us-ms-017","hc-a2":"CH","fips":"28017","name":"Chickasaw"},"geometry":{"type":"Polygon","coordinates":[[[4075,7004],[3921,7003],[3779,7003],[3783,7167],[3881,7168],[3881,7757],[4146,7758],[4470,7758],[4646,7758],[4668,7757],[4666,7670],[4666,7165],[4270,7167],[4269,7037],[4075,7037],[4075,7004]]]}},{"type":"Feature","id":"US.MS.095","properties":{"hc-group":"admin2","hc-middle-x":0.50,"hc-middle-y":0.40,"hc-key":"us-ms-095","hc-a2":"MO","fips":"28095","name":"Monroe"},"geometry":{"type":"Polygon","coordinates":[[[4668,7757],[4668,7791],[4996,7791],[5317,7789],[5632,7788],[5582,7300],[5552,7019],[5409,7019],[5407,6975],[5325,6885],[5280,6906],[5256,6856],[5112,6838],[5055,6803],[5087,6871],[4667,6870],[4666,7165],[4666,7670],[4668,7757]]]}},{"type":"Feature","id":"US.MS.081","properties":{"hc-group":"admin2","hc-middle-x":0.50,"hc-middle-y":0.50,"hc-key":"us-ms-081","hc-a2":"LE","fips":"28081","name":"Lee"},"geometry":{"type":"Polygon","coordinates":[[[4996,7791],[4668,7791],[4668,7757],[4646,7758],[4470,7758],[4468,8197],[4469,8411],[4469,8476],[4535,8476],[4535,8704],[4634,8703],[4634,8735],[4997,8736],[4996,8638],[4992,8351],[4996,7791]]]}},{"type":"Feature","id":"US.MS.085","properties":{"hc-group":"admin2","hc-middle-x":0.60,"hc-middle-y":0.49,"hc-key":"us-ms-085","hc-a2":"LI","fips":"28085","name":"Lincoln"},"geometry":{"type":"Polygon","coordinates":[[[787,2246],[788,2278],[792,2443],[1671,2432],[1738,2471],[1731,1805],[1730,1645],[1698,1645],[1326,1648],[1142,1651],[1062,1653],[978,1653],[978,1653],[988,2243],[787,2246]]]}},{"type":"Feature","id":"US.MS.055","properties":{"hc-group":"admin2","hc-middle-x":0.31,"hc-middle-y":0.35,"hc-key":"us-ms-055","hc-a2":"IS","fips":"28055","name":"Issaquena"},"geometry":{"type":"Polygon","coordinates":[[[856,4611],[903,4527],[860,4513],[842,4395],[767,4416],[591,4420],[583,4121],[412,4129],[387,4055],[393,4425],[242,4429],[321,4537],[279,4587],[232,4499],[87,4453],[37,4579],[89,4637],[209,4715],[216,4770],[18,4843],[29,4966],[65,5038],[137,5067],[205,5134],[218,5219],[179,5332],[87,5342],[92,5222],[29,5162],[-63,5215],[-40,5302],[30,5414],[411,5404],[507,5396],[505,5253],[406,5016],[396,4621],[856,4611]]]}},{"type":"Feature","id":"US.MS.163","properties":{"hc-group":"admin2","hc-middle-x":0.42,"hc-middle-y":0.44,"hc-key":"us-ms-163","hc-a2":"YA","fips":"28163","name":"Yazoo"},"geometry":{"type":"Polygon","coordinates":[[[860,4513],[903,4527],[856,4611],[903,4671],[930,4613],[969,4670],[822,4763],[924,4843],[876,4898],[916,4955],[793,4954],[793,5003],[993,5195],[1385,5190],[1389,5383],[1551,5384],[1600,5382],[2303,5080],[2203,4910],[2141,4758],[2055,4690],[1889,4635],[1866,4604],[1703,4594],[1592,4474],[1529,4465],[1448,4403],[1373,4403],[1343,4345],[1173,4258],[1174,4312],[1109,4345],[982,4347],[982,4446],[916,4446],[918,4512],[860,4513]]]}},{"type":"Feature","id":"US.MS.015","properties":{"hc-group":"admin2","hc-middle-x":0.45,"hc-middle-y":0.40,"hc-key":"us-ms-015","hc-a2":"CA","fips":"28015","name":"Carroll"},"geometry":{"type":"Polygon","coordinates":[[[2659,6870],[2657,6284],[2788,6284],[2788,6251],[2919,6251],[2919,5988],[2813,5988],[2720,5829],[2484,5909],[1920,6106],[1922,6294],[1991,6292],[1993,6388],[2061,6387],[2064,6841],[2018,6878],[2256,6873],[2659,6870]]]}},{"type":"Feature","id":"US.MS.097","properties":{"hc-group":"admin2","hc-middle-x":0.37,"hc-middle-y":0.39,"hc-key":"us-ms-097","hc-a2":"MO","fips":"28097","name":"Montgomery"},"geometry":{"type":"Polygon","coordinates":[[[2919,5988],[2919,6251],[2788,6251],[2788,6284],[2657,6284],[2659,6870],[2974,6870],[3186,6868],[3184,6378],[3420,6378],[3344,6309],[3282,6318],[3281,5986],[2965,5988],[2919,5988]]]}},{"type":"Feature","id":"US.MS.051","properties":{"hc-group":"admin2","hc-middle-x":0.47,"hc-middle-y":0.51,"hc-key":"us-ms-051","hc-a2":"HO","fips":"28051","name":"Holmes"},"geometry":{"type":"Polygon","coordinates":[[[1551,5384],[1522,5455],[1428,5499],[1426,5580],[1498,5590],[1546,5643],[1563,5572],[1619,5670],[1622,6041],[1692,6067],[1721,6122],[1643,6203],[1920,6106],[2484,5909],[2720,5829],[2665,5778],[2635,5642],[2579,5602],[2576,5492],[2441,5270],[2435,5197],[2303,5080],[1600,5382],[1551,5384]]]}},{"type":"Feature","id":"US.MS.075","properties":{"hc-group":"admin2","hc-middle-x":0.30,"hc-middle-y":0.37,"hc-key":"us-ms-075","hc-a2":"LA","fips":"28075","name":"Lauderdale"},"geometry":{"type":"Polygon","coordinates":[[[5300,4392],[5257,3946],[5222,3603],[4501,3595],[4299,3593],[4297,4346],[4299,4387],[4606,4387],[5300,4392]]]}},{"type":"Feature","id":"US.MS.151","properties":{"hc-group":"admin2","hc-middle-x":0.56,"hc-middle-y":0.34,"hc-key":"us-ms-151","hc-a2":"WA","fips":"28151","name":"Washington"},"geometry":{"type":"Polygon","coordinates":[[[30,5414],[101,5462],[111,5531],[-31,5633],[3,5708],[153,5682],[185,5712],[181,5882],[260,5948],[247,6030],[198,6009],[166,5922],[91,6059],[92,6173],[255,6349],[219,6410],[135,6261],[48,6243],[-32,6302],[116,6355],[131,6451],[57,6509],[46,6406],[-18,6368],[-79,6379],[22,6510],[-37,6582],[587,6571],[815,6564],[804,5981],[894,5979],[860,5896],[959,5825],[914,5587],[511,5597],[507,5396],[411,5404],[30,5414]]]}},{"type":"Feature","id":"US.MS.133","properties":{"hc-group":"admin2","hc-middle-x":0.49,"hc-middle-y":0.70,"hc-key":"us-ms-133","hc-a2":"SU","fips":"28133","name":"Sunflower"},"geometry":{"type":"Polygon","coordinates":[[[894,5979],[804,5981],[815,6564],[819,6760],[1016,6756],[1034,7592],[1261,7585],[1420,7581],[1421,7548],[1413,7189],[1409,6990],[1393,6104],[1200,6107],[1198,5975],[894,5979]]]}},{"type":"Feature","id":"US.MS.087","properties":{"hc-group":"admin2","hc-middle-x":0.58,"hc-middle-y":0.70,"hc-key":"us-ms-087","hc-a2":"LO","fips":"28087","name":"Lowndes"},"geometry":{"type":"Polygon","coordinates":[[[5552,7019],[5499,6467],[5453,5991],[5195,5990],[4764,5985],[4761,6184],[4759,6478],[4876,6480],[5022,6549],[5036,6580],[5119,6517],[5091,6644],[5129,6686],[5073,6720],[5055,6803],[5112,6838],[5256,6856],[5280,6906],[5325,6885],[5407,6975],[5409,7019],[5552,7019]]]}},{"type":"Feature","id":"US.MS.099","properties":{"hc-group":"admin2","hc-middle-x":0.50,"hc-middle-y":0.50,"hc-key":"us-ms-099","hc-a2":"NE","fips":"28099","name":"Neshoba"},"geometry":{"type":"Polygon","coordinates":[[[3531,4388],[3531,4832],[3531,5187],[4103,5185],[4300,5174],[4298,4792],[4299,4387],[3660,4389],[3531,4388]]]}},{"type":"Feature","id":"US.MS.045","properties":{"hc-group":"admin2","hc-middle-x":0.50,"hc-middle-y":0.50,"hc-key":"us-ms-045","hc-a2":"HA","fips":"28045","name":"Hancock"},"geometry":{"type":"Polygon","coordinates":[[[3465,49],[3463,-313],[3463,-573],[3435,-620],[3507,-636],[3484,-727],[3306,-827],[3320,-857],[3238,-999],[3196,-972],[3010,-999],[2923,-897],[2879,-713],[2899,-641],[2839,-586],[2795,-485],[2784,-371],[2868,-372],[2868,-274],[2968,-275],[2968,-242],[3068,-243],[3071,53],[3465,49]]]}},{"type":"Feature","id":"US.MS.023","properties":{"hc-group":"admin2","hc-middle-x":0.50,"hc-middle-y":0.50,"hc-key":"us-ms-023","hc-a2":"CL","fips":"28023","name":"Clarke"},"geometry":{"type":"Polygon","coordinates":[[[4299,3593],[4501,3595],[5222,3603],[5157,2976],[5145,2851],[4858,2768],[4588,2720],[4305,2699],[4300,3304],[4299,3593]]]}},{"type":"Feature","id":"US.MS.069","properties":{"hc-group":"admin2","hc-middle-x":0.50,"hc-middle-y":0.50,"hc-key":"us-ms-069","hc-a2":"KE","fips":"28069","name":"Kemper"},"geometry":{"type":"Polygon","coordinates":[[[5375,5182],[5338,4779],[5300,4392],[4606,4387],[4299,4387],[4298,4792],[4300,5174],[4407,5172],[4492,5173],[4799,5175],[5375,5182]]]}},{"type":"Feature","id":"US.MS.001","properties":{"hc-group":"admin2","hc-middle-x":0.64,"hc-middle-y":0.39,"hc-key":"us-ms-001","hc-a2":"AD","fips":"28001","name":"Adams"},"geometry":{"type":"Polygon","coordinates":[[[-15,2259],[-32,1716],[-36,1667],[-141,1692],[-176,1729],[-226,1701],[-321,1705],[-391,1659],[-473,1651],[-551,1607],[-637,1619],[-681,1409],[-762,1386],[-781,1440],[-849,1410],[-878,1336],[-999,1484],[-974,1509],[-814,1494],[-736,1522],[-717,1615],[-789,1682],[-784,1765],[-828,1754],[-818,1857],[-764,1858],[-756,1781],[-704,1723],[-642,1735],[-640,1794],[-717,1902],[-707,2101],[-577,2120],[-507,2179],[-534,2242],[-657,2221],[-715,2283],[-675,2354],[-612,2296],[-490,2293],[-478,2498],[-423,2576],[-324,2581],[-236,2348],[-167,2305],[-14,2305],[-15,2259]]]}},{"type":"Feature","id":"US.MS.057","properties":{"hc-group":"admin2","hc-middle-x":0.50,"hc-middle-y":0.50,"hc-key":"us-ms-057","hc-a2":"IT","fips":"28057","name":"Itawamba"},"geometry":{"type":"Polygon","coordinates":[[[5716,8636],[5699,8458],[5632,7788],[5317,7789],[4996,7791],[4992,8351],[4996,8638],[5176,8638],[5393,8635],[5595,8636],[5716,8636]]]}},{"type":"Feature","id":"US.MS.049","properties":{"hc-group":"admin2","hc-middle-x":0.44,"hc-middle-y":0.60,"hc-key":"us-ms-049","hc-a2":"HI","fips":"28049","name":"Hinds"},"geometry":{"type":"Polygon","coordinates":[[[1373,4403],[1371,4210],[1764,4204],[1761,4007],[2101,4002],[2047,3981],[2015,3888],[1830,3673],[1866,3599],[1848,3528],[1751,3492],[1738,3359],[1784,3286],[1776,3218],[962,3231],[841,3229],[833,3422],[828,3628],[892,3809],[898,3914],[1025,3882],[1011,3961],[1109,4119],[1076,4195],[1173,4258],[1343,4345],[1373,4403]]]}}]}