{"title":"Kosovo","version":"1.1.2","type":"FeatureCollection","copyright":"Copyright (c) 2015 Highsoft AS, Based on data from Natural Earth","copyrightShort":"Natural Earth","copyrightUrl":"http://www.naturalearthdata.com","crs":{"type":"name","properties":{"name":"urn:ogc:def:crs:EPSG:32634"}},"hc-transform":{"default":{"crs":"+proj=utm +zone=34 +datum=WGS84 +units=m +no_defs","scale":0.00444321943149,"jsonres":15.5,"jsonmarginX":-999,"jsonmarginY":9851.0,"xoffset":420153.167681,"yoffset":4790049.57001}},
"features":[{"type":"Feature","id":"KV.841","properties":{"hc-group":"admin1","hc-middle-x":0.52,"hc-middle-y":0.57,"hc-key":"kv-841","hc-a2":"PE","labelrank":"8","hasc":"-99","alt-name":null,"woe-id":"29389214","subregion":null,"fips":"AL47","postal-code":null,"name":"Pec","country":"Kosovo","type-en":"District","region":"Pe?","longitude":"20.3112","woe-name":"?akovica","latitude":"42.6569","woe-label":"Pech, RS, Serbia","type":"Okrug"},"geometry":{"type":"Polygon","coordinates":[[[-558,5211],[-612,5318],[-936,5635],[-999,5754],[-987,5905],[-941,5968],[-768,6104],[-704,6133],[-503,6078],[-294,5949],[-103,5891],[39,6048],[49,6122],[46,6265],[94,6349],[142,6380],[359,6458],[667,6508],[736,6336],[731,5729],[802,5610],[946,5472],[1133,5373],[1321,5371],[1437,5312],[1493,5096],[1609,5016],[1565,4899],[1477,4782],[1491,4645],[1606,4526],[1663,4389],[1691,4212],[1518,4331],[1329,4332],[1213,4391],[1097,4373],[908,4296],[807,4394],[736,4571],[679,4690],[549,4730],[418,4652],[288,4712],[115,4753],[-15,4813],[-101,4912],[-56,5049],[-360,5072],[-558,5211]]]}},{"type":"Feature","id":"KV.7318","properties":{"hc-group":"admin1","hc-middle-x":0.56,"hc-middle-y":0.56,"hc-key":"kv-7318","hc-a2":"IS","labelrank":"8","hasc":"-99","alt-name":null,"woe-id":"29389214","subregion":null,"fips":"AL47","postal-code":null,"name":"Istok","country":"Kosovo","type-en":"District","region":"Pe?","longitude":"20.4919","woe-name":"?akovica","latitude":"42.7655","woe-label":"Pech, RS, Serbia","type":"Okrug"},"geometry":{"type":"Polygon","coordinates":[[[1437,5312],[1321,5371],[1133,5373],[946,5472],[802,5610],[731,5729],[736,6336],[667,6508],[815,6532],[1281,6630],[1553,6742],[1681,6912],[1657,6986],[2049,6945],[2205,6846],[2327,6690],[2421,6489],[2501,6222],[2475,6030],[2368,5716],[2377,5527],[2234,5523],[2074,5465],[1987,5348],[1799,5309],[1611,5369],[1437,5312]]]}},{"type":"Feature","id":"KV.7319","properties":{"hc-group":"admin1","hc-middle-x":0.45,"hc-middle-y":0.51,"hc-key":"kv-7319","hc-a2":"KL","labelrank":"8","hasc":"-99","alt-name":null,"woe-id":"29389214","subregion":null,"fips":"AL47","postal-code":null,"name":"Klina","country":"Kosovo","type-en":"District","region":"Pe?","longitude":"20.5913","woe-name":"?akovica","latitude":"42.5999","woe-label":"Pech, RS, Serbia","type":"Okrug"},"geometry":{"type":"Polygon","coordinates":[[[1691,4212],[1663,4389],[1606,4526],[1491,4645],[1477,4782],[1565,4899],[1609,5016],[1493,5096],[1437,5312],[1611,5369],[1799,5309],[1987,5348],[2074,5465],[2234,5523],[2377,5527],[2508,5354],[2619,5285],[2717,5263],[2786,5108],[2821,4934],[3009,4854],[3140,4852],[2896,4481],[2707,4482],[2334,4199],[2055,4104],[1903,4037],[1691,4212]]]}},{"type":"Feature","id":"KV.7320","properties":{"hc-group":"admin1","hc-middle-x":0.52,"hc-middle-y":0.61,"hc-key":"kv-7320","hc-a2":"DE","labelrank":"8","hasc":"-99","alt-name":null,"woe-id":"29389214","subregion":null,"fips":"AL47","postal-code":null,"name":"Decani","country":"Kosovo","type-en":"District","region":"?akovica","longitude":"20.2468","woe-name":"?akovica","latitude":"42.527","woe-label":"Pech, RS, Serbia","type":"Okrug"},"geometry":{"type":"Polygon","coordinates":[[[-295,3987],[-391,4112],[-672,4271],[-787,4401],[-718,4500],[-710,4600],[-725,4707],[-722,4831],[-701,4893],[-636,5015],[-558,5211],[-360,5072],[-56,5049],[-101,4912],[-15,4813],[115,4753],[288,4712],[418,4652],[549,4730],[679,4690],[736,4571],[807,4394],[908,4296],[1097,4373],[1213,4391],[1329,4332],[1226,4176],[1052,4098],[1007,3883],[948,3746],[802,3688],[686,3729],[569,3553],[308,3634],[4,3774],[-81,4010],[-295,3987]]]}},{"type":"Feature","id":"KV.7321","properties":{"hc-group":"admin1","hc-middle-x":0.53,"hc-middle-y":0.46,"hc-key":"kv-7321","hc-a2":"ÐA","labelrank":"8","hasc":"-99","alt-name":null,"woe-id":"29389214","subregion":null,"fips":"AL47","postal-code":null,"name":"Ðakovica","country":"Kosovo","type-en":"District","region":"?akovica","longitude":"20.4124","woe-name":"?akovica","latitude":"42.3724","woe-label":"Pech, RS, Serbia","type":"Okrug"},"geometry":{"type":"Polygon","coordinates":[[[1691,4212],[1903,4037],[1765,3949],[1705,3785],[1727,3576],[1718,3091],[1850,2899],[2121,2708],[2219,2620],[2120,2467],[1864,2347],[1743,2254],[1509,2013],[1415,2116],[717,2636],[629,2651],[242,2645],[174,2656],[128,2709],[80,2834],[84,2992],[38,3098],[-50,3175],[-75,3223],[-68,3272],[-9,3361],[-6,3424],[-34,3483],[-140,3601],[-295,3987],[-81,4010],[4,3774],[308,3634],[569,3553],[686,3729],[802,3688],[948,3746],[1007,3883],[1052,4098],[1226,4176],[1329,4332],[1518,4331],[1691,4212]]]}},{"type":"Feature","id":"KV.7322","properties":{"hc-group":"admin1","hc-middle-x":0.49,"hc-middle-y":0.54,"hc-key":"kv-7322","hc-a2":"OR","labelrank":"8","hasc":"-99","alt-name":null,"woe-id":"29389214","subregion":null,"fips":"AL47","postal-code":null,"name":"Orahovac","country":"Kosovo","type-en":"District","region":"?akovica","longitude":"20.609","woe-name":"?akovica","latitude":"42.3901","woe-label":"Pech, RS, Serbia","type":"Okrug"},"geometry":{"type":"Polygon","coordinates":[[[2120,2467],[2219,2620],[2121,2708],[1850,2899],[1718,3091],[1727,3576],[1705,3785],[1765,3949],[1903,4037],[2081,3857],[2197,3817],[2371,3836],[2502,3835],[2588,3698],[2558,3521],[2645,3286],[2891,3108],[2861,2952],[2832,2697],[2758,2520],[2656,2540],[2598,2619],[2526,2678],[2438,2541],[2350,2385],[2248,2405],[2120,2467]]]}},{"type":"Feature","id":"KV.844","properties":{"hc-group":"admin1","hc-middle-x":0.61,"hc-middle-y":0.51,"hc-key":"kv-844","hc-a2":"ZV","labelrank":"8","hasc":"-99","alt-name":null,"woe-id":"29389207","subregion":null,"fips":"SR01","postal-code":null,"name":"Zvecan","country":"Kosovo","type-en":"District","region":"Kosovska Mitrovica","longitude":"20.7736","woe-name":"Kosovska Mitrovica","latitude":"42.9494","woe-label":"Kosovska Mitrovica, RS, Serbia","type":"Okrug"},"geometry":{"type":"Polygon","coordinates":[[[2352,8012],[2502,8241],[2721,8188],[2836,8050],[3066,8049],[3238,7951],[3368,7852],[3410,7715],[3453,7617],[3597,7460],[3770,7361],[3755,7146],[3697,6989],[3553,7028],[3322,7049],[3207,7166],[3050,7422],[2935,7560],[2978,7677],[2864,7795],[2634,7953],[2352,8012]]]}},{"type":"Feature","id":"KV.7302","properties":{"hc-group":"admin1","hc-middle-x":0.54,"hc-middle-y":0.54,"hc-key":"kv-7302","hc-a2":"LE","labelrank":"8","hasc":"-99","alt-name":null,"woe-id":"29389207","subregion":null,"fips":"SR01","postal-code":null,"name":"Leposavic","country":"Kosovo","type-en":"District","region":"Kosovska Mitrovica","longitude":"20.7944","woe-name":"Kosovska Mitrovica","latitude":"43.1033","woe-label":"Kosovska Mitrovica, RS, Serbia","type":"Okrug"},"geometry":{"type":"Polygon","coordinates":[[[3453,7617],[3410,7715],[3368,7852],[3238,7951],[3066,8049],[2836,8050],[2721,8188],[2502,8241],[2622,8495],[2646,8681],[2605,8728],[2488,8724],[2439,8739],[2375,8862],[2328,9028],[2262,9172],[2248,9258],[2285,9357],[2331,9390],[2513,9397],[2637,9445],[3076,9774],[3212,9834],[3351,9851],[3491,9807],[3597,9719],[3690,9608],[3743,9500],[3669,9520],[3605,9461],[3599,9310],[3583,9211],[3560,9205],[3596,9142],[4463,8634],[4430,8494],[4429,8350],[4476,8253],[4318,8243],[4275,8126],[4145,8028],[4073,7930],[3943,7910],[3814,7969],[3698,7734],[3453,7617]]]}},{"type":"Feature","id":"KV.7303","properties":{"hc-group":"admin1","hc-middle-x":0.65,"hc-middle-y":0.37,"hc-key":"kv-7303","hc-a2":"KM","labelrank":"8","hasc":"-99","alt-name":null,"woe-id":"29389207","subregion":null,"fips":"SR01","postal-code":null,"name":"Kosovska Mitrovica","country":"Kosovo","type-en":"District","region":"Kosovska Mitrovica","longitude":"20.9247","woe-name":"Kosovska Mitrovica","latitude":"42.9377","woe-label":"Kosovska Mitrovica, RS, Serbia","type":"Okrug"},"geometry":{"type":"Polygon","coordinates":[[[3322,7049],[3553,7028],[3697,6989],[3755,7146],[3770,7361],[3597,7460],[3453,7617],[3698,7734],[3814,7969],[3943,7910],[4073,7930],[4145,8028],[4275,8126],[4318,8243],[4476,8253],[4550,8182],[4653,8026],[4828,7659],[4885,7368],[4813,7247],[4663,7282],[4519,7243],[4346,7322],[4260,7282],[4317,7126],[4260,6949],[4130,6969],[4029,6890],[4014,6655],[4014,6537],[3884,6538],[3740,6499],[3566,6362],[3379,6382],[3263,6382],[3061,6539],[2946,6716],[3062,6794],[3178,6814],[3322,7049]]]}},{"type":"Feature","id":"KV.7304","properties":{"hc-group":"admin1","hc-middle-x":0.52,"hc-middle-y":0.51,"hc-key":"kv-7304","hc-a2":"VU","labelrank":"8","hasc":"-99","alt-name":null,"woe-id":"29389207","subregion":null,"fips":"SR01","postal-code":null,"name":"Vucitrn","country":"Kosovo","type-en":"District","region":"Kosovska Mitrovica","longitude":"20.9843","woe-name":"Kosovska Mitrovica","latitude":"42.792","woe-label":"Kosovska Mitrovica, RS, Serbia","type":"Okrug"},"geometry":{"type":"Polygon","coordinates":[[[3566,6362],[3740,6499],[3884,6538],[4014,6537],[4014,6655],[4029,6890],[4130,6969],[4260,6949],[4317,7126],[4260,7282],[4346,7322],[4519,7243],[4663,7282],[4813,7247],[4783,7077],[4810,6877],[4858,6761],[4975,6624],[5044,6458],[5049,6268],[4914,6192],[4817,5974],[4756,5775],[4743,5663],[4597,5522],[4335,5424],[4206,5497],[4082,5626],[3941,5812],[3840,5851],[3710,5832],[3637,5852],[3667,6185],[3566,6362]]]}},{"type":"Feature","id":"KV.7305","properties":{"hc-group":"admin1","hc-middle-x":0.43,"hc-middle-y":0.49,"hc-key":"kv-7305","hc-a2":"SR","labelrank":"8","hasc":"-99","alt-name":null,"woe-id":"29389207","subregion":null,"fips":"SR01","postal-code":null,"name":"Srbica","country":"Kosovo","type-en":"District","region":"Kosovska Mitrovica","longitude":"20.7437","woe-name":"Kosovska Mitrovica","latitude":"42.7169","woe-label":"Kosovska Mitrovica, RS, Serbia","type":"Okrug"},"geometry":{"type":"Polygon","coordinates":[[[3061,6539],[3263,6382],[3379,6382],[3566,6362],[3667,6185],[3637,5852],[3710,5832],[3840,5851],[3941,5812],[4082,5626],[3995,5566],[3878,5541],[3804,5497],[3723,5391],[3497,5523],[3428,5431],[3422,5359],[3379,5270],[3281,5182],[3164,4951],[3140,4852],[3009,4854],[2821,4934],[2786,5108],[2717,5263],[2619,5285],[2508,5354],[2377,5527],[2368,5716],[2475,6030],[2501,6222],[2421,6489],[2528,6639],[2614,6659],[2744,6639],[2859,6442],[2959,6285],[3046,6265],[3061,6539]]]}},{"type":"Feature","id":"KV.7306","properties":{"hc-group":"admin1","hc-middle-x":0.58,"hc-middle-y":0.40,"hc-key":"kv-7306","hc-a2":"ZP","labelrank":"8","hasc":"-99","alt-name":null,"woe-id":"29389207","subregion":null,"fips":"SR01","postal-code":null,"name":"Zubin Potok","country":"Kosovo","type-en":"District","region":"Kosovska Mitrovica","longitude":"20.662","woe-name":"Kosovska Mitrovica","latitude":"42.9245","woe-label":"Kosovska Mitrovica, RS, Serbia","type":"Okrug"},"geometry":{"type":"Polygon","coordinates":[[[3322,7049],[3178,6814],[3062,6794],[2946,6716],[3061,6539],[3046,6265],[2959,6285],[2859,6442],[2744,6639],[2614,6659],[2528,6639],[2421,6489],[2327,6690],[2205,6846],[2049,6945],[1657,6986],[1626,7075],[1502,7155],[1414,7251],[1463,7465],[1559,7590],[1655,7618],[1754,7618],[1863,7655],[1908,7697],[1993,7864],[2044,7917],[2167,7896],[2235,7897],[2352,8012],[2634,7953],[2864,7795],[2978,7677],[2935,7560],[3050,7422],[3207,7166],[3322,7049]]]}},{"type":"Feature","id":"KV.845","properties":{"hc-group":"admin1","hc-middle-x":0.60,"hc-middle-y":0.50,"hc-key":"kv-845","hc-a2":"KP","labelrank":"7","hasc":"-99","alt-name":null,"woe-id":"29389201","subregion":null,"fips":"SR01","postal-code":null,"name":"Kosovo Polje","country":"Kosovo","type-en":"District","region":"Pristina","longitude":"21.0358","woe-name":"Pristina","latitude":"42.6041","woe-label":"Kosovo, RS, Serbia","type":"Okrug"},"geometry":{"type":"Polygon","coordinates":[[[4360,4517],[4302,4616],[4186,4714],[4273,4812],[4331,4968],[4403,5008],[4403,5125],[4490,5165],[4621,5047],[4794,5047],[4910,5067],[5069,5184],[5098,4969],[5142,4871],[5070,4733],[4969,4576],[4809,4518],[4621,4557],[4490,4498],[4360,4517]]]}},{"type":"Feature","id":"KV.7307","properties":{"hc-group":"admin1","hc-middle-x":0.51,"hc-middle-y":0.51,"hc-key":"kv-7307","hc-a2":"GL","labelrank":"7","hasc":"-99","alt-name":null,"woe-id":"29389201","subregion":null,"fips":"SR01","postal-code":null,"name":"Glogovac","country":"Kosovo","type-en":"District","region":"Pristina","longitude":"20.8784","woe-name":"Pristina","latitude":"42.6021","woe-label":"Kosovo, RS, Serbia","type":"Okrug"},"geometry":{"type":"Polygon","coordinates":[[[4331,4968],[4273,4812],[4186,4714],[4302,4616],[4360,4517],[4215,4380],[4186,4243],[4070,4165],[3939,4165],[3837,4047],[3709,3992],[3664,4150],[3622,4241],[3522,4081],[3287,4188],[3320,4270],[3326,4512],[3297,4657],[3289,4765],[3230,4852],[3140,4852],[3164,4951],[3281,5182],[3379,5270],[3422,5359],[3428,5431],[3497,5523],[3723,5391],[3804,5497],[3878,5541],[3995,5566],[4082,5626],[4206,5497],[4335,5424],[4172,5341],[4172,5223],[4215,5067],[4331,4968]]]}},{"type":"Feature","id":"KV.7308","properties":{"hc-group":"admin1","hc-middle-x":0.58,"hc-middle-y":0.71,"hc-key":"kv-7308","hc-a2":"OB","labelrank":"7","hasc":"-99","alt-name":null,"woe-id":"29389201","subregion":null,"fips":"SR01","postal-code":null,"name":"Obilic","country":"Kosovo","type-en":"District","region":"Pristina","longitude":"21.055","woe-name":"Pristina","latitude":"42.6794","woe-label":"Kosovo, RS, Serbia","type":"Okrug"},"geometry":{"type":"Polygon","coordinates":[[[5069,5184],[4910,5067],[4794,5047],[4621,5047],[4490,5165],[4403,5125],[4403,5008],[4331,4968],[4215,5067],[4172,5223],[4172,5341],[4335,5424],[4597,5522],[4743,5663],[4756,5775],[4817,5974],[4914,6192],[5049,6268],[5083,6165],[5126,6028],[4996,5871],[4982,5694],[5054,5518],[5098,5381],[5069,5184]]]}},{"type":"Feature","id":"KV.7309","properties":{"hc-group":"admin1","hc-middle-x":0.45,"hc-middle-y":0.63,"hc-key":"kv-7309","hc-a2":"PO","labelrank":"7","hasc":"-99","alt-name":null,"woe-id":"29389201","subregion":null,"fips":"SR01","postal-code":null,"name":"Podujevo","country":"Kosovo","type-en":"District","region":"Pristina","longitude":"21.1831","woe-name":"Pristina","latitude":"42.867","woe-label":"Kosovo, RS, Serbia","type":"Okrug"},"geometry":{"type":"Polygon","coordinates":[[[5126,6028],[5083,6165],[5049,6268],[5044,6458],[4975,6624],[4858,6761],[4810,6877],[4783,7077],[4813,7247],[4885,7368],[4828,7659],[4653,8026],[4550,8182],[4476,8253],[4429,8350],[4430,8494],[4463,8634],[4529,8596],[4645,8552],[5019,8531],[5108,8462],[5196,8284],[5282,7883],[5330,7782],[5428,7725],[5584,7823],[5678,7808],[5765,7637],[5774,7400],[5807,7158],[5965,6972],[6028,6955],[6159,6956],[6283,6905],[6393,6813],[6451,6777],[6631,6736],[6745,6731],[6798,6673],[6799,6472],[6776,6344],[6701,6087],[6682,5969],[6513,5973],[6412,6090],[6296,6188],[6209,6344],[5992,6245],[5819,6186],[5762,6068],[5661,6048],[5589,5970],[5487,6028],[5429,6146],[5357,6224],[5299,6106],[5227,6028],[5126,6028]]]}},{"type":"Feature","id":"KV.7310","properties":{"hc-group":"admin1","hc-middle-x":0.42,"hc-middle-y":0.43,"hc-key":"kv-7310","hc-a2":"PR","labelrank":"7","hasc":"-99","alt-name":null,"woe-id":"29389201","subregion":null,"fips":"SR01","postal-code":null,"name":"Priština","country":"Kosovo","type-en":"District","region":"Pristina","longitude":"21.2515","woe-name":"Pristina","latitude":"42.6882","woe-label":"Kosovo, RS, Serbia","type":"Okrug"},"geometry":{"type":"Polygon","coordinates":[[[4969,4576],[5070,4733],[5142,4871],[5098,4969],[5069,5184],[5098,5381],[5054,5518],[4982,5694],[4996,5871],[5126,6028],[5227,6028],[5299,6106],[5357,6224],[5429,6146],[5487,6028],[5589,5970],[5661,6048],[5762,6068],[5819,6186],[5992,6245],[6209,6344],[6296,6188],[6412,6090],[6513,5973],[6682,5969],[6635,5886],[6691,5847],[6786,5819],[6991,5826],[7203,5798],[7069,5503],[6752,5492],[6798,5352],[6967,5230],[7035,5103],[6974,4993],[6894,4916],[6567,4904],[6459,4783],[6345,4640],[6171,4736],[6011,4814],[5823,4853],[5736,4813],[5737,4480],[5592,4421],[5404,4459],[5302,4518],[5143,4439],[5056,4537],[4969,4576]]]}},{"type":"Feature","id":"KV.7311","properties":{"hc-group":"admin1","hc-middle-x":0.51,"hc-middle-y":0.60,"hc-key":"kv-7311","hc-a2":"LI","labelrank":"7","hasc":"-99","alt-name":null,"woe-id":"29389201","subregion":null,"fips":"SR01","postal-code":null,"name":"Lipljan","country":"Kosovo","type-en":"District","region":"Pristina","longitude":"21.108","woe-name":"Pristina","latitude":"42.5049","woe-label":"Kosovo, RS, Serbia","type":"Okrug"},"geometry":{"type":"Polygon","coordinates":[[[3709,3992],[3837,4047],[3939,4165],[4070,4165],[4186,4243],[4215,4380],[4360,4517],[4490,4498],[4621,4557],[4809,4518],[4969,4576],[5056,4537],[5143,4439],[5302,4518],[5404,4459],[5592,4421],[5737,4480],[5736,4813],[5823,4853],[6011,4814],[6171,4736],[6345,4640],[6231,4564],[6159,4450],[6045,4306],[6025,4186],[6093,4046],[6145,3906],[6110,3783],[5949,3765],[5913,3617],[5652,3617],[5391,3597],[5173,3635],[5042,3635],[4897,3733],[4810,3655],[4621,3674],[4418,3733],[4098,3772],[3895,3655],[3807,3780],[3663,3812],[3709,3992]]]}},{"type":"Feature","id":"KV.842","properties":{"hc-group":"admin1","hc-middle-x":0.54,"hc-middle-y":0.36,"hc-key":"kv-842","hc-a2":"GN","labelrank":"8","hasc":"-99","alt-name":null,"woe-id":"29389218","subregion":null,"fips":"MK20","postal-code":null,"name":"Gnjilane","country":"Kosovo","type-en":"District","region":"Gnjilane","longitude":"21.449","woe-name":"Gnjilane","latitude":"42.4503","woe-label":"Kosovsko Pomoravlje, RS, Serbia","type":"Okrug"},"geometry":{"type":"Polygon","coordinates":[[[5913,3617],[5949,3765],[6110,3783],[6145,3906],[6093,4046],[6025,4186],[6045,4306],[6159,4450],[6317,4384],[6447,4423],[6564,4306],[6666,4228],[6796,4307],[6766,4484],[6882,4543],[6984,4465],[7129,4466],[7246,4251],[7377,4114],[7509,3939],[7466,3762],[7708,3696],[7878,3639],[8005,3638],[7995,3521],[8025,3279],[8000,3160],[7883,3048],[7547,2942],[7427,2814],[7422,2630],[7645,2296],[7705,2084],[7692,2091],[7454,2027],[7337,2024],[7236,2093],[7271,2329],[7197,2525],[7124,2642],[7006,2936],[6817,2974],[6698,3159],[6597,3267],[6496,3325],[6437,3462],[6233,3370],[6060,3265],[5913,3617]]]}},{"type":"Feature","id":"KV.7312","properties":{"hc-group":"admin1","hc-middle-x":0.56,"hc-middle-y":0.57,"hc-key":"kv-7312","hc-a2":"VI","labelrank":"8","hasc":"-99","alt-name":null,"woe-id":"29389218","subregion":null,"fips":"MK20","postal-code":null,"name":"Vitina","country":"Kosovo","type-en":"District","region":"Gnjilane","longitude":"21.3686","woe-name":"Gnjilane","latitude":"42.2996","woe-label":"Kosovsko Pomoravlje, RS, Serbia","type":"Okrug"},"geometry":{"type":"Polygon","coordinates":[[[6060,3265],[6233,3370],[6437,3462],[6496,3325],[6597,3267],[6698,3159],[6817,2974],[7006,2936],[7124,2642],[7197,2525],[7271,2329],[7236,2093],[7157,1996],[7098,2010],[7045,2064],[6979,2085],[6886,2032],[6895,1965],[6937,1898],[6943,1847],[6882,1840],[6684,1915],[6585,1907],[6550,1878],[6392,2020],[6240,2033],[6042,2103],[5896,2299],[5911,2425],[6009,2594],[5988,2664],[5887,2617],[5811,2713],[5811,2867],[6128,2903],[6060,3265]]]}},{"type":"Feature","id":"KV.7313","properties":{"hc-group":"admin1","hc-middle-x":0.44,"hc-middle-y":0.43,"hc-key":"kv-7313","hc-a2":"NB","labelrank":"8","hasc":"-99","alt-name":null,"woe-id":"29389218","subregion":null,"fips":"MK20","postal-code":null,"name":"Novo Brdo","country":"Kosovo","type-en":"District","region":"Pristina","longitude":"21.3818","woe-name":"Gnjilane","latitude":"42.58","woe-label":"Kosovsko Pomoravlje, RS, Serbia","type":"Okrug"},"geometry":{"type":"Polygon","coordinates":[[[7129,4466],[6984,4465],[6882,4543],[6766,4484],[6796,4307],[6666,4228],[6564,4306],[6447,4423],[6317,4384],[6159,4450],[6231,4564],[6345,4640],[6459,4783],[6567,4904],[6894,4916],[7142,4760],[7215,4604],[7129,4466]]]}},{"type":"Feature","id":"KV.7314","properties":{"hc-group":"admin1","hc-middle-x":0.47,"hc-middle-y":0.43,"hc-key":"kv-7314","hc-a2":"KK","labelrank":"8","hasc":"-99","alt-name":null,"woe-id":"29389218","subregion":null,"fips":"MK20","postal-code":null,"name":"Kosovska Kamenica","country":"Kosovo","type-en":"District","region":"Gnjilane","longitude":"21.5916","woe-name":"Gnjilane","latitude":"42.5954","woe-label":"Kosovsko Pomoravlje, RS, Serbia","type":"Okrug"},"geometry":{"type":"Polygon","coordinates":[[[7129,4466],[7215,4604],[7142,4760],[6894,4916],[6974,4993],[7035,5103],[6967,5230],[6798,5352],[6752,5492],[7069,5503],[7203,5798],[7559,5751],[7687,5708],[7774,5633],[7957,5406],[8052,5344],[8135,5345],[8378,5458],[8499,5462],[8668,5425],[8814,5330],[8863,5162],[8831,5094],[8649,4982],[8625,4804],[8569,4749],[8567,4694],[8613,4599],[8558,4422],[8280,3953],[8055,3724],[8005,3638],[7878,3639],[7708,3696],[7466,3762],[7509,3939],[7377,4114],[7246,4251],[7129,4466]]]}},{"type":"Feature","id":"KV.843","properties":{"hc-group":"admin1","hc-middle-x":0.37,"hc-middle-y":0.41,"hc-key":"kv-843","hc-a2":"PR","labelrank":"8","hasc":"-99","alt-name":null,"woe-id":"29389209","subregion":null,"fips":"MKA6","postal-code":null,"name":"Prizren","country":"Kosovo","type-en":"District","region":"Prizren","longitude":"20.7289","woe-name":"Prizren","latitude":"42.1884","woe-label":"Prizren, RS, Serbia","type":"Okrug"},"geometry":{"type":"Polygon","coordinates":[[[1949,761],[1949,1006],[1935,1141],[1875,1345],[1662,1814],[1509,2013],[1743,2254],[1864,2347],[2120,2467],[2248,2405],[2350,2385],[2438,2541],[2526,2678],[2598,2619],[2656,2540],[2758,2520],[2832,2697],[2962,2677],[3035,2520],[3107,2421],[3136,2304],[3310,2185],[3514,2185],[3660,2165],[3682,1969],[3644,1874],[3630,1748],[3687,1631],[3858,1569],[4017,1552],[4117,1524],[4230,1457],[4335,1330],[4359,1220],[3421,902],[3275,819],[3249,1029],[3177,1166],[3060,1147],[2899,1167],[2724,1226],[2505,1208],[2301,1150],[2125,974],[1949,761]]]}},{"type":"Feature","id":"KV.7315","properties":{"hc-group":"admin1","hc-middle-x":0.52,"hc-middle-y":0.51,"hc-key":"kv-7315","hc-a2":"DR","labelrank":"8","hasc":"-99","alt-name":null,"woe-id":"29389209","subregion":null,"fips":"MKA6","postal-code":null,"name":"Dragaš","country":"Kosovo","type-en":"District","region":"Prizren","longitude":"20.6774","woe-name":"Prizren","latitude":"41.9926","woe-label":"Prizren, RS, Serbia","type":"Okrug"},"geometry":{"type":"Polygon","coordinates":[[[1949,761],[2125,974],[2301,1150],[2505,1208],[2724,1226],[2899,1167],[3060,1147],[3177,1166],[3249,1029],[3275,819],[3163,684],[3106,520],[3034,143],[3027,-31],[3098,-336],[3075,-520],[3014,-663],[2919,-827],[2802,-957],[2679,-999],[2624,-958],[2516,-805],[2462,-772],[2426,-796],[2363,-912],[2320,-948],[2227,-952],[2158,-915],[2026,-773],[2030,-717],[2002,-623],[2001,-567],[2028,-475],[2152,-342],[2213,-203],[2213,-106],[2185,-5],[2159,147],[1983,618],[1949,761]]]}},{"type":"Feature","id":"KV.7316","properties":{"hc-group":"admin1","hc-middle-x":0.58,"hc-middle-y":0.54,"hc-key":"kv-7316","hc-a2":"SR","labelrank":"8","hasc":"-99","alt-name":null,"woe-id":"29389209","subregion":null,"fips":"MKA6","postal-code":null,"name":"Suva Reka","country":"Kosovo","type-en":"District","region":"Prizren","longitude":"20.8519","woe-name":"Prizren","latitude":"42.3371","woe-label":"Prizren, RS, Serbia","type":"Okrug"},"geometry":{"type":"Polygon","coordinates":[[[3682,1969],[3660,2165],[3514,2185],[3310,2185],[3136,2304],[3107,2421],[3035,2520],[2962,2677],[2832,2697],[2861,2952],[2891,3108],[3124,3127],[3124,3284],[3241,3382],[3357,3401],[3459,3362],[3604,3440],[3764,3420],[3735,3596],[3663,3734],[3663,3812],[3807,3780],[3895,3655],[3973,3545],[4139,3460],[4226,3314],[4143,3174],[4160,3067],[4114,2983],[4199,2910],[4272,2770],[4288,2646],[4280,2529],[4305,2422],[4288,2221],[4095,2165],[3959,2019],[3846,1975],[3748,1956],[3682,1969]]]}},{"type":"Feature","id":"KV.7317","properties":{"hc-group":"admin1","hc-middle-x":0.54,"hc-middle-y":0.57,"hc-key":"kv-7317","hc-a2":"MA","labelrank":"8","hasc":"-99","alt-name":null,"woe-id":"29389209","subregion":null,"fips":"MKA6","postal-code":null,"name":"Mališevo","country":"Kosovo","type-en":"District","region":"Prizren","longitude":"20.7392","woe-name":"Prizren","latitude":"42.4806","woe-label":"Prizren, RS, Serbia","type":"Okrug"},"geometry":{"type":"Polygon","coordinates":[[[3709,3992],[3663,3812],[3663,3734],[3735,3596],[3764,3420],[3604,3440],[3459,3362],[3357,3401],[3241,3382],[3124,3284],[3124,3127],[2891,3108],[2645,3286],[2558,3521],[2588,3698],[2502,3835],[2371,3836],[2197,3817],[2081,3857],[1903,4037],[2055,4104],[2334,4199],[2707,4482],[2896,4481],[3140,4852],[3230,4852],[3289,4765],[3297,4657],[3326,4512],[3320,4270],[3287,4188],[3522,4081],[3622,4241],[3664,4150],[3709,3992]]]}},{"type":"Feature","id":"KV.7323","properties":{"hc-group":"admin1","hc-middle-x":0.58,"hc-middle-y":0.49,"hc-key":"kv-7323","hc-a2":"ŠT","labelrank":"8","hasc":"-99","alt-name":null,"woe-id":"29389209","subregion":null,"fips":"MKA6","postal-code":null,"name":"Štimlje","country":"Kosovo","type-en":"District","region":"Uro?evac","longitude":"21.0042","woe-name":"Prizren","latitude":"42.4144","woe-label":"Prizren, RS, Serbia","type":"Okrug"},"geometry":{"type":"Polygon","coordinates":[[[4199,2910],[4114,2983],[4160,3067],[4143,3174],[4226,3314],[4139,3460],[3973,3545],[3895,3655],[4098,3772],[4418,3733],[4621,3674],[4810,3655],[4897,3733],[5042,3635],[5013,3478],[4912,3361],[4824,3282],[4810,3125],[4766,3008],[4336,2953],[4199,2910]]]}},{"type":"Feature","id":"KV.7324","properties":{"hc-group":"admin1","hc-middle-x":0.59,"hc-middle-y":0.50,"hc-key":"kv-7324","hc-a2":"UR","labelrank":"8","hasc":"-99","alt-name":null,"woe-id":"29389209","subregion":null,"fips":"MKA6","postal-code":null,"name":"Uroševac","country":"Kosovo","type-en":"District","region":"Uro?evac","longitude":"21.1389","woe-name":"Prizren","latitude":"42.3481","woe-label":"Prizren, RS, Serbia","type":"Okrug"},"geometry":{"type":"Polygon","coordinates":[[[5913,3617],[6060,3265],[6128,2903],[5811,2867],[5811,2713],[5887,2617],[5727,2578],[5611,2499],[5568,2322],[5466,2322],[5349,2263],[5277,2302],[5131,2302],[5000,2341],[4941,2439],[4840,2498],[4781,2615],[4679,2615],[4679,2459],[4694,2341],[4621,2341],[4519,2419],[4382,2462],[4305,2422],[4280,2529],[4288,2646],[4272,2770],[4199,2910],[4336,2953],[4766,3008],[4810,3125],[4824,3282],[4912,3361],[5013,3478],[5042,3635],[5173,3635],[5391,3597],[5652,3617],[5913,3617]]]}},{"type":"Feature","id":"KV.7325","properties":{"hc-group":"admin1","hc-middle-x":0.46,"hc-middle-y":0.54,"hc-key":"kv-7325","hc-a2":"ŠT","labelrank":"8","hasc":"-99","alt-name":null,"woe-id":"29389209","subregion":null,"fips":"MKA6","postal-code":null,"name":"Štrpce","country":"Kosovo","type-en":"District","region":"Uro?evac","longitude":"21.0064","woe-name":"Prizren","latitude":"42.2201","woe-label":"Prizren, RS, Serbia","type":"Okrug"},"geometry":{"type":"Polygon","coordinates":[[[3682,1969],[3748,1956],[3846,1975],[3959,2019],[4095,2165],[4288,2221],[4305,2422],[4382,2462],[4519,2419],[4621,2341],[4694,2341],[4679,2459],[4679,2615],[4781,2615],[4840,2498],[4941,2439],[5000,2341],[5131,2302],[5204,2145],[5204,2086],[5117,2008],[5029,1969],[5029,1851],[5060,1689],[4923,1601],[4666,1348],[4522,1276],[4359,1220],[4335,1330],[4230,1457],[4117,1524],[4017,1552],[3858,1569],[3687,1631],[3630,1748],[3644,1874],[3682,1969]]]}},{"type":"Feature","id":"KV.7326","properties":{"hc-group":"admin1","hc-middle-x":0.50,"hc-middle-y":0.52,"hc-key":"kv-7326","hc-a2":"KA","labelrank":"8","hasc":"-99","alt-name":null,"woe-id":"29389209","subregion":null,"fips":"MKA6","postal-code":null,"name":"Kacanik","country":"Kosovo","type-en":"District","region":"Uro?evac","longitude":"21.2405","woe-name":"Prizren","latitude":"42.198","woe-label":"Prizren, RS, Serbia","type":"Okrug"},"geometry":{"type":"Polygon","coordinates":[[[5131,2302],[5277,2302],[5349,2263],[5466,2322],[5568,2322],[5611,2499],[5727,2578],[5887,2617],[5988,2664],[6009,2594],[5911,2425],[5896,2299],[6042,2103],[6240,2033],[6392,2020],[6550,1878],[6511,1846],[6178,1332],[6172,1265],[6201,1183],[6216,963],[6205,892],[6145,879],[5854,937],[5784,1009],[5731,1118],[5638,1271],[5435,1469],[5219,1636],[5142,1677],[5060,1689],[5029,1851],[5029,1969],[5117,2008],[5204,2086],[5204,2145],[5131,2302]]]}}]}