{"title":"San Marino","version":"1.1.2","type":"FeatureCollection","copyright":"Copyright (c) 2015 Highsoft AS, Based on data from Natural Earth","copyrightShort":"Natural Earth","copyrightUrl":"http://www.naturalearthdata.com","crs":{"type":"name","properties":{"name":"urn:ogc:def:crs:EPSG:32633"}},"hc-transform":{"default":{"crs":"+proj=utm +zone=33 +datum=WGS84 +units=m +no_defs","scale":0.0705451530864,"jsonres":15.5,"jsonmarginX":-999,"jsonmarginY":9851.0,"xoffset":290126.77247,"yoffset":4873018.68081}},
"features":[{"type":"Feature","id":"SM.6415","properties":{"hc-group":"admin1","hc-middle-x":0.54,"hc-middle-y":0.32,"hc-key":"sm-6415","hc-a2":"MO","labelrank":"20","hasc":"SM.MG","alt-name":null,"woe-id":"20070550","subregion":null,"fips":"SM08","postal-code":null,"name":"Montegiardino","country":"San Marino","type-en":null,"region":null,"longitude":"12.4699","woe-name":"Montegiardino","latitude":"43.9134","woe-label":"Montegiardino, SM, San Marino","type":null},"geometry":{"type":"Polygon","coordinates":[[[7107,2654],[7048,2271],[7107,1903],[5824,-120],[5743,749],[5838,1500],[5946,1956],[6171,2310],[6227,2603],[6562,2724],[7107,2654]]]}},{"type":"Feature","id":"SM.6416","properties":{"hc-group":"admin1","hc-middle-x":0.47,"hc-middle-y":0.64,"hc-key":"sm-6416","hc-a2":"FI","labelrank":"20","hasc":"SM.FI","alt-name":null,"woe-id":"20070549","subregion":null,"fips":"SM05","postal-code":null,"name":"Fiorentino","country":"San Marino","type-en":null,"region":null,"longitude":"12.4521","woe-name":"Fiorentino","latitude":"43.9021","woe-label":"Fiorentino, SM, San Marino","type":null},"geometry":{"type":"Polygon","coordinates":[[[6227,2603],[6171,2310],[5946,1956],[5838,1500],[5743,749],[5824,-120],[5460,-694],[3767,-883],[3608,-70],[3268,432],[3662,912],[3829,1693],[4587,1670],[5284,2009],[5926,2842],[6227,2603]]]}},{"type":"Feature","id":"SM.6417","properties":{"hc-group":"admin1","hc-middle-x":0.39,"hc-middle-y":0.38,"hc-key":"sm-6417","hc-a2":"CH","labelrank":"20","hasc":"SM.CH","alt-name":null,"woe-id":"20070546","subregion":null,"fips":"SM02","postal-code":null,"name":"Chiesanuova","country":"San Marino","type-en":null,"region":null,"longitude":"12.4095","woe-name":"Chiesanuova","latitude":"43.9069","woe-label":"Chiesanuova, SM, San Marino","type":null},"geometry":{"type":"Polygon","coordinates":[[[3268,432],[3608,-70],[3767,-883],[2725,-999],[2004,-597],[144,439],[-644,2250],[173,2267],[1021,2109],[2095,1583],[2153,1155],[2141,762],[2510,456],[3268,432]]]}},{"type":"Feature","id":"SM.3634","properties":{"hc-group":"admin1","hc-middle-x":0.46,"hc-middle-y":0.63,"hc-key":"sm-3634","hc-a2":"BM","labelrank":"20","hasc":"SM.BM","alt-name":null,"woe-id":"20070544","subregion":null,"fips":"SM06","postal-code":null,"name":"Borgo Maggiore","country":"San Marino","type-en":null,"region":null,"longitude":"12.4389","woe-name":"Borgo Maggiore","latitude":"43.9337","woe-label":"Borgo Maggiore, SM, San Marino","type":null},"geometry":{"type":"Polygon","coordinates":[[[1866,7737],[2302,8152],[2824,8399],[3435,8066],[4081,8309],[4314,8170],[4266,7385],[4596,6555],[4402,5643],[4258,4828],[4598,4325],[5320,3942],[5665,3604],[6115,3590],[6129,3262],[5926,2842],[5284,2009],[4587,1670],[3829,1693],[3805,2448],[3501,3343],[3048,4013],[2396,4394],[1916,4933],[1965,5752],[1974,6046],[2253,5874],[2689,6188],[2640,6878],[2276,7381],[1866,7737]]]}},{"type":"Feature","id":"SM.6410","properties":{"hc-group":"admin1","hc-middle-x":0.66,"hc-middle-y":0.50,"hc-key":"sm-6410","hc-a2":"SM","labelrank":"20","hasc":"SM.SM","alt-name":null,"woe-id":"20070545","subregion":null,"fips":"SM07","postal-code":null,"name":"San Marino","country":"San Marino","type-en":null,"region":null,"longitude":"12.4243","woe-name":"San Marino","latitude":"43.9215","woe-label":"San Marino, SM, San Marino","type":null},"geometry":{"type":"Polygon","coordinates":[[[-644,2250],[-999,3066],[107,3187],[945,3456],[1548,3797],[1918,4245],[1916,4933],[2396,4394],[3048,4013],[3501,3343],[3805,2448],[3829,1693],[3662,912],[3268,432],[2510,456],[2141,762],[2153,1155],[2095,1583],[1021,2109],[173,2267],[-644,2250]]]}},{"type":"Feature","id":"SM.6411","properties":{"hc-group":"admin1","hc-middle-x":0.50,"hc-middle-y":0.57,"hc-key":"sm-6411","hc-a2":"AC","labelrank":"20","hasc":"SM.AC","alt-name":null,"woe-id":"20070543","subregion":null,"fips":"SM01","postal-code":null,"name":"Acquaviva","country":"San Marino","type-en":null,"region":null,"longitude":"12.4052","woe-name":"Acquaviva","latitude":"43.9425","woe-label":"Acquaviva, SM, San Marino","type":null},"geometry":{"type":"Polygon","coordinates":[[[1916,4933],[1918,4245],[1548,3797],[945,3456],[107,3187],[-999,3066],[-27,5938],[1366,7262],[1866,7737],[2276,7381],[2640,6878],[2689,6188],[2253,5874],[1974,6046],[1965,5752],[1916,4933]]]}},{"type":"Feature","id":"SM.6412","properties":{"hc-group":"admin1","hc-middle-x":0.57,"hc-middle-y":0.42,"hc-key":"sm-6412","hc-a2":"SE","labelrank":"20","hasc":"SM.SE","alt-name":null,"woe-id":"20070551","subregion":null,"fips":"SM09","postal-code":null,"name":"Serravalle","country":"San Marino","type-en":null,"region":null,"longitude":"12.4721","woe-name":"Serravalle","latitude":"43.9676","woe-label":"Serravalle, SM, San Marino","type":null},"geometry":{"type":"Polygon","coordinates":[[[4596,6555],[4266,7385],[4314,8170],[4081,8309],[3435,8066],[2824,8399],[5148,9502],[7690,9851],[8271,8684],[8377,7700],[7629,7380],[6792,7110],[6029,6183],[5374,7219],[4596,6555]]]}},{"type":"Feature","id":"SM.6413","properties":{"hc-group":"admin1","hc-middle-x":0.50,"hc-middle-y":0.54,"hc-key":"sm-6413","hc-a2":"DO","labelrank":"20","hasc":"SM.DO","alt-name":null,"woe-id":"20070547","subregion":null,"fips":"SM03","postal-code":null,"name":"Domagnano","country":"San Marino","type-en":null,"region":null,"longitude":"12.4721","woe-name":"Domagnano","latitude":"43.9466","woe-label":"Domagnano, SM, San Marino","type":null},"geometry":{"type":"Polygon","coordinates":[[[5320,3942],[4598,4325],[4258,4828],[4402,5643],[4596,6555],[5374,7219],[6029,6183],[6792,7110],[7629,7380],[8377,7700],[8490,6648],[8387,5762],[8067,5432],[7512,5121],[7246,4932],[6559,4921],[6090,4312],[5320,3942]]]}},{"type":"Feature","id":"SM.6414","properties":{"hc-group":"admin1","hc-middle-x":0.48,"hc-middle-y":0.62,"hc-key":"sm-6414","hc-a2":"FA","labelrank":"20","hasc":"SM.FA","alt-name":null,"woe-id":"20070548","subregion":null,"fips":"SM04","postal-code":null,"name":"Faetano","country":"San Marino","type-en":null,"region":null,"longitude":"12.4761","woe-name":"Faetano","latitude":"43.9312","woe-label":"Faetano, SM, San Marino","type":null},"geometry":{"type":"Polygon","coordinates":[[[7107,2654],[6562,2724],[6227,2603],[5926,2842],[6129,3262],[6115,3590],[5665,3604],[5320,3942],[6090,4312],[6559,4921],[7246,4932],[7512,5121],[8067,5432],[8387,5762],[8245,4557],[7574,3368],[7574,3367],[7487,3214],[7253,2964],[7107,2654]]]}}]}