{"title":"Chad","version":"1.1.2","type":"FeatureCollection","copyright":"Copyright (c) 2015 Highsoft AS, Based on data from Natural Earth","copyrightShort":"Natural Earth","copyrightUrl":"http://www.naturalearthdata.com","crs":{"type":"name","properties":{"name":"urn:ogc:def:crs:EPSG:32634"}},"hc-transform":{"default":{"crs":"+proj=utm +zone=34 +datum=WGS84 +units=m +no_defs","scale":0.000394607280133,"jsonres":15.5,"jsonmarginX":-999,"jsonmarginY":9851.0,"xoffset":-316147.046598,"yoffset":2601693.83485}},
"features":[{"type":"Feature","id":"TD.MA","properties":{"hc-group":"admin1","hc-middle-x":0.49,"hc-middle-y":0.50,"hc-key":"td-ma","hc-a2":"MA","labelrank":"4","hasc":"TD.MA","alt-name":null,"woe-id":"56013482","subregion":null,"fips":"CD11","postal-code":"MA","name":"Mandoul","country":"Chad","type-en":"Prefecture","region":null,"longitude":"17.5493","woe-name":"Mandoul","latitude":"8.678319999999999","woe-label":null,"type":"Préfecture"},"geometry":{"type":"Polygon","coordinates":[[[2088,-632],[2018,-633],[1901,-667],[1754,-654],[1634,-693],[1609,-722],[1451,-770],[1357,-559],[1405,-536],[1465,-445],[1322,-212],[1379,-110],[1386,34],[1373,84],[1424,136],[1352,224],[1446,298],[1440,416],[1478,443],[1616,467],[1667,432],[1696,412],[1726,340],[1785,341],[1839,230],[1973,167],[2072,158],[2057,82],[2019,45],[1953,36],[1934,-70],[1984,-102],[1978,-183],[1994,-256],[2032,-294],[2059,-390],[2057,-502],[2088,-632]]]}},{"type":"Feature","id":"TD.SA","properties":{"hc-group":"admin1","hc-middle-x":0.53,"hc-middle-y":0.48,"hc-key":"td-sa","hc-a2":"SA","labelrank":"4","hasc":"TD.SA","alt-name":null,"woe-id":"2344957","subregion":null,"fips":"CD13","postal-code":"SA","name":"Salamat","country":"Chad","type-en":"Prefecture","region":null,"longitude":"20.6054","woe-name":"Salamat","latitude":"10.5811","woe-label":"Salamat, TD, Chad","type":"Préfecture"},"geometry":{"type":"Polygon","coordinates":[[[4905,1346],[4830,1320],[4779,1253],[4694,1266],[4664,1203],[4571,1152],[4476,1130],[4465,1086],[4496,978],[4474,900],[4433,858],[4358,848],[4318,810],[4283,730],[4221,672],[4175,691],[4124,623],[4081,597],[4063,546],[4005,526],[3990,461],[3908,363],[3876,306],[3761,255],[3770,227],[3685,241],[3666,175],[3613,117],[3494,102],[3413,106],[3395,126],[3275,67],[3088,652],[3039,745],[3082,853],[3059,944],[3095,1119],[3108,1178],[3102,1307],[3079,1370],[2745,1506],[2563,1618],[2555,1644],[2569,1841],[2657,1859],[2694,1797],[2787,1835],[2851,1950],[2852,1980],[2807,2055],[2921,2162],[3089,2120],[3207,2112],[3229,2038],[3287,2035],[3301,2100],[3475,2105],[3509,2096],[3674,1984],[4012,1815],[4167,1779],[4540,1848],[4690,1799],[4715,1779],[4905,1346]]]}},{"type":"Feature","id":"TD.NJ","properties":{"hc-group":"admin1","hc-middle-x":0.46,"hc-middle-y":0.42,"hc-key":"td-nj","hc-a2":"NJ","labelrank":"4","hasc":"TD.NJ","alt-name":null,"woe-id":"56013485","subregion":null,"fips":"CD21","postal-code":"NJ","name":"Ville de N'Djamena","country":"Chad","type-en":"Capital","region":null,"longitude":"15.0579","woe-name":"Ville de N'Djamena","latitude":"12.1413","woe-label":"Ville de N'Djamena, TD, Chad","type":"Préfecture"},"geometry":{"type":"Polygon","coordinates":[[[19,2133],[26,2152],[1,2169],[18,2214],[65,2199],[75,2155],[19,2133]]]}},{"type":"Feature","id":"TD.LO","properties":{"hc-group":"admin1","hc-middle-x":0.49,"hc-middle-y":0.51,"hc-key":"td-lo","hc-a2":"LO","labelrank":"4","hasc":"TD.LO","alt-name":"Logone-Occidental","woe-id":"2344952","subregion":null,"fips":"CD08","postal-code":"LO","name":"Logone Occidental","country":"Chad","type-en":"Prefecture","region":null,"longitude":"15.9306","woe-name":"Logone Occidental","latitude":"8.770350000000001","woe-label":"Logone Occidental, TD, Chad","type":"Préfecture"},"geometry":{"type":"Polygon","coordinates":[[[131,-322],[126,-285],[155,-170],[201,-124],[206,-27],[234,55],[266,69],[310,45],[463,70],[513,67],[614,118],[724,105],[762,145],[880,204],[922,129],[1029,-40],[972,-126],[901,-157],[871,-196],[722,-229],[550,-334],[499,-415],[443,-411],[334,-454],[271,-392],[237,-387],[131,-322]]]}},{"type":"Feature","id":"TD.MW","properties":{"hc-group":"admin1","hc-middle-x":0.49,"hc-middle-y":0.38,"hc-key":"td-mw","hc-a2":"MW","labelrank":"4","hasc":"TD.MW","alt-name":null,"woe-id":"56013484","subregion":null,"fips":"CD20","postal-code":"MW","name":"Mayo-Kebbi Ouest","country":"Chad","type-en":"Prefecture","region":null,"longitude":"14.7357","woe-name":"Mayo-Kebbi Ouest","latitude":"9.26179","woe-label":"Mayo-Kebbi Ouest, TD, Chad","type":"Préfecture"},"geometry":{"type":"Polygon","coordinates":[[[266,69],[234,55],[206,-27],[201,-124],[155,-170],[126,-285],[131,-322],[100,-334],[88,-339],[71,-300],[-30,-176],[-82,-164],[-91,-127],[-154,-71],[-189,-68],[-486,178],[-504,230],[-692,455],[-751,503],[-710,572],[-632,647],[-588,732],[-413,740],[-217,687],[-226,595],[-217,512],[-80,530],[-23,492],[6,414],[17,323],[157,219],[250,178],[259,154],[266,69]]]}},{"type":"Feature","id":"TD.BR","properties":{"hc-group":"admin1","hc-middle-x":0.55,"hc-middle-y":0.58,"hc-key":"td-br","hc-a2":"BR","labelrank":"4","hasc":"TD.BR","alt-name":null,"woe-id":"-2344947","subregion":null,"fips":"CD23","postal-code":"BR","name":"Borkou","country":"Chad","type-en":"Préfecture","region":null,"longitude":"19.4819","woe-name":"Bet","latitude":"18.8249","woe-label":"Borkou-Ennedi-Tibesti, TD, Chad","type":"Préfecture"},"geometry":{"type":"Polygon","coordinates":[[[385,5421],[388,5428],[404,5569],[1669,7772],[1705,7956],[1894,7951],[1973,7967],[2053,8049],[2180,8114],[2560,8241],[2578,8392],[2551,8727],[2678,8825],[3066,8614],[3925,8155],[3353,6979],[3446,6577],[3620,6091],[3619,5857],[3602,5556],[3537,5272],[3697,4803],[3755,4652],[3654,4563],[3537,4535],[3390,4606],[3338,4613],[3249,4623],[3047,4684],[2961,4740],[2933,4843],[2826,4880],[2819,4722],[2768,4581],[2712,4503],[2638,4441],[2543,4393],[2412,4354],[2338,4350],[2201,4384],[2080,4454],[2021,4512],[1924,4633],[1163,5019],[396,5416],[385,5421]]]}},{"type":"Feature","id":"TD.TI","properties":{"hc-group":"admin1","hc-middle-x":0.44,"hc-middle-y":0.30,"hc-key":"td-ti","hc-a2":"TI","labelrank":"4","hasc":"TD.TI","alt-name":null,"woe-id":"-2344947","subregion":null,"fips":"CD26","postal-code":"TI","name":"Tibesti","country":"Chad","type-en":"Préfecture","region":null,"longitude":"16.6178","woe-name":"Bet","latitude":"21.4716","woe-label":"Borkou-Ennedi-Tibesti, TD, Chad","type":"Préfecture"},"geometry":{"type":"Polygon","coordinates":[[[2678,8825],[2551,8727],[2578,8392],[2560,8241],[2180,8114],[2053,8049],[1973,7967],[1894,7951],[1705,7956],[1669,7772],[404,5569],[619,7452],[641,7505],[774,7730],[769,7767],[516,8064],[518,8126],[561,8166],[376,8479],[302,8553],[309,8884],[214,9570],[844,9850],[857,9851],[2678,8825]]]}},{"type":"Feature","id":"TD.EN","properties":{"hc-group":"admin1","hc-middle-x":0.54,"hc-middle-y":0.55,"hc-key":"td-en","hc-a2":"EN","labelrank":"4","hasc":"TD.EN","alt-name":null,"woe-id":"-2344947","subregion":null,"fips":"CD24","postal-code":"EN","name":"Ennedi","country":"Chad","type-en":"Préfecture","region":null,"longitude":"22.1045","woe-name":"Bet","latitude":"18.1286","woe-label":"Borkou-Ennedi-Tibesti, TD, Chad","type":"Préfecture"},"geometry":{"type":"Polygon","coordinates":[[[3654,4563],[3755,4652],[3697,4803],[3537,5272],[3602,5556],[3619,5857],[3620,6091],[3446,6577],[3353,6979],[3925,8155],[5907,7140],[5949,4583],[5924,4563],[5847,4588],[5692,4598],[5514,4550],[5382,4566],[5349,4619],[5275,4642],[5227,4626],[5151,4653],[5005,4636],[4956,4699],[4881,4725],[4811,4720],[4766,4759],[4659,4750],[4596,4722],[4492,4757],[4247,4706],[4185,4683],[4053,4747],[3961,4698],[3883,4622],[3709,4545],[3654,4563]]]}},{"type":"Feature","id":"TD.CG","properties":{"hc-group":"admin1","hc-middle-x":0.51,"hc-middle-y":0.45,"hc-key":"td-cg","hc-a2":"CG","labelrank":"4","hasc":"TD.CG","alt-name":null,"woe-id":"-2344948","subregion":null,"fips":"CD15","postal-code":"CG","name":"Chari-Baguirmi","country":"Chad","type-en":"Prefecture","region":null,"longitude":"16.2095","woe-name":"Hadjer-Lamis","latitude":"11.468","woe-label":"Chari-Baguirmi, TD, Chad","type":"Préfecture"},"geometry":{"type":"Polygon","coordinates":[[[-3,1470],[-1,1581],[19,1614],[23,1698],[75,1775],[33,1864],[62,1946],[18,2028],[45,2075],[19,2133],[75,2155],[65,2199],[18,2214],[1,2169],[-31,2159],[-71,2196],[-69,2266],[42,2270],[172,2295],[200,2323],[267,2280],[328,2271],[363,2298],[473,2324],[582,2315],[650,2334],[706,2396],[1010,2273],[1091,2230],[1111,2153],[1109,2077],[1176,1993],[1182,1896],[1215,1868],[1318,1859],[1405,1775],[1500,1725],[1491,1552],[1516,1372],[1528,1220],[1513,1109],[1671,1025],[1529,588],[1461,600],[1402,654],[1271,673],[1229,716],[1135,736],[1071,777],[1046,863],[1018,889],[935,851],[787,855],[726,937],[715,1026],[738,1222],[646,1260],[593,1252],[475,1278],[412,1337],[344,1358],[322,1416],[282,1434],[269,1489],[209,1527],[135,1538],[80,1494],[-3,1470]]]}},{"type":"Feature","id":"TD.BG","properties":{"hc-group":"admin1","hc-middle-x":0.56,"hc-middle-y":0.50,"hc-key":"td-bg","hc-a2":"BG","labelrank":"4","hasc":"TD.BG","alt-name":null,"woe-id":"-2344950","subregion":null,"fips":"CD22","postal-code":"BG","name":"Barh El Gazel","country":"Chad","type-en":"Prefecture","region":null,"longitude":"16.9496","woe-name":"Kanem","latitude":"14.5304","woe-label":null,"type":"Préfecture"},"geometry":{"type":"Polygon","coordinates":[[[1163,5019],[1924,4633],[2021,4512],[1712,3299],[1511,3240],[1474,3086],[1476,2930],[1427,2845],[1338,2872],[1260,2847],[1223,2859],[1153,2829],[999,2810],[971,2790],[890,2807],[838,2793],[673,2793],[651,2844],[598,2890],[610,2932],[612,3116],[575,3199],[578,3283],[527,3300],[495,3277],[418,3278],[416,3498],[539,3543],[727,3761],[769,3830],[786,3989],[1039,4815],[1163,5019]]]}},{"type":"Feature","id":"TD.SI","properties":{"hc-group":"admin1","hc-middle-x":0.49,"hc-middle-y":0.41,"hc-key":"td-si","hc-a2":"SI","labelrank":"4","hasc":"TD.SI","alt-name":null,"woe-id":"-2344956","subregion":null,"fips":"CD25","postal-code":"SI","name":"Sila","country":"Chad","type-en":"Prefecture","region":null,"longitude":"21.1347","woe-name":"Ouaddaï","latitude":"12.2336","woe-label":"Ouaddai, TD, Chad","type":"Préfecture"},"geometry":{"type":"Polygon","coordinates":[[[4530,2589],[4577,2510],[4615,2485],[4696,2484],[4753,2507],[4793,2556],[4876,2501],[4953,2468],[4905,2367],[4929,2325],[4979,2174],[4964,2075],[5066,2104],[5018,1839],[5034,1775],[5079,1723],[5156,1694],[5182,1649],[5271,1648],[5299,1521],[5237,1325],[5142,1355],[4969,1378],[4905,1346],[4715,1779],[4690,1799],[4540,1848],[4167,1779],[4012,1815],[3674,1984],[3509,2096],[3475,2105],[3301,2100],[3287,2035],[3229,2038],[3207,2112],[3209,2164],[3272,2329],[3388,2451],[3361,2505],[3445,2597],[3420,2635],[3323,2710],[3321,2720],[3492,2754],[3525,2791],[3602,2759],[3778,2759],[3785,2669],[3886,2648],[3893,2538],[3981,2503],[4056,2524],[4151,2510],[4245,2586],[4374,2649],[4530,2589]]]}},{"type":"Feature","id":"TD.MO","properties":{"hc-group":"admin1","hc-middle-x":0.48,"hc-middle-y":0.42,"hc-key":"td-mo","hc-a2":"MO","labelrank":"4","hasc":"TD.MO","alt-name":null,"woe-id":"-56013482","subregion":null,"fips":"CD17","postal-code":"MO","name":"Moyen-Chari","country":"Chad","type-en":"Prefecture","region":null,"longitude":"18.4827","woe-name":"Mandoul","latitude":"9.0852","woe-label":null,"type":"Préfecture"},"geometry":{"type":"Polygon","coordinates":[[[2088,-632],[2057,-502],[2059,-390],[2032,-294],[1994,-256],[1978,-183],[1984,-102],[1934,-70],[1953,36],[2019,45],[2057,82],[2072,158],[1973,167],[1839,230],[1785,341],[1726,340],[1696,412],[1667,432],[1682,483],[1595,560],[1529,588],[1671,1025],[1868,1030],[1933,970],[2058,933],[2160,874],[2221,864],[2281,831],[2318,779],[2388,719],[2383,648],[2444,615],[2495,631],[2522,703],[2651,708],[2763,796],[2786,843],[2854,903],[2879,986],[2950,1041],[3011,1036],[3095,1119],[3059,944],[3082,853],[3039,745],[3088,652],[3275,67],[3079,34],[2897,26],[2825,45],[2716,37],[2648,6],[2560,-65],[2600,-111],[2680,-146],[2730,-194],[2592,-357],[2519,-462],[2425,-508],[2368,-616],[2313,-627],[2088,-632]]]}},{"type":"Feature","id":"TD.HD","properties":{"hc-group":"admin1","hc-middle-x":0.30,"hc-middle-y":0.29,"hc-key":"td-hd","hc-a2":"HD","labelrank":"4","hasc":"TD.HD","alt-name":null,"woe-id":"-2344948","subregion":null,"fips":"CD18","postal-code":"HD","name":"Hadjer-Lamis","country":"Chad","type-en":"Prefecture","region":null,"longitude":"15.8235","woe-name":"Hadjer-Lamis","latitude":"12.7695","woe-label":"Chari-Baguirmi, TD, Chad","type":"Préfecture"},"geometry":{"type":"Polygon","coordinates":[[[-69,2266],[-65,2319],[-120,2532],[-153,2529],[-187,2577],[-252,2618],[-274,2609],[-335,2706],[-326,2766],[-206,2781],[16,2777],[36,2845],[14,2952],[123,2913],[188,2840],[262,2895],[214,2934],[159,3017],[251,3045],[305,2985],[384,2947],[526,2880],[598,2890],[651,2844],[673,2793],[838,2793],[890,2807],[971,2790],[999,2810],[1153,2829],[1223,2859],[1260,2847],[1338,2872],[1427,2845],[1317,2729],[1302,2682],[1362,2633],[1420,2490],[1467,2432],[1504,2418],[1524,2309],[1582,2246],[1598,2197],[1703,2171],[1676,2009],[1743,1872],[1631,1841],[1500,1725],[1405,1775],[1318,1859],[1215,1868],[1182,1896],[1176,1993],[1109,2077],[1111,2153],[1091,2230],[1010,2273],[706,2396],[650,2334],[582,2315],[473,2324],[363,2298],[328,2271],[267,2280],[200,2323],[172,2295],[42,2270],[-69,2266]]]}},{"type":"Feature","id":"TD.KM","properties":{"hc-group":"admin1","hc-middle-x":0.57,"hc-middle-y":0.43,"hc-key":"td-km","hc-a2":"KM","labelrank":"4","hasc":"TD.KM","alt-name":null,"woe-id":"2344950","subregion":null,"fips":"CD06","postal-code":"KM","name":"Kanem","country":"Chad","type-en":"Prefecture","region":null,"longitude":"15.8001","woe-name":"Kanem","latitude":"15.2641","woe-label":null,"type":"Préfecture"},"geometry":{"type":"Polygon","coordinates":[[[598,2890],[526,2880],[384,2947],[269,3280],[161,3282],[-38,3238],[-118,3235],[-215,3399],[-322,3535],[-401,3558],[-538,3684],[-549,3734],[-664,3792],[-774,3802],[-798,3828],[-890,3834],[-857,3854],[-862,3916],[-782,3968],[-782,4068],[-730,4171],[-360,4657],[374,5401],[385,5421],[396,5416],[1163,5019],[1039,4815],[786,3989],[769,3830],[727,3761],[539,3543],[416,3498],[418,3278],[495,3277],[527,3300],[578,3283],[575,3199],[612,3116],[610,2932],[598,2890]]]}},{"type":"Feature","id":"TD.LC","properties":{"hc-group":"admin1","hc-middle-x":0.35,"hc-middle-y":0.53,"hc-key":"td-lc","hc-a2":"LC","labelrank":"4","hasc":"TD.LC","alt-name":null,"woe-id":"2344951","subregion":null,"fips":"CD07","postal-code":"LC","name":"Lac","country":"Chad","type-en":"Prefecture","region":null,"longitude":"14.6744","woe-name":"Lac","latitude":"13.431","woe-label":null,"type":"Préfecture"},"geometry":{"type":"Polygon","coordinates":[[[384,2947],[305,2985],[251,3045],[159,3017],[214,2934],[262,2895],[188,2840],[123,2913],[14,2952],[36,2845],[16,2777],[-206,2781],[-147,2826],[-207,2887],[-298,2955],[-455,2899],[-424,2841],[-616,2844],[-908,3280],[-980,3661],[-999,3744],[-975,3813],[-890,3834],[-798,3828],[-774,3802],[-664,3792],[-549,3734],[-538,3684],[-401,3558],[-322,3535],[-215,3399],[-118,3235],[-38,3238],[161,3282],[269,3280],[384,2947]]]}},{"type":"Feature","id":"TD.BI","properties":{"hc-group":"admin1","hc-middle-x":0.50,"hc-middle-y":0.45,"hc-key":"td-bi","hc-a2":"BI","labelrank":"4","hasc":"TD.BI","alt-name":"Biltine","woe-id":"2344946","subregion":null,"fips":"CD02","postal-code":"BI","name":"Wadi Fira","country":"Chad","type-en":"Prefecture","region":null,"longitude":"21.5596","woe-name":"Wadi Fira","latitude":"15.0457","woe-label":"Wadi Fira, TD, Chad","type":"Préfecture"},"geometry":{"type":"Polygon","coordinates":[[[5382,4566],[5256,4468],[5244,4412],[5284,4361],[5284,4238],[5245,4163],[5208,4145],[5137,4072],[5122,4017],[5079,3961],[5090,3870],[4958,3833],[4891,3775],[4932,3726],[4950,3641],[4944,3576],[5004,3557],[5004,3491],[4814,3390],[4773,3353],[4745,3350],[4681,3406],[4457,3480],[4280,3507],[4213,3501],[4146,3468],[4104,3473],[3965,3543],[3890,3645],[3819,3683],[3702,3722],[3624,3702],[3524,3704],[3437,3626],[3333,3511],[3338,4613],[3390,4606],[3537,4535],[3654,4563],[3709,4545],[3883,4622],[3961,4698],[4053,4747],[4185,4683],[4247,4706],[4492,4757],[4596,4722],[4659,4750],[4766,4759],[4811,4720],[4881,4725],[4956,4699],[5005,4636],[5151,4653],[5227,4626],[5275,4642],[5349,4619],[5382,4566]]]}},{"type":"Feature","id":"TD.BA","properties":{"hc-group":"admin1","hc-middle-x":0.55,"hc-middle-y":0.54,"hc-key":"td-ba","hc-a2":"BA","labelrank":"4","hasc":"TD.BA","alt-name":null,"woe-id":"2344945","subregion":null,"fips":"CD01","postal-code":"BA","name":"Batha","country":"Chad","type-en":"Prefecture","region":null,"longitude":"18.6222","woe-name":"Batha","latitude":"14.0823","woe-label":null,"type":"Préfecture"},"geometry":{"type":"Polygon","coordinates":[[[3338,4613],[3333,3511],[3332,3413],[3490,3328],[3485,3182],[3519,3110],[3517,3001],[3532,2880],[3525,2791],[3492,2754],[3321,2720],[3323,2710],[3135,2768],[2978,2700],[2776,2581],[2719,2562],[2315,2581],[2290,2577],[2049,2448],[1981,2387],[1882,2374],[1706,2226],[1703,2171],[1598,2197],[1582,2246],[1524,2309],[1504,2418],[1467,2432],[1420,2490],[1362,2633],[1302,2682],[1317,2729],[1427,2845],[1476,2930],[1474,3086],[1511,3240],[1712,3299],[2021,4512],[2080,4454],[2201,4384],[2338,4350],[2412,4354],[2543,4393],[2638,4441],[2712,4503],[2768,4581],[2819,4722],[2826,4880],[2933,4843],[2961,4740],[3047,4684],[3249,4623],[3338,4613]]]}},{"type":"Feature","id":"TD.GR","properties":{"hc-group":"admin1","hc-middle-x":0.37,"hc-middle-y":0.49,"hc-key":"td-gr","hc-a2":"GR","labelrank":"4","hasc":"TD.GR","alt-name":"Guera|Baguirmi","woe-id":"2344949","subregion":null,"fips":"CD05","postal-code":"GR","name":"Guéra","country":"Chad","type-en":"Prefecture","region":null,"longitude":"18.0946","woe-name":"Guéra","latitude":"11.3122","woe-label":"Guera, TD, Chad","type":"Préfecture"},"geometry":{"type":"Polygon","coordinates":[[[1500,1725],[1631,1841],[1743,1872],[1676,2009],[1703,2171],[1706,2226],[1882,2374],[1981,2387],[2049,2448],[2290,2577],[2315,2581],[2719,2562],[2776,2581],[2978,2700],[3135,2768],[3323,2710],[3420,2635],[3445,2597],[3361,2505],[3388,2451],[3272,2329],[3209,2164],[3207,2112],[3089,2120],[2921,2162],[2807,2055],[2852,1980],[2851,1950],[2787,1835],[2694,1797],[2657,1859],[2569,1841],[2555,1644],[2563,1618],[2745,1506],[3079,1370],[3102,1307],[3108,1178],[3095,1119],[3011,1036],[2950,1041],[2879,986],[2854,903],[2786,843],[2763,796],[2651,708],[2522,703],[2495,631],[2444,615],[2383,648],[2388,719],[2318,779],[2281,831],[2221,864],[2160,874],[2058,933],[1933,970],[1868,1030],[1671,1025],[1513,1109],[1528,1220],[1516,1372],[1491,1552],[1500,1725]]]}},{"type":"Feature","id":"TD.OA","properties":{"hc-group":"admin1","hc-middle-x":0.52,"hc-middle-y":0.57,"hc-key":"td-oa","hc-a2":"OA","labelrank":"4","hasc":"TD.OA","alt-name":"Ouaddai|Ouadaï","woe-id":"2344956","subregion":null,"fips":"CD12","postal-code":"OA","name":"Ouaddaï","country":"Chad","type-en":"Prefecture","region":null,"longitude":"21.1068","woe-name":"Ouaddaï","latitude":"13.4714","woe-label":"Ouaddai, TD, Chad","type":"Préfecture"},"geometry":{"type":"Polygon","coordinates":[[[3525,2791],[3532,2880],[3517,3001],[3519,3110],[3485,3182],[3490,3328],[3332,3413],[3333,3511],[3437,3626],[3524,3704],[3624,3702],[3702,3722],[3819,3683],[3890,3645],[3965,3543],[4104,3473],[4146,3468],[4213,3501],[4280,3507],[4457,3480],[4681,3406],[4745,3350],[4773,3353],[4703,3251],[4742,3162],[4784,3123],[4795,3058],[4838,2985],[4833,2957],[4748,2861],[4666,2824],[4613,2769],[4530,2589],[4374,2649],[4245,2586],[4151,2510],[4056,2524],[3981,2503],[3893,2538],[3886,2648],[3785,2669],[3778,2759],[3602,2759],[3525,2791]]]}},{"type":"Feature","id":"TD.LR","properties":{"hc-group":"admin1","hc-middle-x":0.56,"hc-middle-y":0.57,"hc-key":"td-lr","hc-a2":"LR","labelrank":"4","hasc":"TD.LR","alt-name":"Logone-Oriental","woe-id":"2344953","subregion":null,"fips":"CD09","postal-code":"LR","name":"Logone Oriental","country":"Chad","type-en":"Prefecture","region":null,"longitude":"16.23","woe-name":"Logone Oriental","latitude":"8.125590000000001","woe-label":null,"type":"Préfecture"},"geometry":{"type":"Polygon","coordinates":[[[1451,-770],[1371,-853],[1212,-888],[1194,-927],[1135,-944],[1096,-891],[1039,-862],[1026,-802],[989,-776],[989,-725],[893,-774],[867,-858],[807,-866],[756,-897],[633,-921],[564,-980],[475,-999],[390,-958],[263,-952],[310,-880],[321,-770],[239,-737],[177,-535],[88,-339],[100,-334],[131,-322],[237,-387],[271,-392],[334,-454],[443,-411],[499,-415],[550,-334],[722,-229],[871,-196],[901,-157],[972,-126],[1029,-40],[922,129],[1012,133],[1247,63],[1373,84],[1386,34],[1379,-110],[1322,-212],[1465,-445],[1405,-536],[1357,-559],[1451,-770]]]}},{"type":"Feature","id":"TD.ME","properties":{"hc-group":"admin1","hc-middle-x":0.63,"hc-middle-y":0.42,"hc-key":"td-me","hc-a2":"ME","labelrank":"4","hasc":"TD.ME","alt-name":null,"woe-id":"56013483","subregion":null,"fips":"CD16","postal-code":"ME","name":"Mayo-Kebbi Est","country":"Chad","type-en":"Prefecture","region":null,"longitude":"15.4373","woe-name":"Mayo-Kebbi Est","latitude":"9.71626","woe-label":"Mayo-Kebbi Est, TD, Chad","type":"Préfecture"},"geometry":{"type":"Polygon","coordinates":[[[-217,687],[-105,710],[5,701],[38,722],[109,722],[221,684],[423,722],[326,784],[171,944],[117,1064],[64,1089],[73,1158],[18,1274],[29,1345],[1,1412],[-3,1470],[80,1494],[135,1538],[209,1527],[269,1489],[282,1434],[322,1416],[344,1358],[412,1337],[475,1278],[593,1252],[646,1260],[738,1222],[715,1026],[726,937],[787,855],[804,824],[779,692],[742,625],[616,510],[575,543],[521,551],[442,459],[414,388],[304,264],[250,178],[157,219],[17,323],[6,414],[-23,492],[-80,530],[-217,512],[-226,595],[-217,687]]]}},{"type":"Feature","id":"TD.TA","properties":{"hc-group":"admin1","hc-middle-x":0.54,"hc-middle-y":0.48,"hc-key":"td-ta","hc-a2":"TA","labelrank":"4","hasc":"TD.TA","alt-name":"Tandjile","woe-id":"2344958","subregion":null,"fips":"CD14","postal-code":"TA","name":"Tandjilé","country":"Chad","type-en":"Prefecture","region":null,"longitude":"16.4994","woe-name":"Tandjile","latitude":"9.67051","woe-label":null,"type":"Préfecture"},"geometry":{"type":"Polygon","coordinates":[[[1373,84],[1247,63],[1012,133],[922,129],[880,204],[762,145],[724,105],[614,118],[513,67],[463,70],[310,45],[266,69],[259,154],[250,178],[304,264],[414,388],[442,459],[521,551],[575,543],[616,510],[742,625],[779,692],[804,824],[787,855],[935,851],[1018,889],[1046,863],[1071,777],[1135,736],[1229,716],[1271,673],[1402,654],[1461,600],[1529,588],[1595,560],[1682,483],[1667,432],[1616,467],[1478,443],[1440,416],[1446,298],[1352,224],[1424,136],[1373,84]]]}}]}