{"title":"District of Columbia congressional districts","version":"1.1.2","type":"FeatureCollection","copyright":"Copyright (c) 2015 Highsoft AS, Based on data from The United States Census Bureau","copyrightShort":"USA Census Bureau","copyrightUrl":"http://www.census.gov","crs":{"type":"name","properties":{"name":"urn:ogc:def:crs:EPSG:32618"}},"hc-transform":{"default":{"crs":"+proj=utm +zone=18 +datum=WGS84 +units=m +no_defs","scale":0.0316116685619,"jsonres":15.5,"jsonmarginX":-999,"jsonmarginY":9851.0,"xoffset":316267.928583,"yoffset":4318264.05101}},
"features":[{"type":"Feature","id":"US.DC.98","properties":{"hc-group":"special","hc-middle-x":0.49,"hc-middle-y":0.42,"hc-key":"us-dc-98","hc-a2":"DD","geoid":"1198","name":"Delegate District (at Large)"},"geometry":{"type":"MultiPolygon","coordinates":[[[[4022,8190],[7889,4145],[2943,-585],[2786,287],[3057,1196],[3223,1652],[3315,2145],[3168,2529],[2911,3150],[2489,3553],[1923,4028],[1492,4623],[1145,4787],[1209,4584],[1167,4655],[93,5019],[-999,6599],[2420,9851],[4022,8190]]],[[[2281,-999],[2302,-791],[2291,-988],[2281,-999]]],[[[2536,1591],[2587,2104],[2586,1671],[2536,1591]]],[[[2566,2254],[1637,3849],[1822,3637],[2095,3364],[2350,2928],[2514,2527],[2566,2254]]]]}}]}