{"title":"Grenada","version":"1.1.2","type":"FeatureCollection","copyright":"Copyright (c) 2015 Highsoft AS, Based on data from Natural Earth","copyrightShort":"Natural Earth","copyrightUrl":"http://www.naturalearthdata.com","crs":{"type":"name","properties":{"name":"urn:ogc:def:crs:EPSG:2003"}},"hc-transform":{"default":{"crs":"+proj=tmerc +lat_0=0 +lon_0=-62 +k=0.9995000000000001 +x_0=400000 +y_0=0 +ellps=clrk80 +towgs84=72,213.7,93,0,0,0,0 +units=m +no_defs","scale":0.0120054171408,"jsonres":15.5,"jsonmarginX":-999,"jsonmarginY":9851.0,"xoffset":422637.278998,"yoffset":1384959.02038}},
"features":[{"type":"Feature","id":"GD.6584","properties":{"hc-group":"admin1","hc-middle-x":0.38,"hc-middle-y":0.61,"hc-key":"gd-6584","hc-a2":"CA","labelrank":"20","hasc":"GD.CA","alt-name":"Southern Grenadine Islands","woe-id":"-2345478","subregion":null,"fips":null,"postal-code":null,"name":"Carriacou and Petite Martinique","country":"Grenada","type-en":"Dependency","region":null,"longitude":"-61.4461","woe-name":null,"latitude":"12.4733","woe-label":null,"type":"Dependency"},"geometry":{"type":"MultiPolygon","coordinates":[[[[7214,9657],[7130,9413],[7036,9438],[6947,9503],[6916,9607],[7214,9657]]],[[[6417,9140],[6335,8733],[6323,8306],[5967,8411],[5625,8315],[5288,8141],[4945,8010],[5014,8135],[5150,8460],[5218,8585],[5156,8595],[4944,8585],[4973,8667],[5092,8866],[5529,8735],[5790,9090],[6009,9579],[6320,9851],[6451,9515],[6417,9140]]]]}},{"type":"Feature","id":"GD.3660","properties":{"hc-group":"admin1","hc-middle-x":0.47,"hc-middle-y":0.77,"hc-key":"gd-3660","hc-a2":"SP","labelrank":"20","hasc":"GD.PA","alt-name":null,"woe-id":"2345478","subregion":null,"fips":"GJ06","postal-code":null,"name":"Saint Patrick","country":"Grenada","type-en":"Parish","region":null,"longitude":"-61.6342","woe-name":"Saint Patrick","latitude":"12.2147","woe-label":"Saint Patrick, GD, Grenada","type":"Parish"},"geometry":{"type":"MultiPolygon","coordinates":[[[[3197,5136],[3083,4907],[3033,4930],[2938,5005],[2839,5068],[2855,5112],[2969,5266],[3016,5384],[3106,5434],[3246,5356],[3151,5257],[3197,5136]]],[[[1191,3538],[1407,3800],[1831,3876],[2293,3815],[2731,3541],[2718,3477],[2592,3357],[2762,3008],[2798,2709],[2790,2581],[2222,2631],[1722,2630],[1655,3053],[1455,3340],[1191,3538]]]]}},{"type":"Feature","id":"GD.6583","properties":{"hc-group":"admin1","hc-middle-x":0.53,"hc-middle-y":0.45,"hc-key":"gd-6583","hc-a2":"SA","labelrank":"20","hasc":"GD.AN","alt-name":null,"woe-id":"2345473","subregion":null,"fips":"GJ01","postal-code":null,"name":"Saint Andrew","country":"Grenada","type-en":"Parish","region":null,"longitude":"-61.6329","woe-name":"Saint Andrew","latitude":"12.1224","woe-label":"Saint Andrew, GD, Grenada","type":"Parish"},"geometry":{"type":"Polygon","coordinates":[[[2790,2581],[2728,1697],[2680,1553],[2591,1411],[2456,1096],[2463,935],[2577,599],[2526,535],[2421,486],[2362,365],[1991,650],[1675,785],[1308,683],[1208,819],[1108,1225],[1074,1445],[1307,1732],[1589,2207],[1722,2630],[2222,2631],[2790,2581]]]}},{"type":"Feature","id":"GD.6582","properties":{"hc-group":"admin1","hc-middle-x":0.39,"hc-middle-y":0.46,"hc-key":"gd-6582","hc-a2":"SD","labelrank":"20","hasc":"GD.DA","alt-name":null,"woe-id":"2345474","subregion":null,"fips":"GJ02","postal-code":null,"name":"Saint David","country":"Grenada","type-en":"Parish","region":null,"longitude":"-61.6617","woe-name":"Saint David","latitude":"12.055","woe-label":"Saint David, GD, Grenada","type":"Parish"},"geometry":{"type":"Polygon","coordinates":[[[2362,365],[2337,204],[2331,36],[2219,-149],[1352,-603],[1352,-450],[1179,-535],[1060,-451],[910,-214],[909,141],[1042,598],[1308,683],[1675,785],[1991,650],[2362,365]]]}},{"type":"Feature","id":"GD.6581","properties":{"hc-group":"admin1","hc-middle-x":0.62,"hc-middle-y":0.48,"hc-key":"gd-6581","hc-a2":"SG","labelrank":"20","hasc":"GD.GE","alt-name":null,"woe-id":"2345475","subregion":null,"fips":"GJ03","postal-code":null,"name":"Saint George","country":"Grenada","type-en":"Parish","region":null,"longitude":"-61.7226","woe-name":"Saint George","latitude":"12.0681","woe-label":"Saint George, GD, Grenada","type":"Parish"},"geometry":{"type":"Polygon","coordinates":[[[1308,683],[1042,598],[909,141],[910,-214],[1060,-451],[1179,-535],[1050,-651],[967,-805],[937,-999],[748,-964],[566,-908],[394,-830],[234,-733],[25,-916],[-319,-989],[-696,-970],[-999,-887],[-297,-436],[-169,-311],[-97,-10],[-156,231],[-256,467],[-310,749],[-201,1207],[508,1207],[1108,1225],[1208,819],[1308,683]]]}},{"type":"Feature","id":"GD.6580","properties":{"hc-group":"admin1","hc-middle-x":0.48,"hc-middle-y":0.56,"hc-key":"gd-6580","hc-a2":"SJ","labelrank":"20","hasc":"GD.JO","alt-name":null,"woe-id":"2345476","subregion":null,"fips":"GJ04","postal-code":null,"name":"Saint John","country":"Grenada","type-en":"Parish","region":null,"longitude":"-61.7094","woe-name":"Saint John","latitude":"12.1446","woe-label":"Saint John, GD, Grenada","type":"Parish"},"geometry":{"type":"Polygon","coordinates":[[[1589,2207],[1307,1732],[1074,1445],[1108,1225],[508,1207],[-201,1207],[218,2014],[231,2371],[524,2727],[906,2629],[1289,2443],[1589,2207]]]}},{"type":"Feature","id":"GD.6579","properties":{"hc-group":"admin1","hc-middle-x":0.56,"hc-middle-y":0.43,"hc-key":"gd-6579","hc-a2":"SM","labelrank":"20","hasc":"GD.MA","alt-name":null,"woe-id":"2345477","subregion":null,"fips":"GJ05","postal-code":null,"name":"Saint Mark","country":"Grenada","type-en":"Parish","region":null,"longitude":"-61.6749","woe-name":"Saint Mark","latitude":"12.189","woe-label":"Saint Mark, GD, Grenada","type":"Parish"},"geometry":{"type":"Polygon","coordinates":[[[1722,2630],[1589,2207],[1289,2443],[906,2629],[524,2727],[1191,3538],[1455,3340],[1655,3053],[1722,2630]]]}}]}