{"title":"India with Andaman and Nicobar","version":"1.1.2","type":"FeatureCollection","copyright":"Copyright (c) 2015 Highsoft AS, Based on data from Natural Earth","copyrightShort":"Natural Earth","copyrightUrl":"http://www.naturalearthdata.com","crs":{"type":"name","properties":{"name":"urn:ogc:def:crs:EPSG:32644"}},"hc-transform":{"default":{"crs":"+proj=utm +zone=44 +datum=WGS84 +units=m +no_defs","scale":0.000220958400083,"jsonres":15.5,"jsonmarginX":-999,"jsonmarginY":9851.0,"xoffset":-817769.399432,"yoffset":3932692.56248}},
"features":[{"type":"Feature","id":"IN.5390","properties":{"hc-group":"admin1","hc-middle-x":0.54,"hc-middle-y":0.46,"hc-key":"in-5390","hc-a2":"NU","labelrank":"20","hasc":"-99","alt-name":null,"woe-id":"-99","subregion":null,"fips":null,"postal-code":null,"name":null,"country":"India","type-en":null,"region":null,"longitude":"79.0729","woe-name":null,"latitude":"9.19759","woe-label":null,"type":null},"geometry":{"type":"Polygon","coordinates":[[[2791,-133],[2793,-136],[2784,-133],[2786,-131],[2791,-133]]]}},{"type":"Feature","id":"IN.PY","properties":{"hc-group":"admin1","hc-middle-x":0.64,"hc-middle-y":0.81,"hc-key":"in-py","hc-a2":"PY","labelrank":"2","hasc":"IN.PY","alt-name":"Pondicherry|Puduchcheri|Pondichéry","woe-id":"20070459","subregion":null,"fips":"IN22","postal-code":"PY","name":"Puducherry","country":"India","type-en":"Union Territory","region":"South","longitude":"79.7758","woe-name":"Puducherry","latitude":"10.9224","woe-label":"Puducherry, IN, India","type":"Union Territor"},"geometry":{"type":"MultiPolygon","coordinates":[[[[3970,2704],[3944,2714],[3963,2714],[3989,2720],[3970,2704]]],[[[3083,540],[3080,529],[3083,475],[3030,514],[3042,542],[3083,540]]],[[[3085,909],[3074,880],[3071,863],[3030,873],[3024,926],[3085,909]]],[[[1388,964],[1373,953],[1357,956],[1358,986],[1423,1001],[1388,964]]]]}},{"type":"Feature","id":"IN.LD","properties":{"hc-group":"admin1","hc-middle-x":0.60,"hc-middle-y":0.63,"hc-key":"in-ld","hc-a2":"LD","labelrank":"2","hasc":"IN.LD","alt-name":"Íles Laquedives|Laccadive|Minicoy and Amindivi Islands|Laccadives|Lackadiverna|Lakkadiven|Lakkadi","woe-id":"2345748","subregion":null,"fips":"IN14","postal-code":"LD","name":"Lakshadweep","country":"India","type-en":"Union Territory","region":"South","longitude":"72.7811","woe-name":"Lakshadweep","latitude":"11.2249","woe-label":"Lakshadweep, IN, India","type":"Union Territor"},"geometry":{"type":"Polygon","coordinates":[[[509,-461],[496,-462],[511,-453],[520,-442],[509,-461]]]}},{"type":"Feature","id":"IN.AN","properties":{"hc-group":"admin1","hc-middle-x":0.24,"hc-middle-y":0.12,"hc-key":"in-an","hc-a2":"AN","labelrank":"2","hasc":"IN.AN","alt-name":"Andaman & Nicobar Islands|Andaman et Nicobar|Iihas de Andama e Nicobar|Inseln Andamanen und Nikobare","woe-id":"2345739","subregion":null,"fips":"IN01","postal-code":"AN","name":"Andaman and Nicobar","country":"India","type-en":"Union Territory","region":null,"longitude":"93.7895","woe-name":"Andaman and Nicobar","latitude":"6.83654","woe-label":"Andaman and Nicobar Islands, IN, India","type":"Union Territor"},"geometry":{"type":"MultiPolygon","coordinates":[[[[8415,-817],[8446,-894],[8433,-977],[8412,-999],[8364,-904],[8337,-897],[8346,-831],[8415,-817]]],[[[8243,-535],[8252,-567],[8194,-538],[8226,-512],[8243,-535]]],[[[8276,-514],[8267,-492],[8246,-453],[8275,-428],[8276,-514]]],[[[7997,-81],[7958,-88],[7949,-61],[7969,-36],[7997,-81]]],[[[7878,551],[7879,470],[7856,441],[7804,452],[7818,486],[7800,545],[7856,590],[7878,551]]],[[[8031,1071],[8025,1031],[8045,987],[7998,1020],[8031,1071]]],[[[7987,1401],[7956,1375],[7990,1358],[8006,1225],[7987,1186],[7953,1189],[7980,1152],[7974,1100],[7925,1050],[7919,1005],[7943,969],[7936,873],[7894,771],[7872,909],[7845,976],[7877,970],[7879,1071],[7894,1104],[7936,1101],[7905,1160],[7902,1251],[7925,1278],[7905,1332],[7928,1352],[7945,1499],[7935,1534],[7970,1617],[8006,1632],[8016,1569],[7996,1539],[8026,1513],[8007,1424],[7987,1401]]]]}},{"type":"Feature","id":"IN.WB","properties":{"hc-group":"admin1","hc-middle-x":0.50,"hc-middle-y":0.74,"hc-key":"in-wb","hc-a2":"WB","labelrank":"2","hasc":"IN.WB","alt-name":"Bangla|Bengala Occidentale|Bengala Ocidental|Bengale occidental","woe-id":"2345761","subregion":null,"fips":"IN28","postal-code":"WB","name":"West Bengal","country":"India","type-en":"State","region":"East","longitude":"87.7289","woe-name":"West Bengal","latitude":"23.0523","woe-label":"West Bengal, IN, India","type":"State"},"geometry":{"type":"MultiPolygon","coordinates":[[[[6033,4720],[6057,4684],[6046,4631],[6018,4635],[6033,4720]]],[[[5814,4616],[5787,4680],[5739,4689],[5706,4742],[5660,4721],[5638,4773],[5524,4835],[5580,4872],[5531,4931],[5541,4960],[5492,4981],[5482,5009],[5414,5046],[5429,5131],[5320,5136],[5276,5182],[5229,5184],[5207,5220],[5228,5280],[5204,5305],[5263,5318],[5271,5354],[5308,5345],[5340,5297],[5382,5321],[5423,5372],[5541,5410],[5565,5482],[5638,5448],[5694,5464],[5704,5508],[5777,5543],[5775,5572],[5835,5598],[5823,5630],[5853,5650],[5877,5721],[5858,5755],[5903,5756],[5891,5820],[5898,5871],[5860,5945],[5858,5992],[5876,6017],[5841,6063],[5911,6117],[5951,6103],[5940,6170],[5853,6244],[5859,6296],[5907,6351],[6014,6438],[5972,6509],[5936,6503],[5960,6582],[5923,6675],[5884,6715],[5893,6772],[5934,6732],[6021,6716],[6069,6754],[6143,6748],[6177,6731],[6199,6686],[6275,6631],[6358,6649],[6453,6621],[6449,6604],[6539,6610],[6554,6539],[6539,6459],[6484,6401],[6452,6382],[6468,6350],[6452,6316],[6383,6322],[6304,6369],[6287,6445],[6234,6481],[6216,6454],[6270,6411],[6190,6400],[6134,6467],[6042,6516],[6015,6485],[6066,6477],[6019,6380],[5971,6352],[5945,6262],[5966,6212],[6000,6225],[6069,6171],[6111,6115],[6163,6105],[6194,6121],[6225,6055],[6269,6049],[6255,5996],[6141,5999],[6084,5988],[6084,5942],[6049,5870],[6009,5897],[5952,5780],[5996,5725],[6117,5662],[6173,5657],[6215,5632],[6191,5605],[6208,5518],[6167,5493],[6153,5410],[6220,5344],[6237,5344],[6212,5276],[6221,5257],[6309,5240],[6274,5196],[6274,5154],[6312,5111],[6301,5070],[6374,4848],[6372,4766],[6354,4752],[6386,4666],[6357,4637],[6313,4661],[6273,4615],[6243,4667],[6252,4798],[6234,4747],[6205,4612],[6178,4602],[6185,4713],[6160,4687],[6162,4635],[6125,4657],[6090,4607],[6063,4654],[6069,4700],[6046,4758],[6071,4805],[6048,4833],[5986,4708],[5894,4635],[5814,4616]]]]}},{"type":"Feature","id":"IN.OR","properties":{"hc-group":"admin1","hc-middle-x":0.55,"hc-middle-y":0.38,"hc-key":"in-or","hc-a2":"OR","labelrank":"2","hasc":"IN.OR","alt-name":null,"woe-id":"2345755","subregion":null,"fips":"IN21","postal-code":"OR","name":"Orissa","country":"India","type-en":"State","region":"East","longitude":"84.4341","woe-name":"Orissa","latitude":"20.625","woe-label":"Orissa, IN, India","type":"State"},"geometry":{"type":"Polygon","coordinates":[[[5814,4616],[5716,4588],[5669,4557],[5619,4499],[5592,4440],[5596,4405],[5638,4317],[5656,4250],[5579,4187],[5561,4100],[5483,4059],[5450,3981],[5405,4012],[5367,4012],[5441,3974],[5337,3924],[5218,3891],[5113,3851],[5153,3886],[5154,3931],[5116,3941],[5030,3875],[4989,3796],[5025,3792],[5045,3845],[5092,3859],[5073,3815],[5018,3775],[4876,3636],[4845,3652],[4785,3602],[4712,3516],[4656,3506],[4562,3512],[4524,3585],[4502,3558],[4456,3633],[4398,3571],[4343,3579],[4378,3533],[4309,3484],[4282,3490],[4247,3445],[4267,3402],[4252,3350],[4159,3337],[4089,3293],[4092,3324],[4038,3398],[4009,3357],[3988,3274],[3996,3217],[3964,3197],[3892,3216],[3849,3199],[3724,3122],[3657,3125],[3675,3153],[3711,3298],[3782,3334],[3844,3406],[3864,3459],[3925,3483],[3956,3584],[3932,3625],[3934,3725],[3884,3774],[3883,3873],[3807,3928],[3851,3997],[3954,3942],[3977,3896],[4009,3915],[4080,3899],[4079,3871],[4129,3904],[4121,3959],[4092,3954],[4021,3984],[4022,4121],[3993,4169],[3992,4284],[4032,4279],[4070,4321],[4107,4397],[4213,4407],[4253,4383],[4296,4406],[4324,4477],[4353,4469],[4340,4530],[4390,4648],[4419,4659],[4404,4708],[4434,4796],[4571,4892],[4561,4929],[4624,4872],[4721,4853],[4759,4889],[4892,4892],[4947,4924],[4957,4840],[4923,4775],[4967,4775],[5007,4746],[5078,4799],[5169,4768],[5208,4790],[5207,4745],[5253,4751],[5273,4783],[5274,4893],[5255,4933],[5290,4955],[5409,4873],[5451,4877],[5524,4835],[5638,4773],[5660,4721],[5706,4742],[5739,4689],[5787,4680],[5814,4616]]]}},{"type":"Feature","id":"IN.BR","properties":{"hc-group":"admin1","hc-middle-x":0.44,"hc-middle-y":0.59,"hc-key":"in-br","hc-a2":"BR","labelrank":"2","hasc":"IN.BR","alt-name":null,"woe-id":"2345742","subregion":null,"fips":"IN34","postal-code":"BR","name":"Bihar","country":"India","type-en":"State","region":"East","longitude":"85.8134","woe-name":"Bihar","latitude":"25.6853","woe-label":"Bihar, IN, India","type":"State"},"geometry":{"type":"Polygon","coordinates":[[[4481,6753],[4474,6786],[4532,6790],[4556,6816],[4629,6768],[4727,6752],[4755,6705],[4751,6639],[4849,6614],[4882,6573],[4931,6577],[4975,6535],[5080,6583],[5111,6568],[5122,6508],[5160,6479],[5224,6513],[5290,6489],[5317,6500],[5468,6432],[5496,6439],[5577,6500],[5594,6444],[5679,6418],[5697,6444],[5768,6432],[5863,6469],[5901,6435],[5936,6503],[5972,6509],[6014,6438],[5907,6351],[5859,6296],[5853,6244],[5940,6170],[5951,6103],[5911,6117],[5841,6063],[5876,6017],[5858,5992],[5766,6029],[5728,5973],[5688,5969],[5681,5929],[5631,5888],[5614,5745],[5568,5749],[5560,5718],[5512,5737],[5453,5725],[5423,5692],[5406,5639],[5348,5672],[5351,5717],[5304,5717],[5253,5786],[5217,5768],[5159,5793],[5126,5746],[5132,5716],[5086,5688],[5039,5690],[4891,5624],[4833,5679],[4785,5631],[4761,5638],[4721,5604],[4664,5657],[4661,5687],[4589,5676],[4570,5721],[4527,5689],[4450,5674],[4390,5681],[4383,5769],[4331,5807],[4320,5924],[4337,5948],[4514,6063],[4594,6144],[4628,6111],[4657,6116],[4673,6157],[4713,6133],[4751,6152],[4727,6195],[4672,6223],[4633,6219],[4564,6283],[4538,6334],[4604,6355],[4600,6398],[4511,6422],[4571,6490],[4668,6490],[4620,6532],[4617,6577],[4559,6594],[4512,6706],[4481,6753]]]}},{"type":"Feature","id":"IN.SK","properties":{"hc-group":"admin1","hc-middle-x":0.45,"hc-middle-y":0.51,"hc-key":"in-sk","hc-a2":"SK","labelrank":"2","hasc":"IN.SK","alt-name":null,"woe-id":"2345762","subregion":null,"fips":"IN29","postal-code":"SK","name":"Sikkim","country":"India","type-en":"State","region":"East","longitude":"88.4482","woe-name":"Sikkim","latitude":"27.5709","woe-label":"Sikkim, IN, India","type":"State"},"geometry":{"type":"Polygon","coordinates":[[[5893,6772],[5894,6865],[5934,6975],[5915,7040],[6003,7058],[6079,7110],[6151,7072],[6167,7016],[6136,6899],[6151,6848],[6193,6815],[6143,6748],[6069,6754],[6021,6716],[5934,6732],[5893,6772]]]}},{"type":"Feature","id":"IN.CT","properties":{"hc-group":"admin1","hc-middle-x":0.51,"hc-middle-y":0.34,"hc-key":"in-ct","hc-a2":"CT","labelrank":"2","hasc":"IN.CT","alt-name":null,"woe-id":"20070464","subregion":null,"fips":"IN37","postal-code":"CT","name":"Chhattisgarh","country":"India","type-en":"State","region":"Central","longitude":"82.3069","woe-name":"Chhattisgarh","latitude":"21.8044","woe-label":"Chhattisgarh, IN, India","type":"State"},"geometry":{"type":"Polygon","coordinates":[[[4561,4929],[4571,4892],[4434,4796],[4404,4708],[4419,4659],[4390,4648],[4340,4530],[4353,4469],[4324,4477],[4296,4406],[4253,4383],[4213,4407],[4107,4397],[4070,4321],[4032,4279],[3992,4284],[3993,4169],[4022,4121],[4021,3984],[4092,3954],[4121,3959],[4129,3904],[4079,3871],[4080,3899],[4009,3915],[3977,3896],[3954,3942],[3851,3997],[3807,3928],[3883,3873],[3884,3774],[3934,3725],[3932,3625],[3956,3584],[3925,3483],[3864,3459],[3844,3406],[3782,3334],[3711,3298],[3675,3153],[3657,3125],[3568,3136],[3530,3113],[3509,3138],[3492,3231],[3432,3286],[3404,3355],[3334,3426],[3280,3423],[3251,3469],[3278,3521],[3252,3570],[3300,3672],[3362,3726],[3415,3677],[3454,3708],[3476,3761],[3411,3802],[3348,3885],[3324,3868],[3308,3916],[3346,3926],[3346,4007],[3309,4012],[3308,4045],[3379,4080],[3379,4184],[3335,4182],[3362,4221],[3355,4305],[3313,4335],[3331,4399],[3381,4427],[3400,4468],[3415,4515],[3419,4606],[3457,4656],[3456,4696],[3486,4751],[3506,4734],[3522,4788],[3556,4826],[3577,4896],[3636,4903],[3661,4880],[3740,4923],[3784,4967],[3791,5038],[3844,5074],[3846,5111],[3910,5131],[3931,5204],[3861,5246],[3839,5282],[3774,5300],[3739,5277],[3721,5306],[3754,5356],[3730,5423],[3786,5398],[3841,5413],[3890,5399],[4049,5390],[4130,5449],[4142,5476],[4199,5445],[4283,5457],[4328,5532],[4392,5505],[4405,5456],[4455,5413],[4486,5325],[4530,5318],[4554,5348],[4568,5314],[4546,5244],[4570,5249],[4576,5160],[4608,5104],[4684,5095],[4692,5063],[4637,4992],[4561,4929]]]}},{"type":"Feature","id":"IN.TN","properties":{"hc-group":"admin1","hc-middle-x":0.59,"hc-middle-y":0.41,"hc-key":"in-tn","hc-a2":"TN","labelrank":"2","hasc":"IN.","alt-name":null,"woe-id":"2345758","subregion":null,"fips":"IN22","postal-code":"TN","name":"Tamil Nadu","country":"India","type-en":"State","region":"South","longitude":"78.2704","woe-name":"Tamil Nadu","latitude":"11.0159","woe-label":"Tamil Nadu, IN, India","type":"State"},"geometry":{"type":"Polygon","coordinates":[[[3085,909],[3024,926],[3030,873],[3071,863],[3048,766],[3061,709],[3027,663],[3078,677],[3083,540],[3042,542],[3030,514],[3083,475],[3083,276],[2984,299],[2913,292],[2852,233],[2868,183],[2839,159],[2755,44],[2730,-29],[2777,-89],[2856,-100],[2882,-87],[2921,-149],[2872,-114],[2745,-104],[2618,-155],[2554,-163],[2475,-220],[2427,-336],[2431,-401],[2406,-444],[2197,-555],[2123,-535],[2046,-474],[2067,-466],[2111,-383],[2074,-319],[2101,-257],[2069,-203],[2104,-157],[2160,-14],[2138,16],[2081,29],[2109,162],[2096,198],[2117,256],[2085,310],[2008,265],[1954,296],[1947,418],[1974,474],[1948,510],[1900,533],[1929,578],[1883,638],[1808,641],[1847,687],[1797,726],[1740,742],[1735,790],[1772,785],[1801,813],[1845,828],[1851,804],[1953,795],[1986,861],[2020,870],[2051,843],[2118,865],[2183,862],[2204,906],[2272,922],[2309,978],[2272,1010],[2207,1012],[2256,1115],[2237,1146],[2253,1188],[2287,1191],[2325,1257],[2420,1252],[2484,1219],[2554,1170],[2615,1224],[2639,1305],[2666,1328],[2751,1343],[2831,1324],[2865,1362],[2928,1389],[2936,1428],[3020,1416],[3063,1390],[3075,1417],[3180,1480],[3240,1482],[3257,1472],[3246,1499],[3247,1499],[3250,1504],[3257,1472],[3265,1467],[3267,1379],[3249,1330],[3227,1181],[3200,1106],[3090,935],[3085,909]]]}},{"type":"Feature","id":"IN.MP","properties":{"hc-group":"admin1","hc-middle-x":0.49,"hc-middle-y":0.66,"hc-key":"in-mp","hc-a2":"MP","labelrank":"2","hasc":"IN.MP","alt-name":null,"woe-id":"2345749","subregion":null,"fips":"IN35","postal-code":"MP","name":"Madhya Pradesh","country":"India","type-en":"State","region":"Central","longitude":"78.42140000000001","woe-name":"Madhya Pradesh","latitude":"22.9404","woe-label":"Madhya Pradesh, IN, India","type":"State"},"geometry":{"type":"Polygon","coordinates":[[[4142,5476],[4130,5449],[4049,5390],[3890,5399],[3841,5413],[3786,5398],[3730,5423],[3754,5356],[3721,5306],[3739,5277],[3774,5300],[3839,5282],[3861,5246],[3931,5204],[3910,5131],[3846,5111],[3844,5074],[3791,5038],[3784,4967],[3740,4923],[3661,4880],[3636,4903],[3577,4896],[3556,4826],[3522,4788],[3506,4734],[3486,4751],[3456,4696],[3457,4656],[3419,4606],[3415,4515],[3400,4468],[3305,4484],[3305,4513],[3226,4578],[3161,4544],[3103,4539],[3088,4560],[3000,4546],[2952,4599],[2891,4609],[2882,4587],[2777,4557],[2771,4533],[2697,4521],[2602,4535],[2580,4580],[2459,4511],[2347,4491],[2268,4498],[2248,4539],[2292,4554],[2292,4613],[2260,4641],[2215,4644],[2174,4617],[2138,4627],[2022,4574],[1997,4512],[1962,4486],[1954,4433],[1890,4399],[1800,4394],[1767,4502],[1694,4516],[1572,4510],[1492,4516],[1428,4540],[1401,4586],[1347,4610],[1281,4612],[1213,4659],[1207,4743],[1180,4773],[1107,4739],[1080,4751],[1086,4796],[1064,4845],[1067,4901],[1121,4901],[1053,4953],[1101,4965],[1180,5013],[1211,5070],[1180,5099],[1168,5161],[1222,5168],[1308,5209],[1246,5239],[1260,5283],[1351,5330],[1395,5399],[1388,5479],[1411,5530],[1380,5609],[1333,5620],[1375,5685],[1330,5721],[1358,5775],[1421,5782],[1426,5817],[1378,5823],[1376,5875],[1429,5846],[1466,5854],[1485,5911],[1551,5915],[1540,5850],[1504,5855],[1504,5790],[1589,5778],[1698,5802],[1734,5701],[1684,5668],[1706,5622],[1686,5579],[1705,5551],[1677,5507],[1610,5525],[1592,5487],[1628,5439],[1663,5429],[1691,5462],[1761,5487],[1771,5523],[1813,5553],[1822,5627],[1855,5606],[1933,5599],[1963,5579],[2001,5613],[2040,5556],[2085,5585],[2059,5631],[2059,5705],[2092,5682],[2147,5705],[2117,5773],[2053,5813],[2089,5834],[2083,5886],[2197,5919],[2250,5912],[2271,5949],[2249,6037],[2197,6000],[2105,5990],[2015,6020],[1982,6052],[1960,6151],[1985,6199],[2048,6223],[2112,6290],[2217,6342],[2257,6382],[2294,6390],[2433,6463],[2458,6496],[2519,6501],[2527,6544],[2561,6554],[2620,6563],[2684,6527],[2735,6541],[2808,6505],[2851,6371],[2818,6342],[2813,6278],[2762,6177],[2738,6158],[2728,6096],[2609,6070],[2571,6017],[2605,5931],[2594,5869],[2534,5811],[2565,5745],[2553,5684],[2594,5636],[2605,5595],[2642,5636],[2746,5561],[2812,5655],[2771,5720],[2728,5720],[2729,5788],[2698,5845],[2689,5911],[2657,5961],[2686,6016],[2734,5992],[2732,6046],[2757,6020],[2792,6061],[2808,6025],[2786,5924],[2839,5956],[2832,5923],[2917,5918],[2926,5954],[2971,5952],[2941,5911],[2959,5883],[3011,5921],[3122,5911],[3118,5947],[3236,6009],[3267,6009],[3315,5921],[3268,5858],[3347,5867],[3327,5896],[3369,5908],[3392,5878],[3406,5911],[3465,5923],[3438,5841],[3516,5839],[3548,5817],[3578,5841],[3598,5916],[3699,5928],[3716,5882],[3797,5866],[3819,5823],[3953,5772],[3967,5714],[4009,5747],[4128,5730],[4116,5685],[4128,5623],[4117,5557],[4096,5544],[4142,5476]]]}},{"type":"Feature","id":"IN.2984","properties":{"hc-group":"admin1","hc-middle-x":0.51,"hc-middle-y":0.30,"hc-key":"in-2984","hc-a2":"GU","labelrank":"2","hasc":"IN.","alt-name":null,"woe-id":"2345743","subregion":null,"fips":"IN32","postal-code":null,"name":"Gujarat","country":"India","type-en":null,"region":"West","longitude":"71.3013","woe-name":"Gujarat","latitude":"22.7501","woe-label":"Gujarat, IN, India","type":null},"geometry":{"type":"Polygon","coordinates":[[[1168,5161],[1180,5099],[1211,5070],[1180,5013],[1101,4965],[1053,4953],[1121,4901],[1067,4901],[1064,4845],[1086,4796],[1080,4751],[964,4712],[968,4641],[940,4627],[963,4587],[1026,4602],[1131,4581],[1010,4541],[994,4502],[951,4500],[911,4442],[970,4382],[982,4306],[937,4243],[878,4230],[817,4291],[785,4264],[816,4223],[778,4160],[775,4087],[742,4094],[703,4066],[671,4153],[608,4111],[624,4075],[560,4067],[537,4058],[555,4137],[582,4173],[606,4177],[595,4207],[618,4306],[609,4370],[554,4441],[564,4488],[524,4516],[511,4562],[533,4600],[647,4670],[536,4676],[507,4688],[544,4783],[501,4789],[520,4857],[554,4876],[593,4856],[630,4883],[526,4905],[468,4897],[473,4941],[437,4890],[434,4832],[368,4800],[380,4744],[321,4754],[326,4722],[378,4726],[421,4670],[398,4605],[345,4544],[343,4502],[105,4393],[-63,4347],[-72,4348],[-76,4337],[-124,4337],[-229,4385],[-300,4435],[-394,4527],[-474,4643],[-536,4718],[-680,4870],[-761,4998],[-747,5040],[-665,5031],[-666,4983],[-566,5003],[-541,5042],[-519,5003],[-474,5047],[-455,5024],[-390,5062],[-312,5067],[-233,5193],[-175,5235],[-194,5277],[-220,5256],[-223,5208],[-280,5234],[-292,5216],[-427,5190],[-472,5150],[-639,5200],[-766,5280],[-847,5353],[-849,5406],[-910,5458],[-885,5482],[-902,5529],[-754,5612],[-822,5600],[-906,5556],[-939,5515],[-999,5526],[-955,5547],[-990,5582],[-981,5619],[-889,5658],[-785,5648],[-774,5773],[-715,5779],[-691,5753],[-578,5754],[-479,5743],[-444,5706],[-338,5688],[-286,5738],[-138,5773],[-128,5719],[-61,5692],[-0,5738],[59,5753],[24,5776],[19,5822],[58,5861],[125,5835],[229,5847],[369,5828],[406,5843],[530,5762],[538,5730],[577,5755],[641,5703],[703,5692],[732,5740],[760,5745],[777,5678],[754,5628],[808,5553],[848,5585],[869,5521],[844,5463],[930,5381],[930,5326],[995,5321],[1019,5283],[1045,5290],[1138,5208],[1168,5161]]]}},{"type":"Feature","id":"IN.GA","properties":{"hc-group":"admin1","hc-middle-x":0.60,"hc-middle-y":0.47,"hc-key":"in-ga","hc-a2":"GA","labelrank":"2","hasc":"IN.GA","alt-name":"Gôa","woe-id":"2345764","subregion":null,"fips":"IN08","postal-code":"GA","name":"Goa","country":"India","type-en":"State","region":"West","longitude":"73.99509999999999","woe-name":"Goa","latitude":"15.3133","woe-label":"Goa, IN, India","type":"State"},"geometry":{"type":"Polygon","coordinates":[[[964,2059],[900,2134],[914,2165],[895,2235],[861,2276],[830,2382],[877,2403],[918,2344],[976,2346],[1023,2340],[1045,2203],[1020,2083],[964,2059]]]}},{"type":"Feature","id":"IN.NL","properties":{"hc-group":"admin1","hc-middle-x":0.63,"hc-middle-y":0.55,"hc-key":"in-nl","hc-a2":"NL","labelrank":"2","hasc":"IN.NL","alt-name":null,"woe-id":"2345754","subregion":null,"fips":"IN20","postal-code":"NL","name":"Nagaland","country":"India","type-en":"State","region":"Northeast","longitude":"94.5664","woe-name":"Nagaland","latitude":"26.1094","woe-label":"Nagaland, IN, India","type":"State"},"geometry":{"type":"Polygon","coordinates":[[[8400,6753],[8358,6731],[8336,6678],[8348,6591],[8393,6518],[8346,6463],[8356,6392],[8281,6288],[8243,6266],[8200,6288],[8206,6356],[8126,6280],[8086,6269],[8020,6285],[7943,6274],[7948,6236],[7886,6137],[7828,6169],[7828,6169],[7828,6169],[7828,6181],[7828,6199],[7819,6210],[7780,6256],[7928,6427],[7923,6383],[7966,6398],[7992,6435],[7989,6528],[8041,6606],[8065,6680],[8098,6661],[8135,6735],[8203,6767],[8273,6857],[8313,6855],[8359,6899],[8375,6836],[8400,6753]]]}},{"type":"Feature","id":"IN.MN","properties":{"hc-group":"admin1","hc-middle-x":0.45,"hc-middle-y":0.61,"hc-key":"in-mn","hc-a2":"MN","labelrank":"2","hasc":"IN.MN","alt-name":null,"woe-id":"2345751","subregion":null,"fips":"IN17","postal-code":"MN","name":"Manipur","country":"India","type-en":"State","region":"Northeast","longitude":"93.84569999999999","woe-name":"Manipur","latitude":"24.7442","woe-label":"Manipur, IN, India","type":"State"},"geometry":{"type":"Polygon","coordinates":[[[7828,6169],[7886,6137],[7948,6236],[7943,6274],[8020,6285],[8086,6269],[8126,6280],[8206,6356],[8200,6288],[8243,6266],[8216,6185],[8269,6149],[8280,6106],[8249,5994],[8225,5975],[8160,5817],[8137,5690],[8110,5628],[8071,5653],[8002,5654],[7931,5676],[7878,5652],[7843,5695],[7821,5676],[7751,5674],[7710,5690],[7708,5807],[7731,5878],[7731,5969],[7754,5971],[7811,6141],[7828,6169],[7828,6169],[7828,6169]]]}},{"type":"Feature","id":"IN.AR","properties":{"hc-group":"admin1","hc-middle-x":0.52,"hc-middle-y":0.39,"hc-key":"in-ar","hc-a2":"AR","labelrank":"2","hasc":"IN.AR","alt-name":"Agence de la Frontisre du Nord-Est(French-obsolete)|North East Frontier Agency","woe-id":"2345763","subregion":null,"fips":"IN30","postal-code":"AR","name":"Arunachal Pradesh","country":"India","type-en":"State","region":"Northeast","longitude":"94.46729999999999","woe-name":"Arunachal Pradesh","latitude":"28.4056","woe-label":"Arunachal Pradesh, IN, India","type":"State"},"geometry":{"type":"Polygon","coordinates":[[[7296,6747],[7259,6835],[7284,6894],[7241,6955],[7166,6927],[7109,6972],[7114,7055],[7232,7053],[7262,7082],[7342,7086],[7448,7146],[7469,7195],[7450,7220],[7513,7260],[7589,7335],[7605,7386],[7697,7465],[7758,7471],[7921,7577],[7987,7634],[7958,7659],[7995,7706],[8039,7721],[8069,7759],[8126,7706],[8199,7698],[8186,7714],[8302,7683],[8307,7716],[8376,7723],[8398,7772],[8442,7765],[8445,7813],[8578,7842],[8605,7802],[8648,7816],[8647,7774],[8602,7743],[8613,7712],[8663,7747],[8754,7645],[8767,7608],[8716,7562],[8746,7492],[8759,7557],[8807,7566],[8912,7478],[8962,7499],[9041,7451],[9037,7402],[9066,7366],[9062,7326],[9023,7323],[8916,7198],[8939,7118],[9033,7019],[8997,7000],[8929,7030],[8892,7085],[8832,7082],[8809,7055],[8683,7026],[8641,6994],[8606,6926],[8569,6909],[8512,6835],[8477,6826],[8449,6776],[8400,6753],[8375,6836],[8359,6899],[8440,6951],[8476,7007],[8512,6994],[8599,7023],[8631,7061],[8617,7093],[8590,7070],[8580,7131],[8534,7188],[8586,7303],[8501,7291],[8446,7249],[8367,7238],[8093,7088],[8011,7100],[8016,7053],[7893,6913],[7890,6872],[7848,6833],[7770,6802],[7739,6815],[7618,6789],[7544,6820],[7341,6748],[7296,6747]]]}},{"type":"Feature","id":"IN.MZ","properties":{"hc-group":"admin1","hc-middle-x":0.53,"hc-middle-y":0.38,"hc-key":"in-mz","hc-a2":"MZ","labelrank":"2","hasc":"IN.MZ","alt-name":null,"woe-id":"20070461","subregion":null,"fips":"IN31","postal-code":"MZ","name":"Mizoram","country":"India","type-en":"State","region":"Northeast","longitude":"92.84090000000001","woe-name":"Mizoram","latitude":"23.2037","woe-label":"Mizoram, IN, India","type":"State"},"geometry":{"type":"Polygon","coordinates":[[[7821,5676],[7856,5564],[7880,5531],[7877,5330],[7854,5284],[7797,5274],[7814,5228],[7783,5183],[7799,5083],[7826,5037],[7824,4959],[7782,4962],[7772,4881],[7726,4888],[7661,4934],[7653,4881],[7627,4863],[7622,4936],[7577,5137],[7518,5234],[7503,5315],[7510,5361],[7463,5481],[7463,5517],[7479,5576],[7471,5706],[7460,5724],[7501,5728],[7518,5688],[7575,5734],[7610,5827],[7642,5793],[7708,5807],[7710,5690],[7751,5674],[7821,5676]]]}},{"type":"Feature","id":"IN.TR","properties":{"hc-group":"admin1","hc-middle-x":0.51,"hc-middle-y":0.46,"hc-key":"in-tr","hc-a2":"TR","labelrank":"2","hasc":"IN.TR","alt-name":null,"woe-id":"2345759","subregion":null,"fips":"IN26","postal-code":"TR","name":"Tripura","country":"India","type-en":"State","region":"Northeast","longitude":"91.70310000000001","woe-name":"Tripura","latitude":"23.8519","woe-label":"Tripura, IN, India","type":"State"},"geometry":{"type":"Polygon","coordinates":[[[7460,5724],[7471,5706],[7479,5576],[7463,5517],[7423,5525],[7374,5489],[7348,5516],[7356,5428],[7307,5376],[7293,5338],[7316,5269],[7246,5208],[7196,5296],[7161,5324],[7166,5248],[7139,5276],[7104,5400],[7070,5452],[7088,5568],[7129,5604],[7135,5645],[7204,5646],[7224,5692],[7261,5706],[7310,5678],[7324,5754],[7387,5783],[7398,5836],[7440,5783],[7431,5732],[7460,5724]]]}},{"type":"Feature","id":"IN.3464","properties":{"hc-group":"admin1","hc-middle-x":0.98,"hc-middle-y":0.90,"hc-key":"in-3464","hc-a2":"DA","labelrank":"2","hasc":"IN.","alt-name":null,"woe-id":"20070460","subregion":null,"fips":"IN32","postal-code":null,"name":"Daman and Diu","country":"India","type-en":null,"region":"West","longitude":"72.8511","woe-name":"Daman and Diu","latitude":"20.4226","woe-label":"Daman and Diu, IN, India","type":null},"geometry":{"type":"MultiPolygon","coordinates":[[[[582,4173],[588,4195],[595,4207],[606,4177],[582,4173]]],[[[-63,4347],[-65,4341],[-76,4337],[-72,4348],[-63,4347]]]]}},{"type":"Feature","id":"IN.DL","properties":{"hc-group":"admin1","hc-middle-x":0.60,"hc-middle-y":0.46,"hc-key":"in-dl","hc-a2":"DL","labelrank":"9","hasc":"IN.DL","alt-name":null,"woe-id":"20070458","subregion":null,"fips":"IN07","postal-code":"DL","name":"Delhi","country":"India","type-en":"Union Territory","region":"Central","longitude":"77.0856","woe-name":"Delhi","latitude":"28.69","woe-label":"Delhi, IN, India","type":"Union Territor"},"geometry":{"type":"Polygon","coordinates":[[[2283,7206],[2237,7174],[2197,7212],[2130,7210],[2118,7231],[2158,7277],[2156,7322],[2200,7346],[2245,7343],[2278,7282],[2283,7206]]]}},{"type":"Feature","id":"IN.HR","properties":{"hc-group":"admin1","hc-middle-x":0.54,"hc-middle-y":0.62,"hc-key":"in-hr","hc-a2":"HR","labelrank":"2","hasc":"IN.HR","alt-name":null,"woe-id":"2345744","subregion":null,"fips":"IN10","postal-code":"HR","name":"Haryana","country":"India","type-en":"State","region":"Central","longitude":"76.271","woe-name":"Haryana","latitude":"29.1003","woe-label":"Haryana, IN, India","type":"State"},"geometry":{"type":"Polygon","coordinates":[[[2245,7343],[2200,7346],[2156,7322],[2158,7277],[2118,7231],[2130,7210],[2197,7212],[2237,7174],[2283,7206],[2338,7156],[2348,7102],[2325,7025],[2345,6988],[2259,6936],[2178,6938],[2188,6913],[2132,6887],[2145,6956],[2148,7059],[2121,7100],[2049,7048],[2015,7006],[1982,7041],[1985,7080],[1893,7050],[1883,7029],[1899,6961],[1827,6964],[1807,7008],[1840,7055],[1811,7070],[1859,7089],[1798,7179],[1763,7190],[1703,7274],[1662,7422],[1626,7527],[1542,7509],[1459,7576],[1388,7553],[1365,7596],[1387,7606],[1390,7720],[1349,7713],[1377,7756],[1369,7789],[1413,7774],[1472,7798],[1526,7752],[1552,7758],[1605,7701],[1581,7679],[1600,7630],[1674,7719],[1726,7701],[1788,7723],[1843,7686],[1930,7728],[1920,7765],[1939,7834],[1989,7825],[1995,7849],[2039,7809],[2075,7854],[2041,7866],[2103,7903],[2106,7931],[2166,7919],[2168,8000],[2145,8032],[2145,8053],[2142,8074],[2149,8094],[2129,8119],[2174,8114],[2203,8067],[2240,8045],[2243,7986],[2265,7959],[2390,7911],[2384,7871],[2268,7760],[2250,7695],[2206,7602],[2234,7543],[2228,7440],[2245,7343]]]}},{"type":"Feature","id":"IN.CH","properties":{"hc-group":"admin1","hc-middle-x":0.74,"hc-middle-y":0.29,"hc-key":"in-ch","hc-a2":"CH","labelrank":"9","hasc":"IN.CH","alt-name":null,"woe-id":"20070456","subregion":null,"fips":"IN05","postal-code":"CH","name":"Chandigarh","country":"India","type-en":"Union Territory","region":"North","longitude":"76.76049999999999","woe-name":"Chandigarh","latitude":"30.7452","woe-label":"Chandigarh, IN, India","type":"Union Territor"},"geometry":{"type":"Polygon","coordinates":[[[2142,8074],[2145,8053],[2145,8032],[2106,8072],[2142,8074]]]}},{"type":"Feature","id":"IN.HP","properties":{"hc-group":"admin1","hc-middle-x":0.38,"hc-middle-y":0.41,"hc-key":"in-hp","hc-a2":"HP","labelrank":"2","hasc":"IN.HP","alt-name":null,"woe-id":"2345745","subregion":null,"fips":"IN11","postal-code":"HP","name":"Himachal Pradesh","country":"India","type-en":"Union Territory","region":"North","longitude":"77.28749999999999","woe-name":"Himachal Pradesh","latitude":"31.6755","woe-label":"Himachal Pradesh, IN, India","type":"Union Territor"},"geometry":{"type":"Polygon","coordinates":[[[2390,7911],[2265,7959],[2243,7986],[2240,8045],[2203,8067],[2174,8114],[2129,8119],[2090,8156],[2072,8245],[2025,8279],[2007,8319],[1974,8279],[1936,8291],[1911,8378],[1867,8473],[1882,8488],[1856,8536],[1762,8587],[1801,8653],[1875,8710],[1856,8744],[1882,8781],[1880,8840],[1849,8890],[1903,8892],[1984,8942],[2010,8977],[2096,9005],[2154,8990],[2220,8922],[2276,8882],[2344,8857],[2406,8874],[2465,8908],[2507,8854],[2553,8753],[2669,8809],[2671,8764],[2636,8710],[2672,8718],[2694,8676],[2694,8604],[2784,8502],[2759,8429],[2806,8366],[2766,8329],[2786,8304],[2777,8263],[2823,8248],[2859,8184],[2818,8181],[2794,8214],[2699,8221],[2629,8249],[2548,8206],[2516,8207],[2451,8132],[2463,8117],[2434,8065],[2467,7961],[2384,7923],[2390,7911]]]}},{"type":"Feature","id":"IN.JK","properties":{"hc-group":"admin1","hc-middle-x":0.43,"hc-middle-y":0.51,"hc-key":"in-jk","hc-a2":"JK","labelrank":"2","hasc":"IN.JK","alt-name":null,"woe-id":"2345746","subregion":null,"fips":"IN12","postal-code":"JK","name":"Jammu and Kashmir","country":"India","type-en":"State","region":"North","longitude":"76.6395","woe-name":"Jammu and Kashmir","latitude":"33.9658","woe-label":"Jammu and Kashmir, IN, India","type":"State"},"geometry":{"type":"Polygon","coordinates":[[[2672,8718],[2636,8710],[2671,8764],[2669,8809],[2553,8753],[2507,8854],[2465,8908],[2406,8874],[2344,8857],[2276,8882],[2220,8922],[2154,8990],[2096,9005],[2010,8977],[1984,8942],[1903,8892],[1849,8890],[1880,8840],[1882,8781],[1856,8744],[1740,8667],[1720,8691],[1675,8683],[1589,8739],[1493,8742],[1465,8792],[1488,8884],[1434,8854],[1366,8883],[1375,8945],[1323,8974],[1278,9030],[1280,9065],[1315,9091],[1332,9168],[1282,9209],[1305,9277],[1339,9280],[1384,9323],[1371,9343],[1281,9348],[1264,9377],[1303,9418],[1286,9460],[1237,9489],[1290,9560],[1290,9589],[1408,9629],[1448,9625],[1525,9591],[1635,9562],[1697,9564],[1737,9528],[1819,9501],[1871,9501],[1952,9563],[2027,9562],[2072,9585],[2119,9573],[2181,9606],[2194,9648],[2238,9643],[2268,9666],[2279,9712],[2520,9851],[2545,9826],[2578,9849],[2599,9832],[2580,9763],[2618,9681],[2658,9529],[2691,9497],[2762,9483],[2860,9415],[2876,9356],[2797,9305],[2793,9273],[2814,9177],[2809,9105],[2868,9011],[2996,8954],[2981,8875],[3033,8795],[3025,8756],[2959,8698],[2907,8692],[2894,8654],[2841,8649],[2797,8690],[2780,8758],[2752,8735],[2672,8718]]]}},{"type":"Feature","id":"IN.KL","properties":{"hc-group":"admin1","hc-middle-x":0.75,"hc-middle-y":0.65,"hc-key":"in-kl","hc-a2":"KL","labelrank":"2","hasc":"IN.KL","alt-name":null,"woe-id":"2345747","subregion":null,"fips":"IN13","postal-code":"KL","name":"Kerala","country":"India","type-en":"State","region":"South","longitude":"76.52370000000001","woe-name":"Kerala","latitude":"10.3666","woe-label":"Kerala, IN, India","type":"State"},"geometry":{"type":"Polygon","coordinates":[[[1357,956],[1261,1155],[1226,1242],[1260,1245],[1320,1189],[1380,1176],[1422,1059],[1510,984],[1559,970],[1590,925],[1668,928],[1679,893],[1713,887],[1801,813],[1772,785],[1735,790],[1740,742],[1797,726],[1847,687],[1808,641],[1883,638],[1929,578],[1900,533],[1948,510],[1974,474],[1947,418],[1954,296],[2008,265],[2085,310],[2117,256],[2096,198],[2109,162],[2081,29],[2138,16],[2160,-14],[2104,-157],[2069,-203],[2101,-257],[2074,-319],[2111,-383],[2067,-466],[2046,-474],[2003,-442],[1840,-242],[1768,-76],[1750,-12],[1733,137],[1790,59],[1770,148],[1727,176],[1658,377],[1610,474],[1579,601],[1530,724],[1501,745],[1470,829],[1388,922],[1388,964],[1423,1001],[1358,986],[1357,956]]]}},{"type":"Feature","id":"IN.KA","properties":{"hc-group":"admin1","hc-middle-x":0.37,"hc-middle-y":0.49,"hc-key":"in-ka","hc-a2":"KA","labelrank":"2","hasc":"IN.KA","alt-name":"Maisur|Mysore","woe-id":"2345753","subregion":null,"fips":"IN19","postal-code":"KA","name":"Karnataka","country":"India","type-en":"State","region":"South","longitude":"75.667","woe-name":"Karnataka","latitude":"14.3681","woe-label":"Karnataka, IN, India","type":"State"},"geometry":{"type":"Polygon","coordinates":[[[1801,813],[1713,887],[1679,893],[1668,928],[1590,925],[1559,970],[1510,984],[1422,1059],[1380,1176],[1320,1189],[1260,1245],[1226,1242],[1213,1279],[1167,1534],[1136,1679],[1107,1720],[1069,1893],[1037,1919],[1025,1986],[964,2023],[964,2059],[1020,2083],[1045,2203],[1023,2340],[976,2346],[1009,2392],[1063,2389],[1118,2520],[1113,2575],[1070,2587],[1076,2628],[1040,2687],[1081,2687],[1110,2724],[1152,2689],[1196,2707],[1205,2746],[1268,2762],[1265,2798],[1308,2835],[1383,2801],[1417,2835],[1549,2837],[1561,2881],[1530,2995],[1553,3026],[1614,2987],[1646,3002],[1669,2967],[1770,2988],[1818,2973],[1813,3074],[1884,3132],[1943,3105],[2021,3205],[2025,3270],[2096,3288],[2149,3339],[2176,3386],[2224,3318],[2265,3327],[2288,3181],[2243,3139],[2252,3114],[2210,3071],[2277,3038],[2309,3045],[2193,2916],[2225,2847],[2203,2725],[2210,2677],[2145,2623],[2231,2595],[2225,2452],[2211,2434],[2100,2439],[2059,2406],[2076,2328],[2032,2266],[2052,2208],[2081,2191],[2088,2124],[2050,2077],[1954,2112],[1937,2073],[1974,2046],[1943,1951],[1946,1912],[2011,1866],[1985,1845],[2001,1794],[2052,1783],[2088,1825],[2131,1821],[2208,1766],[2158,1743],[2181,1654],[2141,1698],[2075,1697],[2032,1721],[2023,1760],[1986,1755],[2037,1659],[2017,1613],[2082,1613],[2086,1661],[2175,1635],[2196,1580],[2253,1594],[2326,1644],[2327,1669],[2381,1676],[2374,1626],[2416,1646],[2437,1574],[2471,1538],[2539,1533],[2531,1452],[2610,1391],[2554,1289],[2490,1254],[2484,1219],[2420,1252],[2325,1257],[2287,1191],[2253,1188],[2237,1146],[2256,1115],[2207,1012],[2272,1010],[2309,978],[2272,922],[2204,906],[2183,862],[2118,865],[2051,843],[2020,870],[1986,861],[1953,795],[1851,804],[1845,828],[1801,813]]]}},{"type":"Feature","id":"IN.DN","properties":{"hc-group":"admin1","hc-middle-x":0.52,"hc-middle-y":0.60,"hc-key":"in-dn","hc-a2":"DN","labelrank":"9","hasc":"IN.DN","alt-name":"DAdra et Nagar Haveli|Dadra e Nagar Haveli","woe-id":"20070457","subregion":null,"fips":"IN06","postal-code":"DN","name":"Dadra and Nagar Haveli","country":"India","type-en":"Union Territory","region":"West","longitude":"73.029","woe-name":"Dadra and Nagar Haveli","latitude":"20.1841","woe-label":"Dadra and Nagar Haveli, IN, India","type":"Union Territor"},"geometry":{"type":"Polygon","coordinates":[[[624,4075],[608,4111],[671,4153],[703,4066],[700,4040],[641,4040],[624,4075]]]}},{"type":"Feature","id":"IN.MH","properties":{"hc-group":"admin1","hc-middle-x":0.32,"hc-middle-y":0.45,"hc-key":"in-mh","hc-a2":"MH","labelrank":"2","hasc":"IN.MH","alt-name":null,"woe-id":"2345750","subregion":null,"fips":"IN16","postal-code":"MH","name":"Maharashtra","country":"India","type-en":"State","region":"West","longitude":"75.46469999999999","woe-name":"Maharashtra","latitude":"19.4723","woe-label":"Maharashtra, IN, India","type":"State"},"geometry":{"type":"Polygon","coordinates":[[[624,4075],[641,4040],[700,4040],[703,4066],[742,4094],[775,4087],[778,4160],[816,4223],[785,4264],[817,4291],[878,4230],[937,4243],[982,4306],[970,4382],[911,4442],[951,4500],[994,4502],[1010,4541],[1131,4581],[1026,4602],[963,4587],[940,4627],[968,4641],[964,4712],[1080,4751],[1107,4739],[1180,4773],[1207,4743],[1213,4659],[1281,4612],[1347,4610],[1401,4586],[1428,4540],[1492,4516],[1572,4510],[1694,4516],[1767,4502],[1800,4394],[1890,4399],[1954,4433],[1962,4486],[1997,4512],[2022,4574],[2138,4627],[2174,4617],[2215,4644],[2260,4641],[2292,4613],[2292,4554],[2248,4539],[2268,4498],[2347,4491],[2459,4511],[2580,4580],[2602,4535],[2697,4521],[2771,4533],[2777,4557],[2882,4587],[2891,4609],[2952,4599],[3000,4546],[3088,4560],[3103,4539],[3161,4544],[3226,4578],[3305,4513],[3305,4484],[3400,4468],[3381,4427],[3331,4399],[3313,4335],[3355,4305],[3362,4221],[3335,4182],[3379,4184],[3379,4080],[3308,4045],[3309,4012],[3346,4007],[3346,3926],[3308,3916],[3324,3868],[3348,3885],[3411,3802],[3476,3761],[3454,3708],[3415,3677],[3362,3726],[3300,3672],[3252,3570],[3278,3521],[3251,3469],[3186,3463],[3123,3513],[3139,3528],[3130,3598],[3142,3731],[3130,3761],[3060,3807],[2989,3782],[2947,3783],[2857,3826],[2789,3799],[2718,3877],[2629,3896],[2609,3887],[2556,3923],[2581,3863],[2544,3768],[2498,3727],[2495,3686],[2400,3711],[2373,3633],[2343,3605],[2400,3524],[2326,3470],[2314,3425],[2282,3418],[2248,3355],[2265,3327],[2224,3318],[2176,3386],[2149,3339],[2096,3288],[2025,3270],[2021,3205],[1943,3105],[1884,3132],[1813,3074],[1818,2973],[1770,2988],[1669,2967],[1646,3002],[1614,2987],[1553,3026],[1530,2995],[1561,2881],[1549,2837],[1417,2835],[1383,2801],[1308,2835],[1265,2798],[1268,2762],[1205,2746],[1196,2707],[1152,2689],[1110,2724],[1081,2687],[1040,2687],[1076,2628],[1070,2587],[1113,2575],[1118,2520],[1063,2389],[1009,2392],[976,2346],[918,2344],[877,2403],[830,2382],[741,2517],[696,2708],[692,2905],[657,3035],[646,3154],[600,3292],[602,3354],[637,3346],[579,3403],[583,3476],[565,3558],[614,3594],[584,3605],[619,3643],[549,3641],[560,3713],[512,3971],[537,4058],[560,4067],[624,4075]]]}},{"type":"Feature","id":"IN.AS","properties":{"hc-group":"admin1","hc-middle-x":0.53,"hc-middle-y":0.46,"hc-key":"in-as","hc-a2":"AS","labelrank":"2","hasc":"IN.AS","alt-name":null,"woe-id":"2345741","subregion":null,"fips":"IN03","postal-code":"AS","name":"Assam","country":"India","type-en":"State","region":"Northeast","longitude":"92.99290000000001","woe-name":"Assam","latitude":"26.3302","woe-label":"Assam, IN, India","type":"State"},"geometry":{"type":"Polygon","coordinates":[[[6539,6610],[6617,6624],[6645,6660],[6714,6688],[6788,6651],[6832,6649],[6996,6676],[7024,6667],[7066,6708],[7107,6683],[7170,6691],[7233,6726],[7283,6720],[7296,6747],[7341,6748],[7544,6820],[7618,6789],[7739,6815],[7770,6802],[7848,6833],[7890,6872],[7893,6913],[8016,7053],[8011,7100],[8093,7088],[8367,7238],[8446,7249],[8501,7291],[8586,7303],[8534,7188],[8580,7131],[8590,7070],[8617,7093],[8631,7061],[8599,7023],[8512,6994],[8476,7007],[8440,6951],[8359,6899],[8313,6855],[8273,6857],[8203,6767],[8135,6735],[8098,6661],[8065,6680],[8041,6606],[7989,6528],[7992,6435],[7966,6398],[7923,6383],[7928,6427],[7780,6256],[7815,6222],[7819,6210],[7828,6181],[7829,6177],[7828,6169],[7828,6169],[7828,6169],[7811,6141],[7754,5971],[7731,5969],[7731,5878],[7708,5807],[7642,5793],[7610,5827],[7575,5734],[7518,5688],[7501,5728],[7460,5724],[7431,5732],[7440,5783],[7398,5836],[7422,5978],[7469,5956],[7503,5994],[7465,6021],[7524,6083],[7605,6119],[7595,6165],[7520,6217],[7519,6251],[7439,6312],[7367,6281],[7388,6421],[7353,6430],[7271,6404],[7235,6421],[7202,6371],[7153,6390],[7121,6323],[7082,6313],[7032,6268],[7024,6318],[6968,6301],[6945,6341],[6873,6342],[6795,6317],[6796,6344],[6736,6353],[6655,6326],[6603,6262],[6595,6219],[6618,6180],[6555,6119],[6559,6194],[6537,6271],[6551,6308],[6484,6401],[6539,6459],[6554,6539],[6539,6610]]]}},{"type":"Feature","id":"IN.AP","properties":{"hc-group":"admin1","hc-middle-x":0.26,"hc-middle-y":0.55,"hc-key":"in-ap","hc-a2":"AP","labelrank":"2","hasc":"IN.AP","alt-name":null,"woe-id":"2345740","subregion":null,"fips":"IN02","postal-code":"AP","name":"Andhra Pradesh","country":"India","type-en":"State","region":"South","longitude":"79.208","woe-name":"Andhra Pradesh","latitude":"16.4854","woe-label":"Andhra Pradesh, IN, India","type":"State"},"geometry":{"type":"Polygon","coordinates":[[[3246,1499],[3196,1581],[3163,1539],[3188,1494],[3240,1482],[3180,1480],[3075,1417],[3063,1390],[3020,1416],[2936,1428],[2928,1389],[2865,1362],[2831,1324],[2751,1343],[2666,1328],[2639,1305],[2615,1224],[2554,1170],[2484,1219],[2490,1254],[2554,1289],[2610,1391],[2531,1452],[2539,1533],[2471,1538],[2437,1574],[2416,1646],[2374,1626],[2381,1676],[2327,1669],[2326,1644],[2253,1594],[2196,1580],[2175,1635],[2086,1661],[2082,1613],[2017,1613],[2037,1659],[1986,1755],[2023,1760],[2032,1721],[2075,1697],[2141,1698],[2181,1654],[2158,1743],[2208,1766],[2131,1821],[2088,1825],[2052,1783],[2001,1794],[1985,1845],[2011,1866],[1946,1912],[1943,1951],[1974,2046],[1937,2073],[1954,2112],[2050,2077],[2088,2124],[2081,2191],[2052,2208],[2032,2266],[2076,2328],[2059,2406],[2100,2439],[2211,2434],[2225,2452],[2231,2595],[2145,2623],[2210,2677],[2203,2725],[2225,2847],[2193,2916],[2309,3045],[2277,3038],[2210,3071],[2252,3114],[2243,3139],[2288,3181],[2265,3327],[2248,3355],[2282,3418],[2314,3425],[2326,3470],[2400,3524],[2343,3605],[2373,3633],[2400,3711],[2495,3686],[2498,3727],[2544,3768],[2581,3863],[2556,3923],[2609,3887],[2629,3896],[2718,3877],[2789,3799],[2857,3826],[2947,3783],[2989,3782],[3060,3807],[3130,3761],[3142,3731],[3130,3598],[3139,3528],[3123,3513],[3186,3463],[3251,3469],[3280,3423],[3334,3426],[3404,3355],[3432,3286],[3492,3231],[3509,3138],[3530,3113],[3568,3136],[3657,3125],[3724,3122],[3849,3199],[3892,3216],[3964,3197],[3996,3217],[3988,3274],[4009,3357],[4038,3398],[4092,3324],[4089,3293],[4159,3337],[4252,3350],[4267,3402],[4247,3445],[4282,3490],[4309,3484],[4378,3533],[4343,3579],[4398,3571],[4456,3633],[4502,3558],[4524,3585],[4562,3512],[4656,3506],[4712,3516],[4785,3602],[4845,3652],[4876,3636],[4837,3564],[4752,3451],[4652,3350],[4629,3310],[4462,3222],[4409,3167],[4328,3049],[4204,2978],[4140,2954],[4051,2899],[3988,2832],[3977,2771],[4011,2768],[3992,2662],[3877,2596],[3793,2563],[3665,2586],[3605,2562],[3571,2435],[3514,2382],[3474,2401],[3443,2333],[3432,2397],[3351,2395],[3279,2356],[3244,2318],[3180,2178],[3166,2068],[3186,1950],[3218,1897],[3192,1781],[3205,1679],[3232,1623],[3226,1569],[3250,1504],[3247,1499],[3246,1499]],[[3970,2704],[3989,2720],[3963,2714],[3944,2714],[3970,2704]]]}},{"type":"Feature","id":"IN.ML","properties":{"hc-group":"admin1","hc-middle-x":0.31,"hc-middle-y":0.75,"hc-key":"in-ml","hc-a2":"ML","labelrank":"2","hasc":"IN.ML","alt-name":null,"woe-id":"2345752","subregion":null,"fips":"IN18","postal-code":"ML","name":"Meghalaya","country":"India","type-en":"State","region":"Northeast","longitude":"91.3031","woe-name":"Meghalaya","latitude":"25.4804","woe-label":"Meghalaya, IN, India","type":"State"},"geometry":{"type":"Polygon","coordinates":[[[7465,6021],[7435,6045],[7326,6078],[7231,6064],[7209,6047],[7142,6044],[7058,6064],[6915,6030],[6885,6039],[6756,6022],[6593,6067],[6568,6060],[6555,6119],[6618,6180],[6595,6219],[6603,6262],[6655,6326],[6736,6353],[6796,6344],[6795,6317],[6873,6342],[6945,6341],[6968,6301],[7024,6318],[7032,6268],[7082,6313],[7121,6323],[7153,6390],[7202,6371],[7235,6421],[7271,6404],[7353,6430],[7388,6421],[7367,6281],[7439,6312],[7519,6251],[7520,6217],[7595,6165],[7605,6119],[7524,6083],[7465,6021]]]}},{"type":"Feature","id":"IN.PB","properties":{"hc-group":"admin1","hc-middle-x":0.52,"hc-middle-y":0.53,"hc-key":"in-pb","hc-a2":"PB","labelrank":"2","hasc":"IN.PB","alt-name":null,"woe-id":"2345756","subregion":null,"fips":"IN23","postal-code":"PB","name":"Punjab","country":"India","type-en":"State","region":"North","longitude":"75.3762","woe-name":"Punjab","latitude":"31.0245","woe-label":"Punjab, IN, India","type":"State"},"geometry":{"type":"Polygon","coordinates":[[[2129,8119],[2149,8094],[2142,8074],[2106,8072],[2145,8032],[2168,8000],[2166,7919],[2106,7931],[2103,7903],[2041,7866],[2075,7854],[2039,7809],[1995,7849],[1989,7825],[1939,7834],[1920,7765],[1930,7728],[1843,7686],[1788,7723],[1726,7701],[1674,7719],[1600,7630],[1581,7679],[1605,7701],[1552,7758],[1526,7752],[1472,7798],[1413,7774],[1369,7789],[1161,7816],[1192,7872],[1186,7898],[1155,7957],[1231,8021],[1329,8155],[1352,8152],[1441,8219],[1393,8257],[1433,8356],[1399,8461],[1427,8509],[1517,8574],[1587,8598],[1630,8592],[1670,8613],[1693,8655],[1675,8683],[1720,8691],[1740,8667],[1856,8744],[1875,8710],[1801,8653],[1762,8587],[1856,8536],[1882,8488],[1867,8473],[1911,8378],[1936,8291],[1974,8279],[2007,8319],[2025,8279],[2072,8245],[2090,8156],[2129,8119]]]}},{"type":"Feature","id":"IN.RJ","properties":{"hc-group":"admin1","hc-middle-x":0.53,"hc-middle-y":0.52,"hc-key":"in-rj","hc-a2":"RJ","labelrank":"2","hasc":"IN.RJ","alt-name":"Greater Rajasthan|Rajputana","woe-id":"2345757","subregion":null,"fips":"IN24","postal-code":"RJ","name":"Rajasthan","country":"India","type-en":"State","region":"Central","longitude":"73.8556","woe-name":"Rajasthan","latitude":"26.7468","woe-label":"Rajasthan, IN, India","type":"State"},"geometry":{"type":"Polygon","coordinates":[[[1369,7789],[1377,7756],[1349,7713],[1390,7720],[1387,7606],[1365,7596],[1388,7553],[1459,7576],[1542,7509],[1626,7527],[1662,7422],[1703,7274],[1763,7190],[1798,7179],[1859,7089],[1811,7070],[1840,7055],[1807,7008],[1827,6964],[1899,6961],[1883,7029],[1893,7050],[1985,7080],[1982,7041],[2015,7006],[2049,7048],[2121,7100],[2148,7059],[2145,6956],[2132,6887],[2188,6913],[2178,6938],[2259,6936],[2278,6834],[2315,6773],[2364,6749],[2380,6702],[2325,6661],[2392,6621],[2310,6591],[2286,6547],[2393,6598],[2486,6586],[2530,6601],[2578,6589],[2561,6554],[2527,6544],[2519,6501],[2458,6496],[2433,6463],[2294,6390],[2257,6382],[2217,6342],[2112,6290],[2048,6223],[1985,6199],[1960,6151],[1982,6052],[2015,6020],[2105,5990],[2197,6000],[2249,6037],[2271,5949],[2250,5912],[2197,5919],[2083,5886],[2089,5834],[2053,5813],[2117,5773],[2147,5705],[2092,5682],[2059,5705],[2059,5631],[2085,5585],[2040,5556],[2001,5613],[1963,5579],[1933,5599],[1855,5606],[1822,5627],[1813,5553],[1771,5523],[1761,5487],[1691,5462],[1663,5429],[1628,5439],[1592,5487],[1610,5525],[1677,5507],[1705,5551],[1686,5579],[1706,5622],[1684,5668],[1734,5701],[1698,5802],[1589,5778],[1504,5790],[1504,5855],[1540,5850],[1551,5915],[1485,5911],[1466,5854],[1429,5846],[1376,5875],[1378,5823],[1426,5817],[1421,5782],[1358,5775],[1330,5721],[1375,5685],[1333,5620],[1380,5609],[1411,5530],[1388,5479],[1395,5399],[1351,5330],[1260,5283],[1246,5239],[1308,5209],[1222,5168],[1168,5161],[1138,5208],[1045,5290],[1019,5283],[995,5321],[930,5326],[930,5381],[844,5463],[869,5521],[848,5585],[808,5553],[754,5628],[777,5678],[760,5745],[732,5740],[703,5692],[641,5703],[577,5755],[538,5730],[530,5762],[406,5843],[369,5828],[229,5847],[125,5835],[58,5861],[10,5984],[2,6037],[-64,6155],[-61,6259],[-156,6256],[-188,6268],[-249,6382],[-219,6457],[-198,6590],[-232,6616],[-315,6620],[-417,6689],[-428,6718],[-405,6810],[-376,6860],[-275,6937],[-211,7005],[-179,7076],[-86,7152],[-46,7160],[10,7113],[30,7038],[70,7019],[239,7067],[324,7063],[428,7087],[443,7142],[479,7190],[537,7234],[581,7342],[628,7392],[808,7471],[933,7659],[988,7805],[1053,7833],[1114,7843],[1186,7898],[1192,7872],[1161,7816],[1369,7789]]]}},{"type":"Feature","id":"IN.UP","properties":{"hc-group":"admin1","hc-middle-x":0.39,"hc-middle-y":0.52,"hc-key":"in-up","hc-a2":"UP","labelrank":"2","hasc":"IN.UP","alt-name":"United Provinces","woe-id":"2345760","subregion":null,"fips":"IN36","postal-code":"UP","name":"Uttar Pradesh","country":"India","type-en":"State","region":"Central","longitude":"80.9966","woe-name":"Uttar Pradesh","latitude":"26.7201","woe-label":"Uttar Pradesh, IN, India","type":"State"},"geometry":{"type":"Polygon","coordinates":[[[2561,6554],[2578,6589],[2530,6601],[2486,6586],[2393,6598],[2286,6547],[2310,6591],[2392,6621],[2325,6661],[2380,6702],[2364,6749],[2315,6773],[2278,6834],[2259,6936],[2345,6988],[2325,7025],[2348,7102],[2338,7156],[2283,7206],[2278,7282],[2245,7343],[2228,7440],[2234,7543],[2206,7602],[2250,7695],[2268,7760],[2384,7871],[2390,7911],[2415,7915],[2507,7849],[2470,7813],[2439,7755],[2464,7634],[2505,7657],[2555,7629],[2583,7648],[2573,7732],[2598,7740],[2647,7668],[2679,7652],[2732,7581],[2823,7535],[2756,7484],[2804,7457],[2819,7415],[2867,7432],[2946,7362],[2971,7361],[2994,7315],[3035,7326],[3127,7316],[3164,7270],[3204,7302],[3296,7225],[3344,7208],[3346,7244],[3396,7225],[3514,7140],[3563,7131],[3617,7037],[3647,7051],[3668,7019],[3812,6933],[3869,6955],[3988,6870],[4072,6881],[4107,6802],[4236,6785],[4295,6743],[4313,6793],[4391,6793],[4481,6753],[4512,6706],[4559,6594],[4617,6577],[4620,6532],[4668,6490],[4571,6490],[4511,6422],[4600,6398],[4604,6355],[4538,6334],[4564,6283],[4633,6219],[4672,6223],[4727,6195],[4751,6152],[4713,6133],[4673,6157],[4657,6116],[4628,6111],[4594,6144],[4514,6063],[4337,5948],[4320,5924],[4331,5807],[4383,5769],[4390,5681],[4348,5669],[4367,5617],[4328,5532],[4283,5457],[4199,5445],[4142,5476],[4096,5544],[4117,5557],[4128,5623],[4116,5685],[4128,5730],[4009,5747],[3967,5714],[3953,5772],[3819,5823],[3797,5866],[3716,5882],[3699,5928],[3598,5916],[3578,5841],[3548,5817],[3516,5839],[3438,5841],[3465,5923],[3406,5911],[3392,5878],[3369,5908],[3327,5896],[3347,5867],[3268,5858],[3315,5921],[3267,6009],[3236,6009],[3118,5947],[3122,5911],[3011,5921],[2959,5883],[2941,5911],[2971,5952],[2926,5954],[2917,5918],[2832,5923],[2839,5956],[2786,5924],[2808,6025],[2792,6061],[2757,6020],[2732,6046],[2734,5992],[2686,6016],[2657,5961],[2689,5911],[2698,5845],[2729,5788],[2728,5720],[2771,5720],[2812,5655],[2746,5561],[2642,5636],[2605,5595],[2594,5636],[2553,5684],[2565,5745],[2534,5811],[2594,5869],[2605,5931],[2571,6017],[2609,6070],[2728,6096],[2738,6158],[2762,6177],[2813,6278],[2818,6342],[2851,6371],[2808,6505],[2735,6541],[2684,6527],[2620,6563],[2561,6554]]]}},{"type":"Feature","id":"IN.UT","properties":{"hc-group":"admin1","hc-middle-x":0.45,"hc-middle-y":0.46,"hc-key":"in-ut","hc-a2":"UT","labelrank":"2","hasc":"IN.UT","alt-name":"Uttarakhand","woe-id":"20070462","subregion":null,"fips":"IN39","postal-code":"UT","name":"Uttaranchal","country":"India","type-en":"State","region":"Central","longitude":"79.2841","woe-name":"Uttaranchal","latitude":"30.0576","woe-label":"Uttarakhand, IN, India","type":"State"},"geometry":{"type":"Polygon","coordinates":[[[2390,7911],[2384,7923],[2467,7961],[2434,8065],[2463,8117],[2451,8132],[2516,8207],[2548,8206],[2629,8249],[2699,8221],[2794,8214],[2818,8181],[2859,8184],[2823,8248],[2855,8256],[2884,8298],[2927,8256],[2958,8179],[2992,8141],[3049,8108],[3133,8115],[3207,8048],[3262,8024],[3245,7962],[3293,7957],[3423,7897],[3442,7870],[3515,7829],[3465,7803],[3400,7737],[3372,7729],[3341,7675],[3305,7657],[3310,7599],[3253,7528],[3275,7487],[3259,7423],[3225,7412],[3192,7338],[3204,7302],[3164,7270],[3127,7316],[3035,7326],[2994,7315],[2971,7361],[2946,7362],[2867,7432],[2819,7415],[2804,7457],[2756,7484],[2823,7535],[2732,7581],[2679,7652],[2647,7668],[2598,7740],[2573,7732],[2583,7648],[2555,7629],[2505,7657],[2464,7634],[2439,7755],[2470,7813],[2507,7849],[2415,7915],[2390,7911]]]}},{"type":"Feature","id":"IN.JH","properties":{"hc-group":"admin1","hc-middle-x":0.44,"hc-middle-y":0.59,"hc-key":"in-jh","hc-a2":"JH","labelrank":"2","hasc":"IN.JH","alt-name":"Vananchal","woe-id":"20070463","subregion":null,"fips":"IN38","postal-code":"JH","name":"Jharkhand","country":"India","type-en":"State","region":"East","longitude":"85.05840000000001","woe-name":"Jharkhand","latitude":"23.5221","woe-label":"Jharkhand, IN, India","type":"State"},"geometry":{"type":"Polygon","coordinates":[[[4328,5532],[4367,5617],[4348,5669],[4390,5681],[4450,5674],[4527,5689],[4570,5721],[4589,5676],[4661,5687],[4664,5657],[4721,5604],[4761,5638],[4785,5631],[4833,5679],[4891,5624],[5039,5690],[5086,5688],[5132,5716],[5126,5746],[5159,5793],[5217,5768],[5253,5786],[5304,5717],[5351,5717],[5348,5672],[5406,5639],[5423,5692],[5453,5725],[5512,5737],[5560,5718],[5568,5749],[5614,5745],[5631,5888],[5681,5929],[5688,5969],[5728,5973],[5766,6029],[5858,5992],[5860,5945],[5898,5871],[5891,5820],[5903,5756],[5858,5755],[5877,5721],[5853,5650],[5823,5630],[5835,5598],[5775,5572],[5777,5543],[5704,5508],[5694,5464],[5638,5448],[5565,5482],[5541,5410],[5423,5372],[5382,5321],[5340,5297],[5308,5345],[5271,5354],[5263,5318],[5204,5305],[5228,5280],[5207,5220],[5229,5184],[5276,5182],[5320,5136],[5429,5131],[5414,5046],[5482,5009],[5492,4981],[5541,4960],[5531,4931],[5580,4872],[5524,4835],[5451,4877],[5409,4873],[5290,4955],[5255,4933],[5274,4893],[5273,4783],[5253,4751],[5207,4745],[5208,4790],[5169,4768],[5078,4799],[5007,4746],[4967,4775],[4923,4775],[4957,4840],[4947,4924],[4892,4892],[4759,4889],[4721,4853],[4624,4872],[4561,4929],[4637,4992],[4692,5063],[4684,5095],[4608,5104],[4576,5160],[4570,5249],[4546,5244],[4568,5314],[4554,5348],[4530,5318],[4486,5325],[4455,5413],[4405,5456],[4392,5505],[4328,5532]]]}}]}