{"title":"Saint Kitts and Nevis","version":"1.1.2","type":"FeatureCollection","copyright":"Copyright (c) 2015 Highsoft AS, Based on data from Natural Earth","copyrightShort":"Natural Earth","copyrightUrl":"http://www.naturalearthdata.com","crs":{"type":"name","properties":{"name":"urn:ogc:def:crs:EPSG:32620"}},"hc-transform":{"default":{"crs":"+proj=utm +zone=20 +datum=WGS84 +units=m +no_defs","scale":0.0200922287062,"jsonres":15.5,"jsonmarginX":-999,"jsonmarginY":9851.0,"xoffset":514759.105393,"yoffset":1925567.18879}},
"features":[{"type":"Feature","id":"KN.TP","properties":{"hc-group":"admin1","hc-middle-x":0.50,"hc-middle-y":0.50,"hc-key":"kn-tp","hc-a2":"TP","labelrank":"20","hasc":"KN.TP","alt-name":null,"woe-id":"2346977","subregion":null,"fips":"SC14","postal-code":"TP","name":"Trinity Palmetto Point","country":"Saint Kitts and Nevis","type-en":"Parish","region":"Saint Kitts","longitude":"-62.7483","woe-name":"Trinity Palmetto Point","latitude":"17.3074","woe-label":"Trinity Palmetto Point, KN, Saint Kitts and Nevis","type":"Parish"},"geometry":{"type":"Polygon","coordinates":[[[3546,5578],[2876,5539],[2449,5597],[1963,5793],[2038,6037],[2145,6328],[2403,6462],[2531,6932],[2831,6932],[3068,6910],[3197,6508],[3369,6173],[3283,6061],[3546,5578]]]}},{"type":"Feature","id":"KN.CC","properties":{"hc-group":"admin1","hc-middle-x":0.46,"hc-middle-y":0.53,"hc-key":"kn-cc","hc-a2":"CC","labelrank":"20","hasc":"KN.CC","alt-name":null,"woe-id":"2346964","subregion":null,"fips":"SC01","postal-code":"CC","name":"Christ Church Nichola Town","country":"Saint Kitts and Nevis","type-en":"Parish","region":"Saint Kitts","longitude":"-62.7582","woe-name":"Christ Church Nichola Town","latitude":"17.364","woe-label":"Christ Church Nichola Town, KN, Saint Kitts and Nevis","type":"Parish"},"geometry":{"type":"Polygon","coordinates":[[[2032,8859],[3321,8090],[3088,7960],[2959,7737],[2809,7379],[2831,6932],[2531,6932],[1715,7087],[1672,7310],[1435,7578],[1843,8182],[1799,8428],[2032,8859]]]}},{"type":"Feature","id":"KN.AS","properties":{"hc-group":"admin1","hc-middle-x":0.45,"hc-middle-y":0.44,"hc-key":"kn-as","hc-a2":"AS","labelrank":"20","hasc":"KN.AS","alt-name":null,"woe-id":"2346965","subregion":null,"fips":"SC02","postal-code":"AS","name":"Saint Anne Sandy Point","country":"Saint Kitts and Nevis","type-en":"Parish","region":"Saint Kitts","longitude":"-62.8369","woe-name":"Saint Anne Sandy Point","latitude":"17.3574","woe-label":"Saint Anne Sandy Point, KN, Saint Kitts and Nevis","type":"Parish"},"geometry":{"type":"Polygon","coordinates":[[[-23,6898],[-999,8005],[-853,8630],[-454,8515],[-326,8694],[-132,8605],[-175,8359],[769,8159],[534,7689],[384,7689],[212,7287],[-23,6898]]]}},{"type":"Feature","id":"KN.GB","properties":{"hc-group":"admin1","hc-middle-x":0.78,"hc-middle-y":0.74,"hc-key":"kn-gb","hc-a2":"GB","labelrank":"20","hasc":"KN.GB","alt-name":null,"woe-id":"2346966","subregion":null,"fips":"SC03","postal-code":"GB","name":"Saint George Basseterre","country":"Saint Kitts and Nevis","type-en":"Parish","region":"Saint Kitts","longitude":"-62.6868","woe-name":"Saint George Basseterre","latitude":"17.2836","woe-label":"Saint George Basseterre, KN, Saint Kitts and Nevis","type":"Parish"},"geometry":{"type":"Polygon","coordinates":[[[4957,5845],[5058,5598],[5432,4954],[5975,4683],[6427,4429],[6825,3866],[6829,3295],[6091,3015],[5671,3300],[5313,4598],[4656,5003],[4223,5490],[3918,5599],[3546,5578],[3283,6061],[3369,6173],[3197,6508],[3412,6575],[3562,6329],[4013,6241],[4357,6062],[4658,5817],[4957,5845]]]}},{"type":"Feature","id":"KN.GG","properties":{"hc-group":"admin1","hc-middle-x":0.52,"hc-middle-y":0.47,"hc-key":"kn-gg","hc-a2":"GG","labelrank":"20","hasc":"KN.GG","alt-name":null,"woe-id":"2346967","subregion":null,"fips":"SC04","postal-code":"GG","name":"Saint George Gingerland","country":"Saint Kitts and Nevis","type-en":"Parish","region":"Nevis","longitude":"-62.5571","woe-name":"Saint George Gingerland","latitude":"17.1301","woe-label":"Saint George Gingerland, KN, Saint Kitts and Nevis","type":"Parish"},"geometry":{"type":"Polygon","coordinates":[[[9743,308],[9750,8],[9695,-292],[9526,-710],[9393,-856],[8792,-999],[8362,549],[8899,707],[9351,552],[9743,308]]]}},{"type":"Feature","id":"KN.JW","properties":{"hc-group":"admin1","hc-middle-x":0.60,"hc-middle-y":0.48,"hc-key":"kn-jw","hc-a2":"JW","labelrank":"20","hasc":"KN.JW","alt-name":null,"woe-id":"2346968","subregion":null,"fips":"SC05","postal-code":"JW","name":"Saint James Windward","country":"Saint Kitts and Nevis","type-en":"Parish","region":"Nevis","longitude":"-62.5718","woe-name":"Saint James Windward","latitude":"17.1782","woe-label":"Saint James Windward, KN, Saint Kitts and Nevis","type":"Parish"},"geometry":{"type":"Polygon","coordinates":[[[7236,2050],[7676,2527],[8364,2515],[8963,2316],[9423,1871],[9692,1119],[9732,807],[9743,308],[9351,552],[8899,707],[8362,549],[7801,1643],[7236,2050]]]}},{"type":"Feature","id":"KN.JC","properties":{"hc-group":"admin1","hc-middle-x":0.49,"hc-middle-y":0.51,"hc-key":"kn-jc","hc-a2":"JC","labelrank":"20","hasc":"KN.JC","alt-name":null,"woe-id":"2346969","subregion":null,"fips":"SC06","postal-code":"JC","name":"Saint John Capesterre","country":"Saint Kitts and Nevis","type-en":"Parish","region":"Saint Kitts","longitude":"-62.7967","woe-name":"Saint John Capesterre","latitude":"17.382","woe-label":"Saint John Capesterre, KN, Saint Kitts and Nevis","type":"Parish"},"geometry":{"type":"Polygon","coordinates":[[[281,9653],[372,9851],[2032,8859],[1799,8428],[1843,8182],[1435,7578],[769,8159],[748,8360],[533,8427],[426,8628],[404,9030],[403,9365],[281,9653]]]}},{"type":"Feature","id":"KN.JF","properties":{"hc-group":"admin1","hc-middle-x":0.54,"hc-middle-y":0.60,"hc-key":"kn-jf","hc-a2":"JF","labelrank":"20","hasc":"KN.JF","alt-name":null,"woe-id":"2346970","subregion":null,"fips":"SC07","postal-code":"JF","name":"Saint John Figtree","country":"Saint Kitts and Nevis","type-en":"Parish","region":"Nevis","longitude":"-62.5949","woe-name":"Saint John Figtree","latitude":"17.1162","woe-label":"Saint John Figtree, KN, Saint Kitts and Nevis","type":"Parish"},"geometry":{"type":"Polygon","coordinates":[[[8792,-999],[7254,-877],[6941,-45],[7375,-12],[7912,101],[8362,549],[8792,-999]]]}},{"type":"Feature","id":"KN.MC","properties":{"hc-group":"admin1","hc-middle-x":0.43,"hc-middle-y":0.48,"hc-key":"kn-mc","hc-a2":"MC","labelrank":"20","hasc":"KN.MC","alt-name":null,"woe-id":"2346971","subregion":null,"fips":"SC08","postal-code":"MC","name":"Saint Mary Cayon","country":"Saint Kitts and Nevis","type-en":"Parish","region":"Saint Kitts","longitude":"-62.7286","woe-name":"Saint Mary Cayon","latitude":"17.3459","woe-label":"Saint Mary Cayon, KN, Saint Kitts and Nevis","type":"Parish"},"geometry":{"type":"Polygon","coordinates":[[[2831,6932],[2809,7379],[2959,7737],[3088,7960],[3321,8090],[3670,7881],[4213,7298],[3947,7157],[3604,7157],[3282,7201],[3068,6910],[2831,6932]]]}},{"type":"Feature","id":"KN.PP","properties":{"hc-group":"admin1","hc-middle-x":0.49,"hc-middle-y":0.43,"hc-key":"kn-pp","hc-a2":"PP","labelrank":"20","hasc":"KN.PP","alt-name":null,"woe-id":"2346972","subregion":null,"fips":"SC09","postal-code":"PP","name":"Saint Paul Capesterre","country":"Saint Kitts and Nevis","type-en":"Parish","region":"Saint Kitts","longitude":"-62.8337","woe-name":"Saint Paul Capesterre","latitude":"17.3911","woe-label":"Saint Paul Capesterre, KN, Saint Kitts and Nevis","type":"Parish"},"geometry":{"type":"Polygon","coordinates":[[[769,8159],[-175,8359],[-132,8605],[-326,8694],[-454,8515],[-853,8630],[-737,9122],[-608,9240],[-519,9303],[-421,9341],[-265,9379],[139,9552],[281,9653],[403,9365],[404,9030],[426,8628],[533,8427],[748,8360],[769,8159]]]}},{"type":"Feature","id":"KN.PL","properties":{"hc-group":"admin1","hc-middle-x":0.26,"hc-middle-y":0.68,"hc-key":"kn-pl","hc-a2":"PL","labelrank":"20","hasc":"KN.PL","alt-name":null,"woe-id":"2346973","subregion":null,"fips":"SC10","postal-code":"PL","name":"Saint Paul Charlestown","country":"Saint Kitts and Nevis","type-en":"Parish","region":"Nevis","longitude":"-62.6162","woe-name":"Saint Paul Charlestown","latitude":"17.135","woe-label":null,"type":"Parish"},"geometry":{"type":"Polygon","coordinates":[[[6941,-45],[6781,381],[7761,302],[8362,549],[7912,101],[7375,-12],[6941,-45]]]}},{"type":"Feature","id":"KN.PB","properties":{"hc-group":"admin1","hc-middle-x":0.48,"hc-middle-y":0.40,"hc-key":"kn-pb","hc-a2":"PB","labelrank":"20","hasc":"KN.PB","alt-name":null,"woe-id":"2346974","subregion":null,"fips":"SC11","postal-code":"PB","name":"Saint Peter Basseterre","country":"Saint Kitts and Nevis","type-en":"Parish","region":"Saint Kitts","longitude":"-62.7065","woe-name":"Saint Peter Basseterre","latitude":"17.3221","woe-label":"Saint Peter Basseterre, KN, Saint Kitts and Nevis","type":"Parish"},"geometry":{"type":"Polygon","coordinates":[[[3197,6508],[3068,6910],[3282,7201],[3604,7157],[3947,7157],[4213,7298],[4482,7010],[4957,5845],[4658,5817],[4357,6062],[4013,6241],[3562,6329],[3412,6575],[3197,6508]]]}},{"type":"Feature","id":"KN.TL","properties":{"hc-group":"admin1","hc-middle-x":0.43,"hc-middle-y":0.58,"hc-key":"kn-tl","hc-a2":"TL","labelrank":"20","hasc":"KN.TL","alt-name":null,"woe-id":"2346975","subregion":null,"fips":"SC12","postal-code":"TL","name":"Saint Thomas Lowland","country":"Saint Kitts and Nevis","type-en":"Parish","region":"Nevis","longitude":"-62.6064","woe-name":"Saint Thomas Lowland","latitude":"17.1597","woe-label":"Saint Thomas Lowland, KN, Saint Kitts and Nevis","type":"Parish"},"geometry":{"type":"Polygon","coordinates":[[[8362,549],[7761,302],[6781,381],[7034,1832],[7236,2050],[7801,1643],[8362,549]]]}},{"type":"Feature","id":"KN.TM","properties":{"hc-group":"admin1","hc-middle-x":0.46,"hc-middle-y":0.53,"hc-key":"kn-tm","hc-a2":"TM","labelrank":"20","hasc":"KN.TM","alt-name":null,"woe-id":"2346976","subregion":null,"fips":"SC13","postal-code":"TM","name":"Saint Thomas Middle Island","country":"Saint Kitts and Nevis","type-en":"Parish","region":"Saint Kitts","longitude":"-62.7943","woe-name":"Saint Thomas Middle Island","latitude":"17.3279","woe-label":"Saint Thomas Middle Island, KN, Saint Kitts and Nevis","type":"Parish"},"geometry":{"type":"Polygon","coordinates":[[[1435,7578],[1672,7310],[1715,7087],[2531,6932],[2403,6462],[2145,6328],[2038,6037],[1963,5793],[1397,6022],[-23,6898],[212,7287],[384,7689],[534,7689],[769,8159],[1435,7578]]]}}]}