{"title":"Delaware","version":"1.1.2","type":"FeatureCollection","copyright":"Copyright (c) 2015 Highsoft AS, Based on data from The United States Census Bureau","copyrightShort":"USA Census Bureau","copyrightUrl":"http://www.census.gov","crs":{"type":"name","properties":{"name":"urn:ogc:def:crs:EPSG:102257"}},"hc-transform":{"default":{"crs":"+proj=tmerc +lat_0=38 +lon_0=-75.41666666666667 +k=0.999995 +x_0=200000 +y_0=0 +ellps=GRS80 +units=m +no_defs","scale":0.00454400191313,"jsonres":15.5,"jsonmarginX":-999,"jsonmarginY":9851.0,"xoffset":168083.656432,"yoffset":204151.095509}},
"features":[{"type":"Feature","id":"US.DE.003","properties":{"hc-group":"admin2","hc-middle-x":0.31,"hc-middle-y":0.60,"hc-key":"us-de-003","hc-a2":"NC","fips":"10003","name":"New Castle"},"geometry":{"type":"MultiPolygon","coordinates":[[[[1207,9465],[1285,9542],[1310,9523],[1317,9518],[1207,9465]]],[[[671,7724],[662,7778],[584,7859],[667,7813],[671,7724]]],[[[516,7177],[494,7270],[561,7184],[554,7183],[516,7177]]],[[[718,6195],[230,5705],[16,5716],[-176,5572],[-837,5615],[-999,8363],[-997,8942],[-398,9621],[175,9841],[265,9851],[861,9776],[1205,9602],[887,9328],[820,9012],[436,8501],[220,8421],[109,8114],[348,7802],[414,7523],[211,6910],[718,6195]]]]}},{"type":"Feature","id":"US.DE.001","properties":{"hc-group":"admin2","hc-middle-x":0.42,"hc-middle-y":0.53,"hc-key":"us-de-001","hc-a2":"KE","fips":"10001","name":"Kent"},"geometry":{"type":"Polygon","coordinates":[[[-623,1963],[-712,3478],[-837,5615],[-176,5572],[16,5716],[230,5705],[718,6195],[1141,5753],[1386,5047],[1321,4637],[1388,3725],[1701,3449],[1870,3166],[1894,2871],[1465,2988],[1287,2637],[837,2544],[615,2163],[403,2006],[-623,1963]]]}},{"type":"Feature","id":"US.DE.005","properties":{"hc-group":"admin2","hc-middle-x":0.45,"hc-middle-y":0.61,"hc-key":"us-de-005","hc-a2":"SU","fips":"10005","name":"Sussex"},"geometry":{"type":"Polygon","coordinates":[[[-623,1963],[403,2006],[615,2163],[837,2544],[1287,2637],[1465,2988],[1894,2871],[1898,2727],[2302,2195],[2781,1685],[3001,1595],[3282,1699],[3397,777],[3407,422],[3273,897],[2949,854],[3069,626],[2863,626],[3199,467],[3060,333],[2639,217],[2629,-94],[3032,88],[3173,-100],[3436,265],[3539,-995],[3455,-996],[3288,-921],[3297,-996],[2384,-999],[1712,-994],[-454,-928],[-623,1963]]]}}]}