{"title":"American Samoa congressional districts","version":"1.1.2","type":"FeatureCollection","copyright":"Copyright (c) 2015 Highsoft AS, Based on data from The United States Census Bureau","copyrightShort":"USA Census Bureau","copyrightUrl":"http://www.census.gov","crs":{"type":"name","properties":{"name":"urn:ogc:def:crs:EPSG:32702"}},"hc-transform":{"default":{"crs":"+proj=utm +zone=2 +south +datum=WGS84 +units=m +no_defs","scale":0.00466383657841,"jsonres":15.5,"jsonmarginX":-999,"jsonmarginY":9851.0,"xoffset":518198.280846,"yoffset":8433181.39719}},
"features":[{"type":"Feature","id":"AS.6514.98","properties":{"hc-group":"special","hc-middle-x":0.05,"hc-middle-y":0.77,"hc-key":"as-6514-98","hc-a2":"DD","geoid":"6098","name":"Delegate District (at Large)"},"geometry":{"type":"MultiPolygon","coordinates":[[[[9851,9229],[9796,9147],[9695,9189],[9632,9123],[9569,9094],[9500,9098],[9423,9136],[9396,9066],[9349,9030],[9285,9021],[9205,9029],[9184,9124],[9155,9206],[9113,9267],[9052,9303],[9170,9388],[9335,9417],[9667,9407],[9821,9347],[9851,9229]]],[[[8329,9785],[8137,9689],[8063,9699],[8013,9804],[8013,9804],[8076,9849],[8154,9851],[8239,9824],[8329,9785]]],[[[-143,8917],[37,9147],[326,9212],[648,9193],[875,9111],[990,9209],[1060,9161],[1050,9062],[928,9008],[474,8985],[342,8949],[152,8808],[82,8713],[-146,8404],[-356,8234],[-409,8295],[-728,8513],[-933,8618],[-999,8677],[-667,8876],[-541,8900],[-271,8895],[-143,8917]]]]}}]}