{"title":"Kansas","version":"1.1.2","type":"FeatureCollection","copyright":"Copyright (c) 2015 Highsoft AS, Based on data from The United States Census Bureau","copyrightShort":"USA Census Bureau","copyrightUrl":"http://www.census.gov","crs":{"type":"name","properties":{"name":"urn:ogc:def:crs:EPSG:102277"}},"hc-transform":{"default":{"crs":"+proj=lcc +lat_1=38.71666666666667 +lat_2=39.78333333333333 +lat_0=38.33333333333334 +lon_0=-98 +x_0=400000 +y_0=0 +ellps=GRS80 +units=m +no_defs","scale":0.0010587491733,"jsonres":15.5,"jsonmarginX":-999,"jsonmarginY":9851.0,"xoffset":40033.6655228,"yoffset":193110.754377}},
"features":[{"type":"Feature","id":"US.KS.091","properties":{"hc-group":"admin2","hc-middle-x":0.50,"hc-middle-y":0.58,"hc-key":"us-ks-091","hc-a2":"JO","fips":"20091","name":"Johnson"},"geometry":{"type":"Polygon","coordinates":[[[9107,7488],[9098,7815],[9093,7932],[9142,7966],[9247,7941],[9302,7956],[9350,8081],[9449,8056],[9727,8067],[9742,7643],[9745,7510],[9437,7499],[9107,7488]]]}},{"type":"Feature","id":"US.KS.045","properties":{"hc-group":"admin2","hc-middle-x":0.50,"hc-middle-y":0.58,"hc-key":"us-ks-045","hc-a2":"DO","fips":"20045","name":"Douglas"},"geometry":{"type":"Polygon","coordinates":[[[9093,7932],[9098,7815],[9107,7488],[8616,7474],[8474,7470],[8471,7566],[8467,7708],[8467,7708],[8462,7920],[8458,8049],[8573,8071],[8686,8010],[8746,8031],[8904,8039],[8910,7894],[8940,7926],[9054,7879],[9050,7927],[9093,7932]]]}},{"type":"Feature","id":"US.KS.165","properties":{"hc-group":"admin2","hc-middle-x":0.50,"hc-middle-y":0.50,"hc-key":"us-ks-165","hc-a2":"RU","fips":"20165","name":"Rush"},"geometry":{"type":"Polygon","coordinates":[[[3426,7353],[3434,7352],[3429,6876],[3427,6718],[3117,6726],[2635,6731],[2641,7208],[2645,7363],[3254,7355],[3420,7353],[3426,7353]]]}},{"type":"Feature","id":"US.KS.051","properties":{"hc-group":"admin2","hc-middle-x":0.50,"hc-middle-y":0.50,"hc-key":"us-ks-051","hc-a2":"EL","fips":"20051","name":"Ellis"},"geometry":{"type":"Polygon","coordinates":[[[3426,7353],[3254,7355],[2645,7363],[2627,7364],[2627,7364],[2640,7842],[2650,8157],[3209,8151],[3422,8147],[3436,8147],[3428,7684],[3420,7353],[3426,7353]]]}},{"type":"Feature","id":"US.KS.195","properties":{"hc-group":"admin2","hc-middle-x":0.50,"hc-middle-y":0.50,"hc-key":"us-ks-195","hc-a2":"TR","fips":"20195","name":"Trego"},"geometry":{"type":"Polygon","coordinates":[[[2627,7364],[1991,7376],[1834,7382],[1834,7382],[1834,7382],[1844,7699],[1861,8173],[1918,8171],[2631,8158],[2647,8158],[2650,8157],[2640,7842],[2627,7364],[2627,7364]],[[1834,7382],[1834,7383],[1834,7382],[1834,7382]]]}},{"type":"Feature","id":"US.KS.205","properties":{"hc-group":"admin2","hc-middle-x":0.50,"hc-middle-y":0.50,"hc-key":"us-ks-205","hc-a2":"WI","fips":"20205","name":"Wilson"},"geometry":{"type":"Polygon","coordinates":[[[7866,5201],[7864,5386],[7861,5571],[7859,5624],[8279,5632],[8489,5637],[8501,5210],[8506,5001],[8437,4999],[7879,4991],[7872,4990],[7872,4990],[7872,4990],[7866,5201]]]}},{"type":"Feature","id":"US.KS.125","properties":{"hc-group":"admin2","hc-middle-x":0.50,"hc-middle-y":0.50,"hc-key":"us-ks-125","hc-a2":"MO","fips":"20125","name":"Montgomery"},"geometry":{"type":"Polygon","coordinates":[[[7872,4991],[8437,4999],[8506,5001],[8508,5001],[8512,5002],[8523,4761],[8530,4301],[7949,4286],[7884,4284],[7879,4459],[7871,4831],[7867,4990],[7872,4990],[7872,4990],[7872,4991]]]}},{"type":"Feature","id":"US.KS.137","properties":{"hc-group":"admin2","hc-middle-x":0.50,"hc-middle-y":0.50,"hc-key":"us-ks-137","hc-a2":"NO","fips":"20137","name":"Norton"},"geometry":{"type":"Polygon","coordinates":[[[1834,8966],[1855,9758],[1857,9758],[2367,9746],[2631,9742],[2625,9559],[2613,8951],[2258,8957],[1860,8966],[1843,8966],[1834,8966]]]}},{"type":"Feature","id":"US.KS.065","properties":{"hc-group":"admin2","hc-middle-x":0.50,"hc-middle-y":0.50,"hc-key":"us-ks-065","hc-a2":"GR","fips":"20065","name":"Graham"},"geometry":{"type":"Polygon","coordinates":[[[1852,8649],[1860,8966],[2258,8957],[2613,8951],[2623,8950],[2649,8950],[2644,8648],[2631,8158],[1918,8171],[1861,8173],[1839,8173],[1838,8174],[1838,8174],[1852,8649]]]}},{"type":"Feature","id":"US.KS.179","properties":{"hc-group":"admin2","hc-middle-x":0.50,"hc-middle-y":0.50,"hc-key":"us-ks-179","hc-a2":"SH","fips":"20179","name":"Sheridan"},"geometry":{"type":"Polygon","coordinates":[[[1852,8649],[1839,8173],[1838,8174],[1838,8174],[1469,8185],[1048,8197],[1051,8330],[1073,8989],[1687,8971],[1834,8966],[1843,8966],[1860,8966],[1852,8649]]]}},{"type":"Feature","id":"US.KS.079","properties":{"hc-group":"admin2","hc-middle-x":0.50,"hc-middle-y":0.50,"hc-key":"us-ks-079","hc-a2":"HA","fips":"20079","name":"Harvey"},"geometry":{"type":"Polygon","coordinates":[[[5337,6392],[5469,6393],[5812,6394],[6126,6399],[6128,6240],[6131,5985],[6132,5921],[5359,5916],[5339,5916],[5338,5914],[5338,6101],[5337,6392]],[[5339,5916],[5339,5916],[5338,5919],[5339,5916],[5339,5916]]]}},{"type":"Feature","id":"US.KS.155","properties":{"hc-group":"admin2","hc-middle-x":0.50,"hc-middle-y":0.50,"hc-key":"us-ks-155","hc-a2":"RE","fips":"20155","name":"Reno"},"geometry":{"type":"Polygon","coordinates":[[[5337,6392],[5338,5919],[5339,5916],[5339,5916],[5338,5914],[5344,5593],[5186,5590],[4663,5588],[4236,5589],[4236,5757],[4226,5757],[4227,5924],[4228,6391],[4598,6391],[4598,6364],[4704,6365],[4704,6392],[5020,6391],[5165,6391],[5337,6392]]]}},{"type":"Feature","id":"US.KS.053","properties":{"hc-group":"admin2","hc-middle-x":0.50,"hc-middle-y":0.50,"hc-key":"us-ks-053","hc-a2":"EL","fips":"20053","name":"Ellsworth"},"geometry":{"type":"Polygon","coordinates":[[[5010,7662],[5010,7344],[5016,7186],[5016,7108],[5017,7027],[4967,7026],[4221,7027],[4223,7346],[4214,7346],[4216,7451],[4218,7663],[4534,7662],[5010,7662],[5010,7662]]]}},{"type":"Feature","id":"US.KS.105","properties":{"hc-group":"admin2","hc-middle-x":0.50,"hc-middle-y":0.50,"hc-key":"us-ks-105","hc-a2":"LI","fips":"20105","name":"Lincoln"},"geometry":{"type":"Polygon","coordinates":[[[5010,7662],[4534,7662],[4218,7663],[4222,8140],[4213,8140],[4213,8247],[4214,8299],[4656,8296],[5008,8296],[5009,8112],[5010,7821],[5010,7689],[5010,7662],[5010,7662],[5010,7662]]]}},{"type":"Feature","id":"US.KS.035","properties":{"hc-group":"admin2","hc-middle-x":0.50,"hc-middle-y":0.50,"hc-key":"us-ks-035","hc-a2":"CO","fips":"20035","name":"Cowley"},"geometry":{"type":"Polygon","coordinates":[[[7060,4508],[7063,4337],[7063,4268],[6755,4264],[6154,4257],[6144,4841],[6138,5125],[6587,5131],[7049,5138],[7054,4940],[7056,4822],[7060,4508]]]}},{"type":"Feature","id":"US.KS.019","properties":{"hc-group":"admin2","hc-middle-x":0.50,"hc-middle-y":0.50,"hc-key":"us-ks-019","hc-a2":"CH","fips":"20019","name":"Chautauqua"},"geometry":{"type":"Polygon","coordinates":[[[7060,4508],[7056,4732],[7056,4822],[7548,4828],[7871,4831],[7879,4459],[7884,4284],[7366,4274],[7063,4268],[7064,4268],[7063,4337],[7060,4508]]]}},{"type":"Feature","id":"US.KS.063","properties":{"hc-group":"admin2","hc-middle-x":0.50,"hc-middle-y":0.50,"hc-key":"us-ks-063","hc-a2":"GO","fips":"20063","name":"Gove"},"geometry":{"type":"Polygon","coordinates":[[[1834,7382],[1751,7385],[1700,7386],[1253,7402],[1071,7407],[983,7410],[885,7412],[895,7679],[919,8201],[919,8201],[998,8199],[1048,8197],[1469,8185],[1838,8174],[1838,8174],[1839,8173],[1861,8173],[1844,7699],[1834,7383],[1834,7382],[1834,7382],[1834,7382]]]}},{"type":"Feature","id":"US.KS.109","properties":{"hc-group":"admin2","hc-middle-x":0.50,"hc-middle-y":0.50,"hc-key":"us-ks-109","hc-a2":"LO","fips":"20109","name":"Logan"},"geometry":{"type":"Polygon","coordinates":[[[919,8201],[895,7679],[885,7412],[707,7416],[443,7428],[246,7437],[-65,7446],[-53,7669],[-25,8237],[36,8235],[97,8233],[600,8211],[919,8201],[919,8201]]]}},{"type":"Feature","id":"US.KS.135","properties":{"hc-group":"admin2","hc-middle-x":0.50,"hc-middle-y":0.50,"hc-key":"us-ks-135","hc-a2":"NE","fips":"20135","name":"Ness"},"geometry":{"type":"Polygon","coordinates":[[[1834,7382],[1991,7376],[2627,7364],[2627,7364],[2645,7363],[2641,7208],[2635,6731],[2634,6676],[2633,6572],[2035,6583],[1710,6592],[1697,6592],[1685,6592],[1696,7279],[1700,7386],[1751,7385],[1834,7382],[1834,7382]]]}},{"type":"Feature","id":"US.KS.181","properties":{"hc-group":"admin2","hc-middle-x":0.50,"hc-middle-y":0.50,"hc-key":"us-ks-181","hc-a2":"SH","fips":"20181","name":"Sherman"},"geometry":{"type":"Polygon","coordinates":[[[95,9023],[109,9022],[130,9021],[110,8560],[97,8233],[36,8235],[-25,8237],[-524,8254],[-832,8267],[-815,8706],[-800,9059],[-270,9037],[95,9023]]]}},{"type":"Feature","id":"US.KS.153","properties":{"hc-group":"admin2","hc-middle-x":0.39,"hc-middle-y":0.43,"hc-key":"us-ks-153","hc-a2":"RA","fips":"20153","name":"Rawlins"},"geometry":{"type":"Polygon","coordinates":[[[130,9021],[109,9022],[95,9023],[119,9498],[129,9813],[249,9809],[1071,9780],[1059,9466],[1044,8990],[897,8994],[130,9021]]]}},{"type":"Feature","id":"US.KS.023","properties":{"hc-group":"admin2","hc-middle-x":0.50,"hc-middle-y":0.50,"hc-key":"us-ks-023","hc-a2":"CH","fips":"20023","name":"Cheyenne"},"geometry":{"type":"Polygon","coordinates":[[[119,9498],[95,9023],[-270,9037],[-800,9059],[-768,9851],[129,9813],[119,9498]]]}},{"type":"Feature","id":"US.KS.145","properties":{"hc-group":"admin2","hc-middle-x":0.56,"hc-middle-y":0.50,"hc-key":"us-ks-145","hc-a2":"PA","fips":"20145","name":"Pawnee"},"geometry":{"type":"Polygon","coordinates":[[[3427,6718],[3425,6559],[3597,6557],[3592,6082],[3435,6083],[2962,6091],[2964,6249],[2648,6253],[2652,6571],[2633,6572],[2634,6676],[2635,6731],[3117,6726],[3427,6718]]]}},{"type":"Feature","id":"US.KS.009","properties":{"hc-group":"admin2","hc-middle-x":0.50,"hc-middle-y":0.50,"hc-key":"us-ks-009","hc-a2":"BA","fips":"20009","name":"Barton"},"geometry":{"type":"Polygon","coordinates":[[[3597,6557],[3425,6559],[3427,6718],[3429,6876],[3434,7352],[3907,7348],[4214,7346],[4223,7346],[4221,7027],[4219,6762],[4219,6552],[3875,6554],[3597,6557]]]}},{"type":"Feature","id":"US.KS.089","properties":{"hc-group":"admin2","hc-middle-x":0.50,"hc-middle-y":0.50,"hc-key":"us-ks-089","hc-a2":"JE","fips":"20089","name":"Jewell"},"geometry":{"type":"Polygon","coordinates":[[[5004,8929],[4585,8931],[4221,8932],[4199,8932],[4196,8933],[4200,9394],[4201,9725],[4524,9724],[5004,9722],[5002,9404],[5005,9088],[5004,8982],[5004,8948],[5004,8929]]]}},{"type":"Feature","id":"US.KS.123","properties":{"hc-group":"admin2","hc-middle-x":0.50,"hc-middle-y":0.50,"hc-key":"us-ks-123","hc-a2":"MI","fips":"20123","name":"Mitchell"},"geometry":{"type":"Polygon","coordinates":[[[5009,8455],[5005,8401],[5008,8296],[4656,8296],[4214,8299],[4216,8632],[4221,8932],[4585,8931],[5004,8929],[5004,8929],[5009,8929],[5009,8455]]]}},{"type":"Feature","id":"US.KS.029","properties":{"hc-group":"admin2","hc-middle-x":0.50,"hc-middle-y":0.50,"hc-key":"us-ks-029","hc-a2":"CL","fips":"20029","name":"Cloud"},"geometry":{"type":"Polygon","coordinates":[[[5009,8455],[5004,8929],[5004,8929],[5004,8982],[5005,9088],[5472,9088],[5797,9091],[5798,9060],[5799,8933],[5800,8673],[5800,8457],[5724,8457],[5009,8455]]]}},{"type":"Feature","id":"US.KS.143","properties":{"hc-group":"admin2","hc-middle-x":0.50,"hc-middle-y":0.50,"hc-key":"us-ks-143","hc-a2":"OT","fips":"20143","name":"Ottawa"},"geometry":{"type":"Polygon","coordinates":[[[5008,8296],[5005,8401],[5009,8455],[5724,8457],[5800,8457],[5800,8219],[5801,8140],[5802,7929],[5802,7823],[5207,7820],[5010,7821],[5009,8112],[5008,8296]]]}},{"type":"Feature","id":"US.KS.071","properties":{"hc-group":"admin2","hc-middle-x":0.50,"hc-middle-y":0.50,"hc-key":"us-ks-071","hc-a2":"GR","fips":"20071","name":"Greeley"},"geometry":{"type":"Polygon","coordinates":[[[-215,6655],[-521,6666],[-899,6682],[-890,6904],[-865,7474],[-496,7459],[-183,7450],[-195,7144],[-215,6655]]]}},{"type":"Feature","id":"US.KS.075","properties":{"hc-group":"admin2","hc-middle-x":0.51,"hc-middle-y":0.50,"hc-key":"us-ks-075","hc-a2":"HA","fips":"20075","name":"Hamilton"},"geometry":{"type":"Polygon","coordinates":[[[-521,6666],[-215,6655],[-204,6655],[-178,6654],[-210,5861],[-187,5860],[-194,5694],[-519,5708],[-938,5729],[-922,6177],[-899,6682],[-521,6666]]]}},{"type":"Feature","id":"US.KS.041","properties":{"hc-group":"admin2","hc-middle-x":0.46,"hc-middle-y":0.50,"hc-key":"us-ks-041","hc-a2":"DI","fips":"20041","name":"Dickinson"},"geometry":{"type":"Polygon","coordinates":[[[5802,7823],[5802,7929],[5801,8140],[6045,8145],[6379,8146],[6382,7841],[6435,7867],[6437,7669],[6489,7669],[6490,7564],[6437,7563],[6437,7194],[6122,7191],[5806,7188],[5802,7743],[5802,7823]]]}},{"type":"Feature","id":"US.KS.131","properties":{"hc-group":"admin2","hc-middle-x":0.50,"hc-middle-y":0.50,"hc-key":"us-ks-131","hc-a2":"NE","fips":"20131","name":"Nemaha"},"geometry":{"type":"Polygon","coordinates":[[[7678,8958],[7556,8956],[7391,8952],[7387,9111],[7376,9744],[7696,9750],[8008,9757],[8017,9318],[8022,9124],[8026,8966],[7678,8958]]]}},{"type":"Feature","id":"US.KS.149","properties":{"hc-group":"admin2","hc-middle-x":0.55,"hc-middle-y":0.47,"hc-key":"us-ks-149","hc-a2":"PO","fips":"20149","name":"Pottawatomie"},"geometry":{"type":"Polygon","coordinates":[[[7391,8952],[7556,8956],[7678,8958],[7687,8612],[7692,8321],[7695,8163],[7691,8157],[7620,8203],[7663,8214],[7625,8278],[7490,8268],[7489,8293],[7411,8308],[7356,8247],[7326,8275],[7283,8257],[7275,8208],[7193,8231],[7095,8262],[7092,8223],[7012,8225],[7012,8254],[6952,8246],[6967,8293],[6945,8352],[6919,8338],[6835,8444],[6792,8535],[6708,8644],[6735,8750],[6789,8776],[6821,8856],[6894,8903],[6908,8944],[7024,8945],[7391,8952]]]}},{"type":"Feature","id":"US.KS.013","properties":{"hc-group":"admin2","hc-middle-x":0.50,"hc-middle-y":0.50,"hc-key":"us-ks-013","hc-a2":"BR","fips":"20013","name":"Brown"},"geometry":{"type":"Polygon","coordinates":[[[8654,9141],[8424,9134],[8339,9132],[8102,9126],[8022,9124],[8017,9318],[8008,9757],[8352,9766],[8636,9773],[8641,9592],[8654,9141]]]}},{"type":"Feature","id":"US.KS.005","properties":{"hc-group":"admin2","hc-middle-x":0.37,"hc-middle-y":0.50,"hc-key":"us-ks-005","hc-a2":"AT","fips":"20005","name":"Atchison"},"geometry":{"type":"Polygon","coordinates":[[[8339,9132],[8424,9134],[8654,9141],[8971,9150],[8997,9093],[9060,9085],[9057,9022],[9007,9021],[8979,8980],[8995,8933],[9071,8871],[9097,8805],[9159,8780],[9191,8731],[9187,8731],[8891,8722],[8497,8714],[8341,8706],[8334,8973],[8339,9132]]]}},{"type":"Feature","id":"US.KS.127","properties":{"hc-group":"admin2","hc-middle-x":0.50,"hc-middle-y":0.50,"hc-key":"us-ks-127","hc-a2":"MO","fips":"20127","name":"Morris"},"geometry":{"type":"Polygon","coordinates":[[[7259,7442],[7262,7207],[7264,7046],[7105,7043],[6597,7037],[6440,7035],[6437,7194],[6437,7563],[6490,7564],[6489,7669],[6753,7673],[7042,7677],[7044,7597],[7202,7600],[7206,7441],[7259,7442]]]}},{"type":"Feature","id":"US.KS.111","properties":{"hc-group":"admin2","hc-middle-x":0.50,"hc-middle-y":0.50,"hc-key":"us-ks-111","hc-a2":"LY","fips":"20111","name":"Lyon"},"geometry":{"type":"Polygon","coordinates":[[[7264,7046],[7262,7207],[7259,7442],[7389,7445],[7839,7454],[7835,7375],[7845,6899],[7853,6581],[7841,6581],[7844,6419],[7844,6419],[7844,6419],[7844,6419],[7841,6419],[7415,6414],[7271,6411],[7270,6570],[7264,7046]]]}},{"type":"Feature","id":"US.KS.073","properties":{"hc-group":"admin2","hc-middle-x":0.50,"hc-middle-y":0.53,"hc-key":"us-ks-073","hc-a2":"GR","fips":"20073","name":"Greenwood"},"geometry":{"type":"MultiPolygon","coordinates":[[[[7271,6411],[7415,6414],[7844,6419],[7844,6419],[7844,6419],[7847,6261],[7849,6181],[7849,6181],[7859,5784],[7859,5624],[7861,5571],[7864,5386],[7481,5382],[7046,5376],[7039,5726],[7035,6249],[7272,6252],[7271,6411]]],[[[7844,6419],[7844,6419],[7844,6419],[7844,6419]]]]}},{"type":"Feature","id":"US.KS.161","properties":{"hc-group":"admin2","hc-middle-x":0.28,"hc-middle-y":0.50,"hc-key":"us-ks-161","hc-a2":"RI","fips":"20161","name":"Riley"},"geometry":{"type":"Polygon","coordinates":[[[7193,8231],[7194,7996],[7038,7994],[7037,8047],[6746,8043],[6745,8076],[6539,8068],[6567,8161],[6540,8161],[6538,8306],[6380,8306],[6376,8703],[6376,8937],[6482,8938],[6591,8939],[6802,8943],[6908,8944],[6894,8903],[6821,8856],[6789,8776],[6735,8750],[6708,8644],[6792,8535],[6835,8444],[6919,8338],[6945,8352],[6967,8293],[6952,8246],[7012,8254],[7012,8225],[7092,8223],[7095,8262],[7193,8231]]]}},{"type":"Feature","id":"US.KS.197","properties":{"hc-group":"admin2","hc-middle-x":0.50,"hc-middle-y":0.50,"hc-key":"us-ks-197","hc-a2":"WA","fips":"20197","name":"Wabaunsee"},"geometry":{"type":"Polygon","coordinates":[[[7038,7994],[7194,7996],[7193,8231],[7275,8208],[7283,8257],[7326,8275],[7356,8247],[7411,8308],[7489,8293],[7490,8268],[7625,8278],[7663,8214],[7620,8203],[7691,8157],[7823,8109],[7832,7693],[7833,7640],[7839,7454],[7389,7445],[7259,7442],[7206,7441],[7202,7600],[7044,7597],[7042,7677],[7039,7862],[7038,7994]]]}},{"type":"Feature","id":"US.KS.061","properties":{"hc-group":"admin2","hc-middle-x":0.50,"hc-middle-y":0.68,"hc-key":"us-ks-061","hc-a2":"GE","fips":"20061","name":"Geary"},"geometry":{"type":"Polygon","coordinates":[[[7038,7994],[7039,7862],[7042,7677],[6753,7673],[6489,7669],[6437,7669],[6435,7867],[6382,7841],[6379,8146],[6382,8146],[6380,8306],[6538,8306],[6540,8161],[6567,8161],[6539,8068],[6745,8076],[6746,8043],[7037,8047],[7038,7994]]]}},{"type":"Feature","id":"US.KS.115","properties":{"hc-group":"admin2","hc-middle-x":0.50,"hc-middle-y":0.47,"hc-key":"us-ks-115","hc-a2":"MA","fips":"20115","name":"Marion"},"geometry":{"type":"Polygon","coordinates":[[[6437,7194],[6440,7035],[6597,7037],[6602,6721],[6576,6721],[6577,6241],[6450,6240],[6128,6240],[6126,6399],[5812,6394],[5809,6827],[5806,7188],[6122,7191],[6437,7194]]]}},{"type":"Feature","id":"US.KS.095","properties":{"hc-group":"admin2","hc-middle-x":0.50,"hc-middle-y":0.50,"hc-key":"us-ks-095","hc-a2":"KI","fips":"20095","name":"Kingman"},"geometry":{"type":"Polygon","coordinates":[[[4400,4953],[4232,4954],[4233,5113],[4234,5383],[4236,5589],[4663,5588],[5186,5590],[5186,5431],[5188,5117],[5188,5012],[5189,4957],[4692,4953],[4400,4953]]]}},{"type":"Feature","id":"US.KS.141","properties":{"hc-group":"admin2","hc-middle-x":0.50,"hc-middle-y":0.50,"hc-key":"us-ks-141","hc-a2":"OS","fips":"20141","name":"Osborne"},"geometry":{"type":"Polygon","coordinates":[[[3436,8147],[3422,8147],[3431,8622],[3436,8940],[4106,8933],[4196,8933],[4199,8932],[4221,8932],[4221,8932],[4216,8632],[4214,8299],[4213,8247],[4213,8140],[3891,8143],[3436,8147]]]}},{"type":"Feature","id":"US.KS.085","properties":{"hc-group":"admin2","hc-middle-x":0.50,"hc-middle-y":0.60,"hc-key":"us-ks-085","hc-a2":"JA","fips":"20085","name":"Jackson"},"geometry":{"type":"Polygon","coordinates":[[[8339,9132],[8334,8973],[8341,8706],[8314,8705],[8324,8336],[8273,8335],[7692,8321],[7687,8612],[7678,8958],[8026,8966],[8022,9124],[8102,9126],[8339,9132]]]}},{"type":"Feature","id":"US.KS.037","properties":{"hc-group":"admin2","hc-middle-x":0.50,"hc-middle-y":0.50,"hc-key":"us-ks-037","hc-a2":"CR","fips":"20037","name":"Crawford"},"geometry":{"type":"Polygon","coordinates":[[[9163,4941],[9161,5021],[9141,5020],[9134,5232],[9125,5549],[9201,5553],[9805,5571],[9819,5256],[9828,4961],[9405,4949],[9163,4941]]]}},{"type":"Feature","id":"US.KS.099","properties":{"hc-group":"admin2","hc-middle-x":0.49,"hc-middle-y":0.50,"hc-key":"us-ks-099","hc-a2":"LA","fips":"20099","name":"Labette"},"geometry":{"type":"Polygon","coordinates":[[[9141,5020],[9161,5021],[9163,4941],[9170,4763],[9185,4321],[9051,4317],[8530,4301],[8523,4761],[8512,5002],[9076,5019],[9141,5020]]]}},{"type":"Feature","id":"US.KS.049","properties":{"hc-group":"admin2","hc-middle-x":0.50,"hc-middle-y":0.50,"hc-key":"us-ks-049","hc-a2":"EL","fips":"20049","name":"Elk"},"geometry":{"type":"Polygon","coordinates":[[[7872,4990],[7867,4990],[7871,4831],[7548,4828],[7056,4822],[7054,4940],[7049,5138],[7048,5181],[7046,5376],[7481,5382],[7864,5386],[7866,5201],[7872,4991],[7872,4990],[7872,4990],[7872,4990]]]}},{"type":"Feature","id":"US.KS.133","properties":{"hc-group":"admin2","hc-middle-x":0.50,"hc-middle-y":0.50,"hc-key":"us-ks-133","hc-a2":"NE","fips":"20133","name":"Neosho"},"geometry":{"type":"Polygon","coordinates":[[[8512,5002],[8508,5001],[8506,5001],[8501,5210],[8489,5637],[9003,5652],[9121,5655],[9124,5577],[9125,5549],[9134,5232],[9141,5020],[9076,5019],[8512,5002]]]}},{"type":"Feature","id":"US.KS.057","properties":{"hc-group":"admin2","hc-middle-x":0.50,"hc-middle-y":0.50,"hc-key":"us-ks-057","hc-a2":"FO","fips":"20057","name":"Ford"},"geometry":{"type":"Polygon","coordinates":[[[2642,5936],[2639,5777],[2654,5776],[2652,5611],[2651,5420],[2648,5124],[2331,5130],[1848,5153],[1823,5154],[1690,5158],[1708,5798],[1690,5799],[1694,5958],[1694,5958],[1997,5949],[2642,5936]]]}},{"type":"Feature","id":"US.KS.047","properties":{"hc-group":"admin2","hc-middle-x":0.50,"hc-middle-y":0.62,"hc-key":"us-ks-047","hc-a2":"ED","fips":"20047","name":"Edwards"},"geometry":{"type":"Polygon","coordinates":[[[2652,5611],[2654,5776],[2639,5777],[2642,5936],[2645,6046],[2648,6253],[2964,6249],[2962,6091],[3435,6083],[3430,5765],[3444,5765],[3442,5644],[3442,5596],[2941,5604],[2652,5611]]]}},{"type":"Feature","id":"US.KS.151","properties":{"hc-group":"admin2","hc-middle-x":0.50,"hc-middle-y":0.50,"hc-key":"us-ks-151","hc-a2":"PR","fips":"20151","name":"Pratt"},"geometry":{"type":"Polygon","coordinates":[[[4226,5757],[4236,5757],[4236,5589],[4234,5383],[4233,5113],[3967,5113],[3438,5118],[3437,5433],[3442,5596],[3442,5644],[3444,5765],[3780,5761],[4226,5757]]]}},{"type":"Feature","id":"US.KS.169","properties":{"hc-group":"admin2","hc-middle-x":0.50,"hc-middle-y":0.50,"hc-key":"us-ks-169","hc-a2":"SA","fips":"20169","name":"Saline"},"geometry":{"type":"Polygon","coordinates":[[[5010,7689],[5010,7821],[5207,7820],[5802,7823],[5802,7743],[5806,7188],[5380,7185],[5016,7186],[5010,7344],[5010,7662],[5010,7662],[5010,7662],[5010,7689]]]}},{"type":"Feature","id":"US.KS.113","properties":{"hc-group":"admin2","hc-middle-x":0.50,"hc-middle-y":0.50,"hc-key":"us-ks-113","hc-a2":"MC","fips":"20113","name":"McPherson"},"geometry":{"type":"Polygon","coordinates":[[[5017,7027],[5016,7108],[5016,7186],[5380,7185],[5806,7188],[5809,6827],[5812,6394],[5469,6393],[5337,6392],[5165,6391],[5020,6391],[5016,6549],[5017,7027]]]}},{"type":"Feature","id":"US.KS.203","properties":{"hc-group":"admin2","hc-middle-x":0.50,"hc-middle-y":0.50,"hc-key":"us-ks-203","hc-a2":"WI","fips":"20203","name":"Wichita"},"geometry":{"type":"Polygon","coordinates":[[[-178,6654],[-204,6655],[-215,6655],[-195,7144],[-183,7450],[-148,7449],[-65,7446],[246,7437],[443,7428],[427,6939],[420,6634],[101,6644],[-178,6654]]]}},{"type":"Feature","id":"US.KS.167","properties":{"hc-group":"admin2","hc-middle-x":0.50,"hc-middle-y":0.50,"hc-key":"us-ks-167","hc-a2":"RU","fips":"20167","name":"Russell"},"geometry":{"type":"Polygon","coordinates":[[[3434,7352],[3426,7353],[3420,7353],[3428,7684],[3436,8147],[3891,8143],[4213,8140],[4222,8140],[4218,7663],[4216,7451],[4214,7346],[3907,7348],[3434,7352]]]}},{"type":"Feature","id":"US.KS.163","properties":{"hc-group":"admin2","hc-middle-x":0.50,"hc-middle-y":0.50,"hc-key":"us-ks-163","hc-a2":"RO","fips":"20163","name":"Rooks"},"geometry":{"type":"Polygon","coordinates":[[[2650,8157],[2647,8158],[2631,8158],[2644,8648],[2649,8950],[2921,8945],[3405,8940],[3421,8940],[3436,8940],[3431,8622],[3422,8147],[3209,8151],[2650,8157]]]}},{"type":"Feature","id":"US.KS.011","properties":{"hc-group":"admin2","hc-middle-x":0.49,"hc-middle-y":0.50,"hc-key":"us-ks-011","hc-a2":"BO","fips":"20011","name":"Bourbon"},"geometry":{"type":"Polygon","coordinates":[[[9125,5549],[9124,5577],[9121,5655],[9116,5814],[9128,5814],[9118,6211],[9301,6216],[9786,6233],[9799,5758],[9805,5571],[9201,5553],[9125,5549]]]}},{"type":"Feature","id":"US.KS.055","properties":{"hc-group":"admin2","hc-middle-x":0.34,"hc-middle-y":0.50,"hc-key":"us-ks-055","hc-a2":"FI","fips":"20055","name":"Finney"},"geometry":{"type":"Polygon","coordinates":[[[1685,6592],[1697,6592],[1710,6592],[1704,6274],[1699,6116],[1068,6136],[1057,5819],[1077,5819],[1071,5650],[597,5666],[438,5671],[444,5839],[424,5840],[452,6633],[735,6625],[1053,6613],[1399,6601],[1685,6592]]]}},{"type":"Feature","id":"US.KS.083","properties":{"hc-group":"admin2","hc-middle-x":0.50,"hc-middle-y":0.50,"hc-key":"us-ks-083","hc-a2":"HO","fips":"20083","name":"Hodgeman"},"geometry":{"type":"Polygon","coordinates":[[[2633,6572],[2652,6571],[2648,6253],[2645,6046],[2642,5936],[1997,5949],[1694,5958],[1694,5958],[1697,6048],[1699,6116],[1704,6274],[1710,6592],[2035,6583],[2633,6572]]]}},{"type":"Feature","id":"US.KS.039","properties":{"hc-group":"admin2","hc-middle-x":0.56,"hc-middle-y":0.63,"hc-key":"us-ks-039","hc-a2":"DE","fips":"20039","name":"Decatur"},"geometry":{"type":"Polygon","coordinates":[[[1073,8989],[1067,8989],[1044,8990],[1059,9466],[1071,9780],[1411,9770],[1855,9758],[1844,9366],[1834,8966],[1687,8971],[1073,8989]]]}},{"type":"Feature","id":"US.KS.193","properties":{"hc-group":"admin2","hc-middle-x":0.66,"hc-middle-y":0.57,"hc-key":"us-ks-193","hc-a2":"TH","fips":"20193","name":"Thomas"},"geometry":{"type":"Polygon","coordinates":[[[1044,8990],[1067,8989],[1073,8989],[1051,8330],[1048,8197],[998,8199],[919,8201],[919,8201],[600,8211],[97,8233],[110,8560],[130,9021],[897,8994],[1044,8990]]]}},{"type":"Feature","id":"US.KS.147","properties":{"hc-group":"admin2","hc-middle-x":0.50,"hc-middle-y":0.50,"hc-key":"us-ks-147","hc-a2":"PH","fips":"20147","name":"Phillips"},"geometry":{"type":"Polygon","coordinates":[[[2649,8950],[2623,8950],[2613,8951],[2625,9559],[2631,9742],[3073,9735],[3413,9731],[3409,9324],[3405,8940],[2921,8945],[2649,8950]]]}},{"type":"Feature","id":"US.KS.069","properties":{"hc-group":"admin2","hc-middle-x":0.50,"hc-middle-y":0.50,"hc-key":"us-ks-069","hc-a2":"GR","fips":"20069","name":"Gray"},"geometry":{"type":"Polygon","coordinates":[[[1694,5958],[1690,5799],[1708,5798],[1690,5158],[1448,5163],[1057,5174],[1064,5395],[1071,5650],[1077,5819],[1057,5819],[1068,6136],[1699,6116],[1697,6048],[1694,5958],[1694,5958]]]}},{"type":"Feature","id":"US.KS.175","properties":{"hc-group":"admin2","hc-middle-x":0.50,"hc-middle-y":0.50,"hc-key":"us-ks-175","hc-a2":"SE","fips":"20175","name":"Seward"},"geometry":{"type":"Polygon","coordinates":[[[1052,5015],[1079,5015],[1063,4539],[1059,4309],[912,4311],[427,4325],[435,4638],[448,5035],[541,5032],[1052,5015]]]}},{"type":"Feature","id":"US.KS.119","properties":{"hc-group":"admin2","hc-middle-x":0.49,"hc-middle-y":0.50,"hc-key":"us-ks-119","hc-a2":"ME","fips":"20119","name":"Meade"},"geometry":{"type":"Polygon","coordinates":[[[1690,5158],[1823,5154],[1848,5153],[1845,4994],[1867,4993],[1854,4292],[1536,4299],[1059,4309],[1063,4539],[1079,5015],[1052,5015],[1052,5015],[1053,5042],[1057,5174],[1448,5163],[1690,5158]]]}},{"type":"Feature","id":"US.KS.081","properties":{"hc-group":"admin2","hc-middle-x":0.50,"hc-middle-y":0.50,"hc-key":"us-ks-081","hc-a2":"HA","fips":"20081","name":"Haskell"},"geometry":{"type":"Polygon","coordinates":[[[1057,5174],[1053,5042],[1052,5015],[541,5032],[448,5035],[433,5035],[417,5036],[430,5468],[438,5671],[597,5666],[1071,5650],[1064,5395],[1057,5174]]]}},{"type":"Feature","id":"US.KS.007","properties":{"hc-group":"admin2","hc-middle-x":0.45,"hc-middle-y":0.50,"hc-key":"us-ks-007","hc-a2":"BA","fips":"20007","name":"Barber"},"geometry":{"type":"Polygon","coordinates":[[[4233,5113],[4232,4954],[4400,4953],[4400,4953],[4400,4953],[4400,4895],[4400,4687],[4400,4659],[4400,4572],[4401,4250],[3743,4257],[3446,4260],[3452,4961],[3438,4961],[3438,5046],[3438,5118],[3967,5113],[4233,5113]]]}},{"type":"Feature","id":"US.KS.103","properties":{"hc-group":"admin2","hc-middle-x":0.37,"hc-middle-y":0.50,"hc-key":"us-ks-103","hc-a2":"LE","fips":"20103","name":"Leavenworth"},"geometry":{"type":"Polygon","coordinates":[[[9302,7956],[9247,7941],[9142,7966],[9093,7932],[9050,7927],[9054,7879],[8940,7926],[8910,7894],[8904,8039],[8898,8193],[8909,8194],[8891,8722],[9187,8731],[9191,8731],[9231,8679],[9305,8687],[9320,8657],[9278,8611],[9298,8515],[9401,8430],[9397,8368],[9478,8343],[9301,8341],[9294,8206],[9302,7956]]]}},{"type":"Feature","id":"US.KS.093","properties":{"hc-group":"admin2","hc-middle-x":0.51,"hc-middle-y":0.50,"hc-key":"us-ks-093","hc-a2":"KE","fips":"20093","name":"Kearny"},"geometry":{"type":"Polygon","coordinates":[[[420,6634],[439,6633],[452,6633],[424,5840],[444,5839],[438,5671],[113,5682],[-194,5694],[-187,5860],[-210,5861],[-178,6654],[101,6644],[420,6634]]]}},{"type":"Feature","id":"US.KS.171","properties":{"hc-group":"admin2","hc-middle-x":0.50,"hc-middle-y":0.50,"hc-key":"us-ks-171","hc-a2":"SC","fips":"20171","name":"Scott"},"geometry":{"type":"Polygon","coordinates":[[[452,6633],[439,6633],[420,6634],[427,6939],[443,7428],[707,7416],[885,7412],[983,7410],[1071,7407],[1061,6944],[1053,6613],[735,6625],[452,6633]]]}},{"type":"Feature","id":"US.KS.177","properties":{"hc-group":"admin2","hc-middle-x":0.56,"hc-middle-y":0.50,"hc-key":"us-ks-177","hc-a2":"SH","fips":"20177","name":"Shawnee"},"geometry":{"type":"Polygon","coordinates":[[[7691,8157],[7695,8163],[7692,8321],[8273,8335],[8324,8336],[8329,8177],[8321,8060],[8389,8068],[8458,8049],[8462,7920],[8467,7708],[8045,7696],[7832,7693],[7823,8109],[7691,8157]]]}},{"type":"Feature","id":"US.KS.187","properties":{"hc-group":"admin2","hc-middle-x":0.50,"hc-middle-y":0.50,"hc-key":"us-ks-187","hc-a2":"ST","fips":"20187","name":"Stanton"},"geometry":{"type":"Polygon","coordinates":[[[-217,5060],[-243,5061],[-262,5062],[-427,5069],[-966,5093],[-955,5359],[-938,5729],[-519,5708],[-194,5694],[-199,5527],[-217,5060]]]}},{"type":"Feature","id":"US.KS.189","properties":{"hc-group":"admin2","hc-middle-x":0.50,"hc-middle-y":0.50,"hc-key":"us-ks-189","hc-a2":"ST","fips":"20189","name":"Stevens"},"geometry":{"type":"Polygon","coordinates":[[[-262,5062],[-243,5061],[-217,5060],[41,5050],[417,5036],[433,5035],[448,5035],[435,4638],[427,4325],[261,4329],[-288,4346],[-271,4789],[-262,5062]]]}},{"type":"Feature","id":"US.KS.031","properties":{"hc-group":"admin2","hc-middle-x":0.50,"hc-middle-y":0.50,"hc-key":"us-ks-031","hc-a2":"CO","fips":"20031","name":"Coffey"},"geometry":{"type":"Polygon","coordinates":[[[7847,6261],[7844,6419],[7844,6419],[7844,6419],[7844,6419],[7844,6419],[7841,6581],[7853,6581],[7845,6899],[8083,6904],[8478,6914],[8479,6888],[8480,6835],[8488,6596],[8475,6596],[8483,6193],[8220,6188],[7849,6181],[7849,6181],[7847,6261]]]}},{"type":"Feature","id":"US.KS.059","properties":{"hc-group":"admin2","hc-middle-x":0.50,"hc-middle-y":0.50,"hc-key":"us-ks-059","hc-a2":"FR","fips":"20059","name":"Franklin"},"geometry":{"type":"Polygon","coordinates":[[[8480,6835],[8479,6888],[8478,6914],[8466,7390],[8474,7470],[8616,7474],[9107,7488],[9097,7408],[9115,6853],[8823,6844],[8480,6835]]]}},{"type":"Feature","id":"US.KS.207","properties":{"hc-group":"admin2","hc-middle-x":0.50,"hc-middle-y":0.50,"hc-key":"us-ks-207","hc-a2":"WO","fips":"20207","name":"Woodson"},"geometry":{"type":"Polygon","coordinates":[[[7849,6181],[7849,6181],[8220,6188],[8483,6193],[8493,5796],[8489,5637],[8279,5632],[7859,5624],[7859,5784],[7849,6181]]]}},{"type":"Feature","id":"US.KS.139","properties":{"hc-group":"admin2","hc-middle-x":0.50,"hc-middle-y":0.50,"hc-key":"us-ks-139","hc-a2":"OS","fips":"20139","name":"Osage"},"geometry":{"type":"Polygon","coordinates":[[[7839,7454],[7833,7640],[7832,7693],[8045,7696],[8467,7708],[8471,7566],[8474,7470],[8466,7390],[8478,6914],[8083,6904],[7845,6899],[7835,7375],[7839,7454]]]}},{"type":"Feature","id":"US.KS.183","properties":{"hc-group":"admin2","hc-middle-x":0.50,"hc-middle-y":0.50,"hc-key":"us-ks-183","hc-a2":"SM","fips":"20183","name":"Smith"},"geometry":{"type":"Polygon","coordinates":[[[3436,8940],[3421,8940],[3405,8940],[3409,9324],[3413,9731],[4102,9725],[4201,9725],[4200,9394],[4196,8933],[4106,8933],[3436,8940]]]}},{"type":"Feature","id":"US.KS.199","properties":{"hc-group":"admin2","hc-middle-x":0.62,"hc-middle-y":0.63,"hc-key":"us-ks-199","hc-a2":"WA","fips":"20199","name":"Wallace"},"geometry":{"type":"Polygon","coordinates":[[[-65,7446],[-148,7449],[-183,7450],[-496,7459],[-865,7474],[-852,7764],[-832,8267],[-524,8254],[-25,8237],[-53,7669],[-65,7446]]]}},{"type":"Feature","id":"US.KS.173","properties":{"hc-group":"admin2","hc-middle-x":0.53,"hc-middle-y":0.50,"hc-key":"us-ks-173","hc-a2":"SE","fips":"20173","name":"Sedgwick"},"geometry":{"type":"Polygon","coordinates":[[[5339,5916],[5359,5916],[5824,5918],[6132,5921],[6132,5762],[6138,5125],[5824,5125],[5188,5117],[5186,5431],[5186,5590],[5344,5593],[5338,5914],[5339,5916],[5339,5916]]]}},{"type":"Feature","id":"US.KS.077","properties":{"hc-group":"admin2","hc-middle-x":0.50,"hc-middle-y":0.50,"hc-key":"us-ks-077","hc-a2":"HA","fips":"20077","name":"Harper"},"geometry":{"type":"Polygon","coordinates":[[[4401,4250],[4401,4250],[4400,4572],[4400,4687],[4400,4852],[4400,4895],[4400,4953],[4400,4953],[4400,4953],[4400,4953],[4400,4953],[4692,4953],[5189,4957],[5197,4639],[5197,4250],[4469,4249],[4401,4250]]]}},{"type":"Feature","id":"US.KS.191","properties":{"hc-group":"admin2","hc-middle-x":0.50,"hc-middle-y":0.50,"hc-key":"us-ks-191","hc-a2":"SU","fips":"20191","name":"Sumner"},"geometry":{"type":"Polygon","coordinates":[[[6154,4257],[5694,4252],[5197,4250],[5197,4639],[5189,4957],[5188,5012],[5188,5117],[5824,5125],[6138,5125],[6144,4841],[6154,4257]]]}},{"type":"Feature","id":"US.KS.001","properties":{"hc-group":"admin2","hc-middle-x":0.50,"hc-middle-y":0.50,"hc-key":"us-ks-001","hc-a2":"AL","fips":"20001","name":"Allen"},"geometry":{"type":"Polygon","coordinates":[[[9121,5655],[9003,5652],[8489,5637],[8493,5796],[8483,6193],[8744,6200],[9118,6211],[9128,5814],[9116,5814],[9121,5655]]]}},{"type":"Feature","id":"US.KS.121","properties":{"hc-group":"admin2","hc-middle-x":0.50,"hc-middle-y":0.50,"hc-key":"us-ks-121","hc-a2":"MI","fips":"20121","name":"Miami"},"geometry":{"type":"Polygon","coordinates":[[[9115,6853],[9097,7408],[9107,7488],[9437,7499],[9745,7510],[9750,7269],[9763,6874],[9422,6861],[9115,6853]]]}},{"type":"Feature","id":"US.KS.021","properties":{"hc-group":"admin2","hc-middle-x":0.50,"hc-middle-y":0.50,"hc-key":"us-ks-021","hc-a2":"CH","fips":"20021","name":"Cherokee"},"geometry":{"type":"Polygon","coordinates":[[[9163,4941],[9405,4949],[9828,4961],[9851,4343],[9185,4321],[9170,4763],[9163,4941]]]}},{"type":"Feature","id":"US.KS.033","properties":{"hc-group":"admin2","hc-middle-x":0.50,"hc-middle-y":0.50,"hc-key":"us-ks-033","hc-a2":"CO","fips":"20033","name":"Comanche"},"geometry":{"type":"Polygon","coordinates":[[[3446,4260],[2780,4269],[2656,4271],[2657,4629],[2664,4966],[3000,4963],[3438,4961],[3452,4961],[3446,4260]]]}},{"type":"Feature","id":"US.KS.185","properties":{"hc-group":"admin2","hc-middle-x":0.60,"hc-middle-y":0.50,"hc-key":"us-ks-185","hc-a2":"ST","fips":"20185","name":"Stafford"},"geometry":{"type":"Polygon","coordinates":[[[4226,5757],[3780,5761],[3444,5765],[3430,5765],[3435,6083],[3592,6082],[3597,6557],[3875,6554],[4219,6552],[4230,6551],[4228,6391],[4227,5924],[4226,5757]]]}},{"type":"Feature","id":"US.KS.159","properties":{"hc-group":"admin2","hc-middle-x":0.50,"hc-middle-y":0.50,"hc-key":"us-ks-159","hc-a2":"RI","fips":"20159","name":"Rice"},"geometry":{"type":"Polygon","coordinates":[[[5020,6391],[4704,6392],[4704,6365],[4598,6364],[4598,6391],[4228,6391],[4230,6551],[4219,6552],[4219,6762],[4221,7027],[4967,7026],[5017,7027],[5016,6549],[5020,6391]]]}},{"type":"Feature","id":"US.KS.117","properties":{"hc-group":"admin2","hc-middle-x":0.50,"hc-middle-y":0.50,"hc-key":"us-ks-117","hc-a2":"MA","fips":"20117","name":"Marshall"},"geometry":{"type":"Polygon","coordinates":[[[7376,9744],[7387,9111],[7391,8952],[7024,8945],[6908,8944],[6802,8943],[6591,8939],[6586,9274],[6582,9732],[7061,9739],[7376,9744]]]}},{"type":"Feature","id":"US.KS.015","properties":{"hc-group":"admin2","hc-middle-x":0.50,"hc-middle-y":0.50,"hc-key":"us-ks-015","hc-a2":"BU","fips":"20015","name":"Butler"},"geometry":{"type":"Polygon","coordinates":[[[7049,5138],[6587,5131],[6138,5125],[6132,5762],[6132,5921],[6131,5985],[6128,6240],[6450,6240],[6577,6241],[6860,6247],[7035,6249],[7039,5726],[7046,5376],[7048,5181],[7049,5138]]]}},{"type":"Feature","id":"US.KS.017","properties":{"hc-group":"admin2","hc-middle-x":0.50,"hc-middle-y":0.50,"hc-key":"us-ks-017","hc-a2":"CH","fips":"20017","name":"Chase"},"geometry":{"type":"Polygon","coordinates":[[[7035,6249],[6860,6247],[6577,6241],[6576,6721],[6602,6721],[6597,7037],[7105,7043],[7264,7046],[7270,6570],[7271,6411],[7272,6252],[7035,6249]]]}},{"type":"Feature","id":"US.KS.043","properties":{"hc-group":"admin2","hc-middle-x":0.40,"hc-middle-y":0.61,"hc-key":"us-ks-043","hc-a2":"DO","fips":"20043","name":"Doniphan"},"geometry":{"type":"Polygon","coordinates":[[[8654,9141],[8641,9592],[8636,9773],[8680,9774],[8764,9683],[8828,9669],[8832,9607],[8913,9607],[8923,9564],[9001,9533],[9070,9542],[9104,9607],[9181,9610],[9220,9584],[9205,9521],[9296,9467],[9292,9426],[9217,9378],[9259,9355],[9309,9381],[9325,9347],[9265,9290],[9201,9327],[9169,9290],[9174,9226],[9097,9183],[9060,9085],[8997,9093],[8971,9150],[8654,9141]]]}},{"type":"Feature","id":"US.KS.107","properties":{"hc-group":"admin2","hc-middle-x":0.49,"hc-middle-y":0.50,"hc-key":"us-ks-107","hc-a2":"LI","fips":"20107","name":"Linn"},"geometry":{"type":"Polygon","coordinates":[[[9115,6853],[9422,6861],[9763,6874],[9776,6567],[9786,6233],[9301,6216],[9118,6211],[9109,6614],[9123,6614],[9115,6853]]]}},{"type":"Feature","id":"US.KS.157","properties":{"hc-group":"admin2","hc-middle-x":0.50,"hc-middle-y":0.50,"hc-key":"us-ks-157","hc-a2":"RE","fips":"20157","name":"Republic"},"geometry":{"type":"Polygon","coordinates":[[[5004,9722],[5262,9723],[5792,9725],[5795,9434],[5797,9091],[5472,9088],[5005,9088],[5002,9404],[5004,9722]]]}},{"type":"Feature","id":"US.KS.097","properties":{"hc-group":"admin2","hc-middle-x":0.50,"hc-middle-y":0.51,"hc-key":"us-ks-097","hc-a2":"KI","fips":"20097","name":"Kiowa"},"geometry":{"type":"Polygon","coordinates":[[[2652,5611],[2941,5604],[3442,5596],[3437,5433],[3438,5118],[3438,5046],[3438,4961],[3000,4963],[2664,4966],[2646,4966],[2648,5124],[2651,5420],[2652,5611]]]}},{"type":"Feature","id":"US.KS.067","properties":{"hc-group":"admin2","hc-middle-x":0.50,"hc-middle-y":0.50,"hc-key":"us-ks-067","hc-a2":"GR","fips":"20067","name":"Grant"},"geometry":{"type":"Polygon","coordinates":[[[-194,5694],[113,5682],[438,5671],[430,5468],[417,5036],[41,5050],[-217,5060],[-199,5527],[-194,5694]]]}},{"type":"Feature","id":"US.KS.129","properties":{"hc-group":"admin2","hc-middle-x":0.50,"hc-middle-y":0.50,"hc-key":"us-ks-129","hc-a2":"MO","fips":"20129","name":"Morton"},"geometry":{"type":"Polygon","coordinates":[[[-288,4346],[-999,4372],[-966,5093],[-427,5069],[-262,5062],[-271,4789],[-288,4346]]]}},{"type":"Feature","id":"US.KS.025","properties":{"hc-group":"admin2","hc-middle-x":0.50,"hc-middle-y":0.50,"hc-key":"us-ks-025","hc-a2":"CL","fips":"20025","name":"Clark"},"geometry":{"type":"Polygon","coordinates":[[[2664,4966],[2657,4629],[2656,4271],[2167,4284],[1854,4292],[1867,4993],[1845,4994],[1848,5153],[2331,5130],[2648,5124],[2646,4966],[2664,4966]]]}},{"type":"Feature","id":"US.KS.003","properties":{"hc-group":"admin2","hc-middle-x":0.50,"hc-middle-y":0.50,"hc-key":"us-ks-003","hc-a2":"AN","fips":"20003","name":"Anderson"},"geometry":{"type":"Polygon","coordinates":[[[8480,6835],[8823,6844],[9115,6853],[9123,6614],[9109,6614],[9118,6211],[8744,6200],[8483,6193],[8475,6596],[8488,6596],[8480,6835]]]}},{"type":"Feature","id":"US.KS.209","properties":{"hc-group":"admin2","hc-middle-x":0.38,"hc-middle-y":0.37,"hc-key":"us-ks-209","hc-a2":"WY","fips":"20209","name":"Wyandotte"},"geometry":{"type":"Polygon","coordinates":[[[9727,8067],[9449,8056],[9350,8081],[9302,7956],[9294,8206],[9301,8341],[9478,8343],[9512,8295],[9602,8316],[9658,8265],[9746,8263],[9722,8193],[9727,8067]]]}},{"type":"Feature","id":"US.KS.027","properties":{"hc-group":"admin2","hc-middle-x":0.50,"hc-middle-y":0.50,"hc-key":"us-ks-027","hc-a2":"CL","fips":"20027","name":"Clay"},"geometry":{"type":"Polygon","coordinates":[[[6376,8937],[6376,8703],[6380,8306],[6382,8146],[6379,8146],[6045,8145],[5801,8140],[5800,8219],[5800,8457],[5800,8673],[5799,8933],[6012,8933],[6376,8937]]]}},{"type":"Feature","id":"US.KS.087","properties":{"hc-group":"admin2","hc-middle-x":0.50,"hc-middle-y":0.50,"hc-key":"us-ks-087","hc-a2":"JE","fips":"20087","name":"Jefferson"},"geometry":{"type":"Polygon","coordinates":[[[8891,8722],[8909,8194],[8898,8193],[8904,8039],[8746,8031],[8686,8010],[8573,8071],[8458,8049],[8389,8068],[8321,8060],[8329,8177],[8324,8336],[8314,8705],[8341,8706],[8497,8714],[8891,8722]]]}},{"type":"Feature","id":"US.KS.201","properties":{"hc-group":"admin2","hc-middle-x":0.50,"hc-middle-y":0.50,"hc-key":"us-ks-201","hc-a2":"WA","fips":"20201","name":"Washington"},"geometry":{"type":"Polygon","coordinates":[[[5797,9091],[5795,9434],[5792,9725],[6134,9728],[6582,9732],[6586,9274],[6591,8939],[6482,8938],[6376,8937],[6012,8933],[5799,8933],[5798,9060],[5797,9091]]]}},{"type":"Feature","id":"US.KS.101","properties":{"hc-group":"admin2","hc-middle-x":0.50,"hc-middle-y":0.50,"hc-key":"us-ks-101","hc-a2":"LA","fips":"20101","name":"Lane"},"geometry":{"type":"Polygon","coordinates":[[[1071,7407],[1253,7402],[1700,7386],[1696,7279],[1685,6592],[1399,6601],[1053,6613],[1061,6944],[1071,7407]]]}}]}