{"title":"Algeria","version":"1.1.2","type":"FeatureCollection","copyright":"Copyright (c) 2015 Highsoft AS, Based on data from Natural Earth","copyrightShort":"Natural Earth","copyrightUrl":"http://www.naturalearthdata.com","crs":{"type":"name","properties":{"name":"urn:ogc:def:crs:EPSG:32631"}},"hc-transform":{"default":{"crs":"+proj=utm +zone=31 +datum=WGS84 +units=m +no_defs","scale":0.000336703045892,"jsonres":15.5,"jsonmarginX":-999,"jsonmarginY":9851.0,"xoffset":-660809.321483,"yoffset":4111812.30565}},
"features":[{"type":"Feature","id":"DZ.ML","properties":{"hc-group":"admin1","hc-middle-x":0.33,"hc-middle-y":0.54,"hc-key":"dz-ml","hc-a2":"ML","labelrank":"6","hasc":"DZ.ML","alt-name":null,"woe-id":"2344618","subregion":null,"fips":"AG48","postal-code":"ML","name":"Mila","country":"Algeria","type-en":"Province","region":null,"longitude":"6.1311","woe-name":"Mila","latitude":"36.2449","woe-label":"Mila, DZ, Algeria","type":"Wilaya"},"geometry":{"type":"Polygon","coordinates":[[[6710,9309],[6659,9276],[6656,9228],[6546,9176],[6543,9150],[6504,9144],[6461,9156],[6462,9239],[6403,9351],[6403,9436],[6353,9464],[6338,9523],[6416,9520],[6461,9555],[6552,9545],[6597,9571],[6674,9548],[6696,9548],[6681,9458],[6627,9442],[6713,9332],[6710,9309]]]}},{"type":"Feature","id":"DZ.OB","properties":{"hc-group":"admin1","hc-middle-x":0.52,"hc-middle-y":0.42,"hc-key":"dz-ob","hc-a2":"OB","labelrank":"7","hasc":"DZ.OB","alt-name":"Oum el Bouagui|Canrobert","woe-id":"2344600","subregion":null,"fips":"AG29","postal-code":"OB","name":"Oum el Bouaghi","country":"Algeria","type-en":"Province","region":null,"longitude":"7.00715","woe-name":"Oum el Bouaghi","latitude":"35.891","woe-label":null,"type":"Wilaya"},"geometry":{"type":"Polygon","coordinates":[[[6543,9150],[6546,9176],[6656,9228],[6659,9276],[6710,9309],[6738,9279],[6836,9329],[6891,9282],[6942,9312],[6977,9249],[7038,9307],[7091,9303],[7114,9231],[7211,9141],[7248,9138],[7301,9200],[7353,9159],[7336,9089],[7348,9017],[7212,8914],[7175,8961],[7087,9004],[7021,9005],[6975,8978],[6946,9009],[6867,9001],[6839,9035],[6781,9098],[6704,9086],[6698,9120],[6638,9144],[6543,9150]]]}},{"type":"Feature","id":"DZ.SA","properties":{"hc-group":"admin1","hc-middle-x":0.95,"hc-middle-y":0.32,"hc-key":"dz-sa","hc-a2":"SA","labelrank":"9","hasc":"DZ.SA","alt-name":"Souk-Ahras|Souq Ahras","woe-id":"2344622","subregion":null,"fips":"AG52","postal-code":"SA","name":"Souk Ahras","country":"Algeria","type-en":"Province","region":null,"longitude":"7.84211","woe-name":"Souk Ahras","latitude":"36.1547","woe-label":null,"type":"Wilaya"},"geometry":{"type":"Polygon","coordinates":[[[7353,9159],[7301,9200],[7248,9138],[7211,9141],[7114,9231],[7091,9303],[7130,9336],[7322,9423],[7302,9491],[7392,9525],[7403,9484],[7476,9533],[7562,9513],[7549,9393],[7557,9337],[7539,9233],[7506,9251],[7414,9228],[7353,9159]]]}},{"type":"Feature","id":"DZ.TB","properties":{"hc-group":"admin1","hc-middle-x":0.51,"hc-middle-y":0.50,"hc-key":"dz-tb","hc-a2":"TB","labelrank":"9","hasc":"DZ.TB","alt-name":"Tbessa","woe-id":"2344603","subregion":null,"fips":"AG33","postal-code":"TB","name":"Tébessa","country":"Algeria","type-en":"Province","region":null,"longitude":"7.78338","woe-name":"Tébessa","latitude":"34.9437","woe-label":"Tebessa, DZ, Algeria","type":"Wilaya"},"geometry":{"type":"Polygon","coordinates":[[[7212,8914],[7348,9017],[7336,9089],[7353,9159],[7414,9228],[7506,9251],[7539,9233],[7531,9150],[7575,9051],[7586,8968],[7567,8905],[7584,8840],[7639,8815],[7588,8732],[7563,8614],[7577,8534],[7565,8466],[7500,8395],[7377,8321],[7354,8231],[7287,8192],[7245,8141],[7143,8133],[7049,8159],[7079,8240],[7107,8382],[7161,8493],[7138,8631],[7071,8611],[7146,8719],[7157,8882],[7212,8914]]]}},{"type":"Feature","id":"DZ.IL","properties":{"hc-group":"admin1","hc-middle-x":0.36,"hc-middle-y":0.53,"hc-key":"dz-il","hc-a2":"IL","labelrank":"6","hasc":"DZ.IL","alt-name":"Polignac|Fort Polignac|Ilizi","woe-id":"2344616","subregion":null,"fips":"AG46","postal-code":"IL","name":"Illizi","country":"Algeria","type-en":"Province","region":null,"longitude":"8.7628","woe-name":"Illizi","latitude":"26.8506","woe-label":"Illizi, DZ, Algeria","type":"Wilaya"},"geometry":{"type":"Polygon","coordinates":[[[8268,5815],[8366,5692],[8432,5583],[8529,5309],[8553,5111],[8533,4808],[8628,4580],[8580,4367],[8535,4240],[8601,4028],[8648,3985],[8646,3874],[8619,3786],[8439,3689],[8390,3579],[8404,3548],[8723,3146],[8755,3074],[8773,2835],[8862,2778],[8902,2679],[8975,2626],[9148,2678],[9576,2564],[9609,2539],[9695,2388],[8095,2306],[7988,2434],[7919,2438],[7760,2496],[7685,2503],[7507,2630],[7341,2686],[7235,2794],[7210,2918],[7252,3021],[7156,3143],[7132,3292],[7002,3324],[6899,3373],[6785,3517],[6717,3554],[6719,3614],[6760,3718],[6725,3802],[6589,3916],[6513,4180],[6541,4259],[6735,4443],[6892,4518],[6860,4634],[6568,4858],[6803,5004],[6988,5089],[7171,5078],[8268,5815]]]}},{"type":"Feature","id":"DZ.AT","properties":{"hc-group":"admin1","hc-middle-x":0.22,"hc-middle-y":0.41,"hc-key":"dz-at","hc-a2":"AT","labelrank":"6","hasc":"DZ.AT","alt-name":"Ain Tamouchent","woe-id":"2344606","subregion":null,"fips":"AG36","postal-code":"AT","name":"Aïn Témouchent","country":"Algeria","type-en":"Province","region":null,"longitude":"-0.995722","woe-name":"Aïn Témouchent","latitude":"35.2708","woe-label":"'Aïn Temouchent, DZ, Algeria","type":"Wilaya"},"geometry":{"type":"Polygon","coordinates":[[[2989,8836],[3036,8874],[3077,8975],[3118,9006],[3186,8896],[3288,8918],[3337,8881],[3319,8829],[3213,8782],[3216,8745],[3155,8694],[3029,8762],[3001,8759],[2989,8836]]]}},{"type":"Feature","id":"DZ.OR","properties":{"hc-group":"admin1","hc-middle-x":0.62,"hc-middle-y":0.16,"hc-key":"dz-or","hc-a2":"OR","labelrank":"7","hasc":"DZ.OR","alt-name":"Orán|Orano|Orão|Ouahran|Ouahrane|Wahran","woe-id":"2344584","subregion":null,"fips":"AG09","postal-code":"OR","name":"Oran","country":"Algeria","type-en":"Province","region":null,"longitude":"-0.610009","woe-name":"Oran","latitude":"35.5208","woe-label":"Oran, DZ, Algeria","type":"Wilaya"},"geometry":{"type":"Polygon","coordinates":[[[3319,8829],[3337,8881],[3288,8918],[3186,8896],[3118,9006],[3154,9039],[3254,9085],[3320,9053],[3397,9086],[3420,9149],[3482,9157],[3522,9104],[3590,9085],[3590,9082],[3448,8965],[3379,8873],[3350,8821],[3319,8829]]]}},{"type":"Feature","id":"DZ.SB","properties":{"hc-group":"admin1","hc-middle-x":0.53,"hc-middle-y":0.66,"hc-key":"dz-sb","hc-a2":"SB","labelrank":"7","hasc":"DZ.SB","alt-name":"Sidi-Bel-Abbes","woe-id":"2344601","subregion":null,"fips":"AG30","postal-code":"SB","name":"Sidi Bel Abbès","country":"Algeria","type-en":"Province","region":null,"longitude":"-0.586496","woe-name":"Sidi Bel Abbès","latitude":"34.8335","woe-label":"Sidi Bel Abbes, DZ, Algeria","type":"Wilaya"},"geometry":{"type":"Polygon","coordinates":[[[3155,8694],[3216,8745],[3213,8782],[3319,8829],[3350,8821],[3379,8873],[3408,8851],[3538,8809],[3531,8744],[3554,8700],[3511,8680],[3492,8571],[3454,8553],[3525,8498],[3598,8388],[3588,8355],[3383,8188],[3322,8237],[3214,8185],[3079,8223],[3191,8324],[3190,8370],[3261,8466],[3198,8503],[3202,8550],[3168,8598],[3187,8672],[3155,8694]]]}},{"type":"Feature","id":"DZ.TL","properties":{"hc-group":"admin1","hc-middle-x":0.54,"hc-middle-y":0.45,"hc-key":"dz-tl","hc-a2":"TL","labelrank":"7","hasc":"DZ.TL","alt-name":"Tilimsene|Tlemsane|Tilimsen|Tremecém","woe-id":"2344589","subregion":null,"fips":"AG15","postal-code":"TL","name":"Tlemcen","country":"Algeria","type-en":"Province","region":null,"longitude":"-1.49045","woe-name":"Tlemcen","latitude":"34.7431","woe-label":"Tlemcen, DZ, Algeria","type":"Wilaya"},"geometry":{"type":"Polygon","coordinates":[[[3155,8694],[3187,8672],[3168,8598],[3202,8550],[3198,8503],[3261,8466],[3190,8370],[3191,8324],[3079,8223],[3019,8190],[2904,8184],[2809,8131],[2779,8247],[2750,8296],[2804,8356],[2727,8428],[2780,8509],[2585,8671],[2574,8722],[2654,8709],[2794,8734],[2918,8825],[2989,8836],[3001,8759],[3029,8762],[3155,8694]]]}},{"type":"Feature","id":"DZ.TN","properties":{"hc-group":"admin1","hc-middle-x":0.42,"hc-middle-y":0.47,"hc-key":"dz-tn","hc-a2":"TN","labelrank":"6","hasc":"DZ.TN","alt-name":"Tiaret","woe-id":"2344624","subregion":null,"fips":"AG54","postal-code":"TN","name":"Tindouf","country":"Algeria","type-en":"Province","region":null,"longitude":"-5.8285","woe-name":"Tindouf","latitude":"27.4985","woe-label":"Tindouf, DZ, Algeria","type":"Wilaya"},"geometry":{"type":"Polygon","coordinates":[[[506,3265],[-999,4428],[-921,5236],[-900,5269],[-774,5332],[-753,5361],[-582,5447],[-335,5606],[-197,5590],[-87,5654],[9,5646],[95,5602],[141,5639],[361,5658],[500,5647],[817,4821],[1609,4981],[1968,4169],[513,3271],[506,3265]]]}},{"type":"Feature","id":"DZ.BC","properties":{"hc-group":"admin1","hc-middle-x":0.57,"hc-middle-y":0.51,"hc-key":"dz-bc","hc-a2":"BC","labelrank":"6","hasc":"DZ.BC","alt-name":"Colomb-Béchar|Bechar","woe-id":"2344608","subregion":null,"fips":"AG38","postal-code":"BC","name":"Béchar","country":"Algeria","type-en":"Province","region":null,"longitude":"-2.81838","woe-name":"Béchar","latitude":"30.1882","woe-label":"Bechar, DZ, Algeria","type":"Wilaya"},"geometry":{"type":"Polygon","coordinates":[[[1609,4981],[817,4821],[500,5647],[626,5657],[640,5603],[732,5596],[790,5661],[882,5798],[936,5847],[1096,5954],[1227,6006],[1301,6058],[1362,6128],[1474,6165],[1637,6179],[1735,6222],[1732,6296],[1789,6362],[1753,6445],[1699,6498],[1659,6479],[1669,6580],[1744,6617],[1760,6766],[1981,6794],[2178,6828],[2131,6978],[2342,7015],[2965,6958],[2986,7001],[2940,6999],[2957,7044],[3067,7047],[3129,6966],[3165,6967],[3566,7080],[3372,6565],[3385,6511],[3489,6385],[3759,6137],[3444,5587],[3114,5170],[3045,5123],[2574,5057],[2450,5003],[2209,4842],[2082,4798],[1975,4824],[1711,4984],[1609,4981]]]}},{"type":"Feature","id":"DZ.NA","properties":{"hc-group":"admin1","hc-middle-x":0.48,"hc-middle-y":0.42,"hc-key":"dz-na","hc-a2":"NA","labelrank":"6","hasc":"DZ.NA","alt-name":"Naama","woe-id":"2344619","subregion":null,"fips":"AG49","postal-code":"NA","name":"Naâma","country":"Algeria","type-en":"Province","region":null,"longitude":"-0.830564","woe-name":"Naâma","latitude":"33.1649","woe-label":"Naama, DZ, Algeria","type":"Wilaya"},"geometry":{"type":"Polygon","coordinates":[[[3566,7080],[3165,6967],[3129,6966],[3067,7047],[2957,7044],[2988,7137],[3035,7150],[3074,7206],[2895,7344],[2834,7457],[2866,7529],[2785,7636],[2784,7712],[2823,7799],[2802,7872],[2765,7898],[2786,7947],[2781,8020],[2809,8131],[2904,8184],[3019,8190],[3079,8223],[3214,8185],[3322,8237],[3383,8188],[3380,8146],[3443,8007],[3504,8082],[3575,8096],[3586,8040],[3655,8074],[3629,7829],[3636,7685],[3582,7469],[3591,7363],[3541,7233],[3585,7172],[3566,7080]]]}},{"type":"Feature","id":"DZ.AR","properties":{"hc-group":"admin1","hc-middle-x":0.47,"hc-middle-y":0.40,"hc-key":"dz-ar","hc-a2":"AR","labelrank":"6","hasc":"DZ.AR","alt-name":"Duperré","woe-id":"2344604","subregion":null,"fips":"AG34","postal-code":"AR","name":"Adrar","country":"Algeria","type-en":"Province","region":null,"longitude":"-0.93557","woe-name":"Adrar","latitude":"25.7004","woe-label":"Adrar, DZ, Algeria","type":"Wilaya"},"geometry":{"type":"Polygon","coordinates":[[[1609,4981],[1711,4984],[1975,4824],[2082,4798],[2209,4842],[2450,5003],[2574,5057],[3045,5123],[3114,5170],[3444,5587],[3759,6137],[3938,6319],[4081,6416],[4607,6673],[4596,6211],[4528,5770],[4591,5157],[4617,4842],[4609,4725],[4580,4600],[4509,3869],[4417,3755],[4342,3738],[4295,3677],[4223,3651],[4053,3647],[3926,3565],[4057,3393],[4073,3229],[4172,3140],[4145,1250],[4182,1196],[5370,494],[5467,384],[5485,252],[5493,-608],[5229,-655],[5115,-555],[5197,-433],[5168,-302],[5178,-185],[5030,-100],[4784,-55],[4732,-33],[4666,60],[4614,95],[4553,58],[4455,69],[4324,174],[4321,238],[4254,293],[4170,318],[4134,362],[4064,363],[4072,514],[4054,576],[1087,2818],[506,3265],[513,3271],[1968,4169],[1609,4981]]]}},{"type":"Feature","id":"DZ.AN","properties":{"hc-group":"admin1","hc-middle-x":0.88,"hc-middle-y":0.18,"hc-key":"dz-an","hc-a2":"AN","labelrank":"9","hasc":"DZ.AN","alt-name":"Anaba|Bona|Bône","woe-id":"2344607","subregion":null,"fips":"AG37","postal-code":"AN","name":"Annaba","country":"Algeria","type-en":"Province","region":null,"longitude":"7.53073","woe-name":"Annaba","latitude":"36.823","woe-label":"Annaba, DZ, Algeria","type":"Wilaya"},"geometry":{"type":"Polygon","coordinates":[[[7037,9851],[7143,9844],[7191,9807],[7288,9815],[7280,9754],[7274,9692],[7228,9620],[7189,9589],[7103,9651],[7089,9740],[7062,9767],[7037,9851]]]}},{"type":"Feature","id":"DZ.ET","properties":{"hc-group":"admin1","hc-middle-x":0.78,"hc-middle-y":0.25,"hc-key":"dz-et","hc-a2":"ET","labelrank":"6","hasc":"DZ.ET","alt-name":"Et Tarf|El Taref","woe-id":"2344614","subregion":null,"fips":"AG44","postal-code":"ET","name":"El Tarf","country":"Algeria","type-en":"Province","region":null,"longitude":"8.14597","woe-name":"El Tarf","latitude":"36.7012","woe-label":"El Tarf, DZ, Algeria","type":"Wilaya"},"geometry":{"type":"Polygon","coordinates":[[[7228,9620],[7274,9692],[7280,9754],[7344,9734],[7409,9754],[7491,9805],[7616,9781],[7664,9804],[7686,9753],[7578,9700],[7605,9681],[7583,9627],[7476,9553],[7476,9533],[7403,9484],[7392,9525],[7294,9572],[7228,9620]]]}},{"type":"Feature","id":"DZ.JJ","properties":{"hc-group":"admin1","hc-middle-x":0.49,"hc-middle-y":0.50,"hc-key":"dz-jj","hc-a2":"JJ","labelrank":"7","hasc":"DZ.JJ","alt-name":"Djidjel| Djidjelli","woe-id":"2344596","subregion":null,"fips":"AG24","postal-code":"JJ","name":"Jijel","country":"Algeria","type-en":"Province","region":null,"longitude":"5.95292","woe-name":"Jijel","latitude":"36.7106","woe-label":"Jijel, DZ, Algeria","type":"Wilaya"},"geometry":{"type":"Polygon","coordinates":[[[6192,9582],[6259,9641],[6343,9685],[6472,9700],[6569,9751],[6628,9641],[6682,9595],[6674,9548],[6597,9571],[6552,9545],[6461,9555],[6416,9520],[6338,9523],[6253,9503],[6215,9540],[6195,9550],[6192,9582]]]}},{"type":"Feature","id":"DZ.SK","properties":{"hc-group":"admin1","hc-middle-x":0.50,"hc-middle-y":0.50,"hc-key":"dz-sk","hc-a2":"SK","labelrank":"7","hasc":"DZ.SK","alt-name":"Philippeville|Skidda","woe-id":"2344602","subregion":null,"fips":"AG31","postal-code":"SK","name":"Skikda","country":"Algeria","type-en":"Province","region":null,"longitude":"6.81608","woe-name":"Skikda","latitude":"36.7555","woe-label":"Skikda, DZ, Algeria","type":"Wilaya"},"geometry":{"type":"Polygon","coordinates":[[[6696,9548],[6674,9548],[6682,9595],[6628,9641],[6569,9751],[6608,9830],[6665,9846],[6724,9788],[6835,9771],[6877,9738],[6992,9755],[7037,9851],[7062,9767],[7089,9740],[7103,9651],[7068,9604],[6985,9564],[6964,9515],[6902,9472],[6847,9485],[6890,9544],[6824,9540],[6764,9568],[6696,9548]]]}},{"type":"Feature","id":"DZ.EB","properties":{"hc-group":"admin1","hc-middle-x":0.57,"hc-middle-y":0.46,"hc-key":"dz-eb","hc-a2":"EB","labelrank":"6","hasc":"DZ.EB","alt-name":"El Bayad|El Beyyadh|Géryville","woe-id":"2344612","subregion":null,"fips":"AG42","postal-code":"EB","name":"El Bayadh","country":"Algeria","type-en":"Province","region":null,"longitude":"0.971858","woe-name":"El Bayadh","latitude":"32.7753","woe-label":"El Bayadh, DZ, Algeria","type":"Wilaya"},"geometry":{"type":"Polygon","coordinates":[[[4607,6673],[4081,6416],[3938,6319],[3759,6137],[3489,6385],[3385,6511],[3372,6565],[3566,7080],[3585,7172],[3541,7233],[3591,7363],[3582,7469],[3636,7685],[3629,7829],[3655,8074],[3734,8177],[3781,8178],[3954,8284],[3984,8292],[4114,8232],[4116,8145],[4218,8139],[4258,8073],[4283,8020],[4347,7980],[4460,7939],[4584,7739],[4592,7696],[4561,7619],[4610,7493],[4657,7435],[4713,7273],[4714,7088],[4736,6947],[4679,6842],[4683,6739],[4607,6673]]]}},{"type":"Feature","id":"DZ.TM","properties":{"hc-group":"admin1","hc-middle-x":0.35,"hc-middle-y":0.53,"hc-key":"dz-tm","hc-a2":"TM","labelrank":"6","hasc":"DZ.TM","alt-name":"Tamanrasset|Tamenghasset|Tamenghest|Fort Laperrine","woe-id":"2344623","subregion":null,"fips":"AG53","postal-code":"TM","name":"Tamanghasset","country":"Algeria","type-en":"Province","region":null,"longitude":"6.39695","woe-name":"Tamanghasset","latitude":"23.0089","woe-label":"Tamanghasset, DZ, Algeria","type":"Wilaya"},"geometry":{"type":"Polygon","coordinates":[[[6568,4858],[6860,4634],[6892,4518],[6735,4443],[6541,4259],[6513,4180],[6589,3916],[6725,3802],[6760,3718],[6719,3614],[6717,3554],[6785,3517],[6899,3373],[7002,3324],[7132,3292],[7156,3143],[7252,3021],[7210,2918],[7235,2794],[7341,2686],[7507,2630],[7685,2503],[7760,2496],[7919,2438],[7988,2434],[8095,2306],[9695,2388],[9851,2116],[7494,471],[7228,228],[6614,-355],[6566,-382],[5493,-608],[5485,252],[5467,384],[5370,494],[4182,1196],[4145,1250],[4172,3140],[4073,3229],[4057,3393],[3926,3565],[4053,3647],[4223,3651],[4295,3677],[4342,3738],[4417,3755],[4509,3869],[4580,4600],[4609,4725],[4617,4842],[4591,5157],[5052,5205],[5476,4873],[5954,4829],[6568,4858]]]}},{"type":"Feature","id":"DZ.GR","properties":{"hc-group":"admin1","hc-middle-x":0.36,"hc-middle-y":0.51,"hc-key":"dz-gr","hc-a2":"GR","labelrank":"6","hasc":"DZ.GR","alt-name":"GhardaSa|Gharday","woe-id":"2344615","subregion":null,"fips":"AG45","postal-code":"GR","name":"Ghardaïa","country":"Algeria","type-en":"Province","region":null,"longitude":"3.11396","woe-name":"Ghardaïa","latitude":"31.1547","woe-label":"Ghardaia, DZ, Algeria","type":"Wilaya"},"geometry":{"type":"Polygon","coordinates":[[[5052,5205],[4591,5157],[4528,5770],[4596,6211],[4607,6673],[4683,6739],[4679,6842],[4736,6947],[4714,7088],[4713,7273],[4888,7305],[5004,7339],[5108,7350],[5189,7321],[5268,7376],[5418,7448],[5490,7439],[5632,7468],[6025,7364],[5911,7184],[5816,7092],[5747,7045],[5709,6989],[5608,6751],[5580,6613],[5463,5708],[5423,5634],[5301,5503],[5261,5345],[5234,5312],[5052,5205]]]}},{"type":"Feature","id":"DZ.LG","properties":{"hc-group":"admin1","hc-middle-x":0.47,"hc-middle-y":0.61,"hc-key":"dz-lg","hc-a2":"LG","labelrank":"7","hasc":"DZ.LG","alt-name":null,"woe-id":"2344597","subregion":null,"fips":"AG25","postal-code":"LG","name":"Laghouat","country":"Algeria","type-en":"Province","region":null,"longitude":"2.75622","woe-name":"Laghouat","latitude":"33.4521","woe-label":"Laghouat, DZ, Algeria","type":"Wilaya"},"geometry":{"type":"Polygon","coordinates":[[[5632,7468],[5490,7439],[5418,7448],[5268,7376],[5189,7321],[5108,7350],[5004,7339],[4888,7305],[4713,7273],[4657,7435],[4610,7493],[4561,7619],[4592,7696],[4584,7739],[4460,7939],[4347,7980],[4283,8020],[4258,8073],[4406,8179],[4443,8247],[4500,8298],[4571,8322],[4695,8421],[4752,8428],[4729,8353],[4726,8266],[4810,8093],[4813,7979],[4887,7978],[4899,8088],[4976,8111],[5027,8173],[5109,8159],[5136,8056],[5171,7996],[5370,7775],[5559,7612],[5632,7468]]]}},{"type":"Feature","id":"DZ.OG","properties":{"hc-group":"admin1","hc-middle-x":0.50,"hc-middle-y":0.54,"hc-key":"dz-og","hc-a2":"OG","labelrank":"6","hasc":"DZ.OG","alt-name":"Wargla","woe-id":"2344620","subregion":null,"fips":"AG50","postal-code":"OG","name":"Ouargla","country":"Algeria","type-en":"Province","region":null,"longitude":"6.2527","woe-name":"Ouargla","latitude":"31.0014","woe-label":"Ouargla, DZ, Algeria","type":"Wilaya"},"geometry":{"type":"Polygon","coordinates":[[[6568,4858],[5954,4829],[5476,4873],[5052,5205],[5234,5312],[5261,5345],[5301,5503],[5423,5634],[5463,5708],[5580,6613],[5608,6751],[5709,6989],[5747,7045],[5816,7092],[5911,7184],[6025,7364],[6009,7596],[6033,7713],[6609,7689],[6701,7658],[6746,7567],[6865,7196],[6953,7041],[7046,6937],[7186,6913],[8051,6953],[8337,5939],[8223,5867],[8268,5815],[7171,5078],[6988,5089],[6803,5004],[6568,4858]]]}},{"type":"Feature","id":"DZ.AL","properties":{"hc-group":"admin1","hc-middle-x":0.46,"hc-middle-y":0.50,"hc-key":"dz-al","hc-a2":"AL","labelrank":"9","hasc":"DZ.AL","alt-name":"Algeri|Algiers|Algier|al-Jazair|al-Djazair|El Djazaïr|Argel|Dzayer|Djezaïr","woe-id":"2344579","subregion":null,"fips":"AG01","postal-code":"AL","name":"Alger","country":"Algeria","type-en":"Province","region":null,"longitude":"3.09806","woe-name":"Alger","latitude":"36.7024","woe-label":"Alger, DZ, Algeria","type":"Wilaya"},"geometry":{"type":"Polygon","coordinates":[[[5052,9655],[5107,9619],[5140,9614],[5140,9613],[5166,9580],[5105,9560],[5071,9595],[5043,9617],[5052,9655]]]}},{"type":"Feature","id":"DZ.BM","properties":{"hc-group":"admin1","hc-middle-x":0.53,"hc-middle-y":0.57,"hc-key":"dz-bm","hc-a2":"BM","labelrank":"6","hasc":"DZ.BM","alt-name":"Boumerdas","woe-id":"2344610","subregion":null,"fips":"AG40","postal-code":"BM","name":"Boumerdès","country":"Algeria","type-en":"Province","region":null,"longitude":"3.60632","woe-name":"Boumerdès","latitude":"36.7503","woe-label":"Boumerdes, DZ, Algeria","type":"Wilaya"},"geometry":{"type":"Polygon","coordinates":[[[5166,9580],[5140,9613],[5140,9614],[5170,9655],[5274,9633],[5362,9662],[5444,9714],[5542,9706],[5493,9631],[5488,9574],[5406,9565],[5402,9537],[5359,9532],[5374,9579],[5282,9583],[5232,9595],[5166,9580]]]}},{"type":"Feature","id":"DZ.TO","properties":{"hc-group":"admin1","hc-middle-x":0.73,"hc-middle-y":0.11,"hc-key":"dz-to","hc-a2":"TO","labelrank":"7","hasc":"DZ.TO","alt-name":"Tizi-ouzou|Tizi Wezzu","woe-id":"2344588","subregion":null,"fips":"AG14","postal-code":"TO","name":"Tizi Ouzou","country":"Algeria","type-en":"Province","region":null,"longitude":"4.19086","woe-name":"Tizi Ouzou","latitude":"36.6814","woe-label":"Tizi Ouzou, DZ, Algeria","type":"Wilaya"},"geometry":{"type":"Polygon","coordinates":[[[5402,9537],[5406,9565],[5488,9574],[5493,9631],[5542,9706],[5573,9698],[5729,9716],[5799,9708],[5824,9660],[5773,9518],[5700,9462],[5497,9460],[5402,9537]]]}},{"type":"Feature","id":"DZ.TP","properties":{"hc-group":"admin1","hc-middle-x":0.51,"hc-middle-y":0.62,"hc-key":"dz-tp","hc-a2":"TP","labelrank":"6","hasc":"DZ.TP","alt-name":"Tibaza| Tefessedt","woe-id":"2344625","subregion":null,"fips":"AG55","postal-code":"TP","name":"Tipaza","country":"Algeria","type-en":"Province","region":null,"longitude":"2.34141","woe-name":"Tipaza","latitude":"36.527","woe-label":"Tipaza, DZ, Algeria","type":"Wilaya"},"geometry":{"type":"Polygon","coordinates":[[[4442,9475],[4452,9505],[4620,9516],[4767,9552],[4806,9526],[4888,9534],[5052,9655],[5043,9617],[5071,9595],[5041,9553],[4988,9554],[4814,9428],[4647,9439],[4593,9424],[4502,9437],[4454,9401],[4427,9445],[4442,9475]]]}},{"type":"Feature","id":"DZ.AD","properties":{"hc-group":"admin1","hc-middle-x":0.50,"hc-middle-y":0.51,"hc-key":"dz-ad","hc-a2":"AD","labelrank":"6","hasc":"DZ.AD","alt-name":"Ain Dafla","woe-id":"2344605","subregion":null,"fips":"AG35","postal-code":"AD","name":"Aïn Defla","country":"Algeria","type-en":"Province","region":null,"longitude":"2.10714","woe-name":"Aïn Defla","latitude":"36.1735","woe-label":"Ain Defla, DZ, Algeria","type":"Wilaya"},"geometry":{"type":"Polygon","coordinates":[[[4427,9445],[4454,9401],[4502,9437],[4593,9424],[4647,9439],[4814,9428],[4836,9395],[4900,9394],[4818,9324],[4839,9294],[4891,9299],[4858,9241],[4809,9210],[4735,9108],[4681,9134],[4592,9139],[4519,9106],[4453,9143],[4456,9167],[4397,9284],[4416,9297],[4385,9409],[4427,9445]]]}},{"type":"Feature","id":"DZ.CH","properties":{"hc-group":"admin1","hc-middle-x":0.50,"hc-middle-y":0.28,"hc-key":"dz-ch","hc-a2":"CH","labelrank":"7","hasc":"DZ.CH","alt-name":"El Asnam|Orléansville|Ech Cheliff","woe-id":"2344611","subregion":null,"fips":"AG41","postal-code":"CH","name":"Chlef","country":"Algeria","type-en":"Province","region":null,"longitude":"1.21078","woe-name":"Chlef","latitude":"36.2337","woe-label":"Chlef, DZ, Algeria","type":"Wilaya"},"geometry":{"type":"Polygon","coordinates":[[[4427,9445],[4385,9409],[4416,9297],[4397,9284],[4456,9167],[4453,9143],[4376,9191],[4311,9098],[4250,9173],[4200,9160],[4082,9232],[4073,9309],[3982,9304],[3998,9361],[4001,9392],[4060,9413],[4145,9475],[4259,9493],[4452,9505],[4442,9475],[4427,9445]]]}},{"type":"Feature","id":"DZ.MC","properties":{"hc-group":"admin1","hc-middle-x":0.48,"hc-middle-y":0.55,"hc-key":"dz-mc","hc-a2":"MC","labelrank":"7","hasc":"DZ.MC","alt-name":"Mouaskar","woe-id":"2344598","subregion":null,"fips":"AG26","postal-code":"MC","name":"Mascara","country":"Algeria","type-en":"Province","region":null,"longitude":"0.167566","woe-name":"Mascara","latitude":"35.3625","woe-label":"Mascara, DZ, Algeria","type":"Wilaya"},"geometry":{"type":"Polygon","coordinates":[[[3554,8700],[3531,8744],[3538,8809],[3408,8851],[3379,8873],[3448,8965],[3590,9082],[3629,9039],[3693,9063],[3716,9019],[3751,9026],[3791,8945],[3856,8943],[3891,8915],[4030,8873],[4054,8839],[4016,8785],[3928,8778],[3866,8670],[3731,8636],[3685,8680],[3625,8664],[3576,8719],[3554,8700]]]}},{"type":"Feature","id":"DZ.MG","properties":{"hc-group":"admin1","hc-middle-x":0.55,"hc-middle-y":0.48,"hc-key":"dz-mg","hc-a2":"MG","labelrank":"7","hasc":"DZ.MG","alt-name":"Mostaghanem|Mestghanem","woe-id":"2344583","subregion":null,"fips":"AG07","postal-code":"MG","name":"Mostaganem","country":"Algeria","type-en":"Province","region":null,"longitude":"0.313449","woe-name":"Mostaganem","latitude":"35.9631","woe-label":"Mostaganem, DZ, Algeria","type":"Wilaya"},"geometry":{"type":"Polygon","coordinates":[[[3751,9026],[3716,9019],[3693,9063],[3629,9039],[3590,9082],[3590,9085],[3662,9126],[3709,9233],[3965,9389],[4001,9392],[3998,9361],[3982,9304],[3860,9172],[3850,9104],[3751,9026]]]}},{"type":"Feature","id":"DZ.RE","properties":{"hc-group":"admin1","hc-middle-x":0.49,"hc-middle-y":0.58,"hc-key":"dz-re","hc-a2":"RE","labelrank":"6","hasc":"DZ.RE","alt-name":"Ghelizane|Ghilizane","woe-id":"2344621","subregion":null,"fips":"AG51","postal-code":"RE","name":"Relizane","country":"Algeria","type-en":"Province","region":null,"longitude":"0.820498","woe-name":"Relizane","latitude":"35.8174","woe-label":"Relizane, DZ, Algeria","type":"Wilaya"},"geometry":{"type":"Polygon","coordinates":[[[4030,8873],[3891,8915],[3856,8943],[3791,8945],[3751,9026],[3850,9104],[3860,9172],[3982,9304],[4073,9309],[4082,9232],[4200,9160],[4250,9173],[4311,9098],[4240,9046],[4230,8987],[4094,8932],[4030,8873]]]}},{"type":"Feature","id":"DZ.SD","properties":{"hc-group":"admin1","hc-middle-x":0.54,"hc-middle-y":0.40,"hc-key":"dz-sd","hc-a2":"SD","labelrank":"7","hasc":"DZ.SD","alt-name":null,"woe-id":"2344585","subregion":null,"fips":"AG10","postal-code":"SD","name":"Saïda","country":"Algeria","type-en":"Province","region":null,"longitude":"0.178599","woe-name":"Saïda","latitude":"34.5917","woe-label":"Saida, DZ, Algeria","type":"Wilaya"},"geometry":{"type":"Polygon","coordinates":[[[3984,8292],[3954,8284],[3781,8178],[3734,8177],[3655,8074],[3586,8040],[3575,8096],[3504,8082],[3443,8007],[3380,8146],[3383,8188],[3588,8355],[3598,8388],[3525,8498],[3454,8553],[3492,8571],[3511,8680],[3554,8700],[3576,8719],[3625,8664],[3685,8680],[3731,8636],[3866,8670],[3929,8674],[3990,8621],[3998,8579],[3947,8534],[3957,8465],[4032,8328],[3984,8292]]]}},{"type":"Feature","id":"DZ.TR","properties":{"hc-group":"admin1","hc-middle-x":0.47,"hc-middle-y":0.42,"hc-key":"dz-tr","hc-a2":"TR","labelrank":"6","hasc":"DZ.TR","alt-name":"Tendouf|Tihert","woe-id":"2344587","subregion":null,"fips":"AG13","postal-code":"TR","name":"Tiaret","country":"Algeria","type-en":"Province","region":null,"longitude":"1.55627","woe-name":"Tiaret","latitude":"34.9048","woe-label":"Tiaret, DZ, Algeria","type":"Wilaya"},"geometry":{"type":"Polygon","coordinates":[[[4752,8428],[4695,8421],[4571,8322],[4500,8298],[4443,8247],[4406,8179],[4258,8073],[4218,8139],[4116,8145],[4114,8232],[3984,8292],[4032,8328],[3957,8465],[3947,8534],[3998,8579],[3990,8621],[3929,8674],[3866,8670],[3928,8778],[4016,8785],[4054,8839],[4030,8873],[4094,8932],[4230,8987],[4278,9011],[4413,8928],[4610,8940],[4704,8930],[4721,8860],[4721,8797],[4768,8721],[4871,8637],[4832,8605],[4758,8476],[4752,8428]]]}},{"type":"Feature","id":"DZ.TS","properties":{"hc-group":"admin1","hc-middle-x":0.50,"hc-middle-y":0.56,"hc-key":"dz-ts","hc-a2":"TS","labelrank":"6","hasc":"DZ.TS","alt-name":"Vialar","woe-id":"2344626","subregion":null,"fips":"AG56","postal-code":"TS","name":"Tissemsilt","country":"Algeria","type-en":"Province","region":null,"longitude":"1.77868","woe-name":"Tissemsilt","latitude":"35.7302","woe-label":null,"type":"Wilaya"},"geometry":{"type":"Polygon","coordinates":[[[4453,9143],[4519,9106],[4592,9139],[4681,9134],[4735,9108],[4701,9037],[4662,9011],[4704,8930],[4610,8940],[4413,8928],[4278,9011],[4230,8987],[4240,9046],[4311,9098],[4376,9191],[4453,9143]]]}},{"type":"Feature","id":"DZ.BJ","properties":{"hc-group":"admin1","hc-middle-x":0.63,"hc-middle-y":0.18,"hc-key":"dz-bj","hc-a2":"BJ","labelrank":"7","hasc":"DZ.BJ","alt-name":"Bougie|Bedjaya|Bidjaia|Bugia|Bujia","woe-id":"2344590","subregion":null,"fips":"AG18","postal-code":"BJ","name":"Béjaïa","country":"Algeria","type-en":"Province","region":null,"longitude":"4.91591","woe-name":"Béjaïa","latitude":"36.6189","woe-label":"Bejaia, DZ, Algeria","type":"Wilaya"},"geometry":{"type":"Polygon","coordinates":[[[5700,9462],[5773,9518],[5824,9660],[5799,9708],[5890,9710],[6039,9647],[6031,9618],[6102,9573],[6192,9582],[6195,9550],[6215,9540],[6209,9489],[6148,9457],[6137,9422],[6083,9432],[6084,9497],[6029,9527],[5970,9482],[5953,9414],[5902,9411],[5886,9437],[5823,9381],[5819,9334],[5720,9327],[5694,9385],[5716,9435],[5700,9462]]]}},{"type":"Feature","id":"DZ.BB","properties":{"hc-group":"admin1","hc-middle-x":0.54,"hc-middle-y":0.51,"hc-key":"dz-bb","hc-a2":"BB","labelrank":"7","hasc":"DZ.BB","alt-name":"Borjbouarirej|Bordi Bou Arreridj","woe-id":"2344609","subregion":null,"fips":"AG39","postal-code":"BB","name":"Bordj Bou Arréridj","country":"Algeria","type-en":"Province","region":null,"longitude":"4.66926","woe-name":"Bordj Bou Arréridj","latitude":"36.0966","woe-label":"Bordj Bou Arreridj, DZ, Algeria","type":"Wilaya"},"geometry":{"type":"Polygon","coordinates":[[[5694,9385],[5720,9327],[5819,9334],[5823,9381],[5886,9437],[5902,9411],[5913,9369],[6026,9368],[6085,9337],[6112,9285],[6066,9157],[6068,9112],[6028,9065],[5933,9119],[5813,9087],[5742,9101],[5783,9153],[5765,9204],[5720,9184],[5569,9203],[5618,9289],[5694,9385]]]}},{"type":"Feature","id":"DZ.BL","properties":{"hc-group":"admin1","hc-middle-x":0.68,"hc-middle-y":0.26,"hc-key":"dz-bl","hc-a2":"BL","labelrank":"7","hasc":"DZ.BL","alt-name":"El Boulaïda|Al-Boulaida","woe-id":"2344592","subregion":null,"fips":"AG20","postal-code":"BL","name":"Blida","country":"Algeria","type-en":"Province","region":null,"longitude":"2.99331","woe-name":"Blida","latitude":"36.503","woe-label":"Blida, DZ, Algeria","type":"Wilaya"},"geometry":{"type":"Polygon","coordinates":[[[4900,9394],[4836,9395],[4814,9428],[4988,9554],[5041,9553],[5071,9595],[5105,9560],[5166,9580],[5232,9595],[5282,9583],[5297,9545],[5216,9506],[5191,9468],[5057,9388],[5017,9424],[4987,9397],[4900,9394]]]}},{"type":"Feature","id":"DZ.BU","properties":{"hc-group":"admin1","hc-middle-x":0.60,"hc-middle-y":0.57,"hc-key":"dz-bu","hc-a2":"BU","labelrank":"7","hasc":"DZ.BU","alt-name":null,"woe-id":"2344593","subregion":null,"fips":"AG21","postal-code":"BU","name":"Bouira","country":"Algeria","type-en":"Province","region":null,"longitude":"3.84375","woe-name":"Bouira","latitude":"36.1884","woe-label":"Bouira, DZ, Algeria","type":"Wilaya"},"geometry":{"type":"Polygon","coordinates":[[[5402,9537],[5497,9460],[5700,9462],[5716,9435],[5694,9385],[5618,9289],[5569,9203],[5541,9109],[5460,9106],[5405,9144],[5355,9140],[5331,9184],[5321,9423],[5262,9419],[5191,9468],[5216,9506],[5297,9545],[5282,9583],[5374,9579],[5359,9532],[5402,9537]]]}},{"type":"Feature","id":"DZ.1950","properties":{"hc-group":"admin1","hc-middle-x":0.53,"hc-middle-y":0.55,"hc-key":"dz-1950","hc-a2":"EO","labelrank":"6","hasc":"DZ.","alt-name":null,"woe-id":"2344613","subregion":null,"fips":null,"postal-code":null,"name":"El Oued","country":"Algeria","type-en":"Province","region":null,"longitude":"7.03557","woe-name":"El Oued","latitude":"33.1137","woe-label":"El Oued, DZ, Algeria","type":"Wilaya"},"geometry":{"type":"Polygon","coordinates":[[[7049,8159],[7143,8133],[7245,8141],[7222,8012],[7263,7877],[7336,7762],[7371,7620],[7538,7562],[7641,7418],[7667,7259],[7751,7190],[8026,7013],[8051,6953],[7186,6913],[7046,6937],[6953,7041],[6865,7196],[6746,7567],[6701,7658],[6609,7689],[6033,7713],[6087,7789],[6187,7950],[6203,8073],[6194,8135],[6108,8244],[6170,8328],[6247,8301],[6498,8276],[6591,8299],[6676,8280],[6743,8240],[6833,8276],[6858,8232],[6964,8175],[7049,8159]]]}},{"type":"Feature","id":"DZ.BS","properties":{"hc-group":"admin1","hc-middle-x":0.48,"hc-middle-y":0.33,"hc-key":"dz-bs","hc-a2":"BS","labelrank":"7","hasc":"DZ.BS","alt-name":"Beskra","woe-id":"2344591","subregion":null,"fips":"AG19","postal-code":"BS","name":"Biskra","country":"Algeria","type-en":"Province","region":null,"longitude":"5.46698","woe-name":"Biskra","latitude":"34.7569","woe-label":"Biskra, DZ, Algeria","type":"Wilaya"},"geometry":{"type":"Polygon","coordinates":[[[6833,8276],[6743,8240],[6676,8280],[6591,8299],[6498,8276],[6247,8301],[6170,8328],[6108,8244],[6194,8135],[6203,8073],[6187,7950],[6087,7789],[5738,7989],[5706,8017],[5684,8109],[5643,8164],[5690,8172],[5650,8248],[5632,8334],[5744,8478],[5981,8521],[6032,8568],[6029,8663],[6157,8630],[6300,8678],[6273,8731],[6398,8791],[6487,8757],[6453,8709],[6485,8620],[6516,8660],[6548,8629],[6683,8672],[6706,8652],[6696,8559],[6730,8508],[6773,8507],[6840,8508],[6851,8472],[6833,8276]]]}},{"type":"Feature","id":"DZ.DJ","properties":{"hc-group":"admin1","hc-middle-x":0.31,"hc-middle-y":0.38,"hc-key":"dz-dj","hc-a2":"DJ","labelrank":"7","hasc":"DZ.DJ","alt-name":"El Djelfa","woe-id":"2344594","subregion":null,"fips":"AG22","postal-code":"DJ","name":"Djelfa","country":"Algeria","type-en":"Province","region":null,"longitude":"3.70376","woe-name":"Djelfa","latitude":"34.1508","woe-label":"Djelfa, DZ, Algeria","type":"Wilaya"},"geometry":{"type":"Polygon","coordinates":[[[5643,8164],[5684,8109],[5706,8017],[5738,7989],[6087,7789],[6033,7713],[6009,7596],[6025,7364],[5632,7468],[5559,7612],[5370,7775],[5171,7996],[5136,8056],[5109,8159],[5027,8173],[4976,8111],[4899,8088],[4887,7978],[4813,7979],[4810,8093],[4726,8266],[4729,8353],[4752,8428],[4758,8476],[4832,8605],[4871,8637],[4768,8721],[4721,8797],[4721,8860],[4835,8896],[4887,8861],[5011,8970],[5005,9057],[5057,9063],[5098,8994],[5157,9012],[5188,9065],[5238,9040],[5272,8987],[5381,8893],[5370,8771],[5284,8697],[5380,8485],[5492,8469],[5558,8244],[5643,8164]]]}},{"type":"Feature","id":"DZ.MD","properties":{"hc-group":"admin1","hc-middle-x":0.64,"hc-middle-y":0.46,"hc-key":"dz-md","hc-a2":"MD","labelrank":"7","hasc":"DZ.MD","alt-name":"El Mediyya|Lemdiyya","woe-id":"2344582","subregion":null,"fips":"AG06","postal-code":"MD","name":"Médéa","country":"Algeria","type-en":"Province","region":null,"longitude":"2.76411","woe-name":"Médéa","latitude":"35.8958","woe-label":"Medea, DZ, Algeria","type":"Wilaya"},"geometry":{"type":"Polygon","coordinates":[[[5238,9040],[5188,9065],[5157,9012],[5098,8994],[5057,9063],[5005,9057],[5011,8970],[4887,8861],[4835,8896],[4721,8860],[4704,8930],[4662,9011],[4701,9037],[4735,9108],[4809,9210],[4858,9241],[4891,9299],[4839,9294],[4818,9324],[4900,9394],[4987,9397],[5017,9424],[5057,9388],[5191,9468],[5262,9419],[5321,9423],[5331,9184],[5355,9140],[5314,9071],[5316,8995],[5263,9066],[5238,9040]]]}},{"type":"Feature","id":"DZ.MS","properties":{"hc-group":"admin1","hc-middle-x":0.43,"hc-middle-y":0.38,"hc-key":"dz-ms","hc-a2":"MS","labelrank":"6","hasc":"DZ.MS","alt-name":"Msila","woe-id":"2344599","subregion":null,"fips":"AG32","postal-code":"MS","name":"M'Sila","country":"Algeria","type-en":"Province","region":null,"longitude":"4.37961","woe-name":"M'Sila","latitude":"35.3592","woe-label":"M'sila, DZ, Algeria","type":"Wilaya"},"geometry":{"type":"Polygon","coordinates":[[[6029,8663],[6032,8568],[5981,8521],[5744,8478],[5632,8334],[5650,8248],[5690,8172],[5643,8164],[5558,8244],[5492,8469],[5380,8485],[5284,8697],[5370,8771],[5381,8893],[5272,8987],[5238,9040],[5263,9066],[5316,8995],[5314,9071],[5355,9140],[5405,9144],[5460,9106],[5541,9109],[5569,9203],[5720,9184],[5765,9204],[5783,9153],[5742,9101],[5813,9087],[5933,9119],[6028,9065],[6111,9001],[6184,8985],[6088,8912],[5952,8919],[5961,8833],[5945,8765],[5904,8717],[6029,8663]]]}},{"type":"Feature","id":"DZ.SF","properties":{"hc-group":"admin1","hc-middle-x":0.47,"hc-middle-y":0.28,"hc-key":"dz-sf","hc-a2":"SF","labelrank":"9","hasc":"DZ.SF","alt-name":"Stif","woe-id":"2344586","subregion":null,"fips":"AG12","postal-code":"SF","name":"Sétif","country":"Algeria","type-en":"Province","region":null,"longitude":"5.38428","woe-name":"Sétif","latitude":"36.0513","woe-label":"Setif, DZ, Algeria","type":"Wilaya"},"geometry":{"type":"Polygon","coordinates":[[[6184,8985],[6111,9001],[6028,9065],[6068,9112],[6066,9157],[6112,9285],[6085,9337],[6026,9368],[5913,9369],[5902,9411],[5953,9414],[5970,9482],[6029,9527],[6084,9497],[6083,9432],[6137,9422],[6148,9457],[6209,9489],[6215,9540],[6253,9503],[6338,9523],[6353,9464],[6403,9436],[6403,9351],[6462,9239],[6461,9156],[6341,9127],[6350,9069],[6280,9097],[6184,8985]]]}},{"type":"Feature","id":"DZ.BT","properties":{"hc-group":"admin1","hc-middle-x":0.61,"hc-middle-y":0.32,"hc-key":"dz-bt","hc-a2":"BT","labelrank":"7","hasc":"DZ.BT","alt-name":null,"woe-id":"2344580","subregion":null,"fips":"AG03","postal-code":"BT","name":"Batna","country":"Algeria","type-en":"Province","region":null,"longitude":"5.78213","woe-name":"Batna","latitude":"35.5923","woe-label":"Batna, DZ, Algeria","type":"Wilaya"},"geometry":{"type":"Polygon","coordinates":[[[6029,8663],[5904,8717],[5945,8765],[5961,8833],[5952,8919],[6088,8912],[6184,8985],[6280,9097],[6350,9069],[6341,9127],[6461,9156],[6504,9144],[6543,9150],[6638,9144],[6698,9120],[6704,9086],[6781,9098],[6839,9035],[6831,8936],[6759,8880],[6777,8812],[6754,8782],[6731,8665],[6775,8578],[6773,8507],[6730,8508],[6696,8559],[6706,8652],[6683,8672],[6548,8629],[6516,8660],[6485,8620],[6453,8709],[6487,8757],[6398,8791],[6273,8731],[6300,8678],[6157,8630],[6029,8663]]]}},{"type":"Feature","id":"DZ.CO","properties":{"hc-group":"admin1","hc-middle-x":0.50,"hc-middle-y":0.53,"hc-key":"dz-co","hc-a2":"CO","labelrank":"7","hasc":"DZ.CO","alt-name":"Constantina|Costatina|Qoussantina|Qacentina","woe-id":"2344581","subregion":null,"fips":"AG48","postal-code":"CO","name":"Constantine","country":"Algeria","type-en":"Province","region":null,"longitude":"6.68301","woe-name":"Constantine","latitude":"36.3731","woe-label":"Constantine, DZ, Algeria","type":"Wilaya"},"geometry":{"type":"Polygon","coordinates":[[[6696,9548],[6764,9568],[6824,9540],[6890,9544],[6847,9485],[6902,9472],[6956,9383],[6942,9312],[6891,9282],[6836,9329],[6738,9279],[6710,9309],[6713,9332],[6627,9442],[6681,9458],[6696,9548]]]}},{"type":"Feature","id":"DZ.GL","properties":{"hc-group":"admin1","hc-middle-x":0.46,"hc-middle-y":0.40,"hc-key":"dz-gl","hc-a2":"GL","labelrank":"7","hasc":"DZ.GL","alt-name":null,"woe-id":"2344595","subregion":null,"fips":"AG23","postal-code":"GL","name":"Guelma","country":"Algeria","type-en":"Province","region":null,"longitude":"7.46291","woe-name":"Guelma","latitude":"36.4381","woe-label":"Guelma, DZ, Algeria","type":"Wilaya"},"geometry":{"type":"Polygon","coordinates":[[[7228,9620],[7294,9572],[7392,9525],[7302,9491],[7322,9423],[7130,9336],[7091,9303],[7038,9307],[6977,9249],[6942,9312],[6956,9383],[6902,9472],[6964,9515],[6985,9564],[7068,9604],[7103,9651],[7189,9589],[7228,9620]]]}},{"type":"Feature","id":"DZ.KH","properties":{"hc-group":"admin1","hc-middle-x":0.48,"hc-middle-y":0.39,"hc-key":"dz-kh","hc-a2":"KH","labelrank":"6","hasc":"DZ.KH","alt-name":"Khenchela","woe-id":"2344617","subregion":null,"fips":"AG47","postal-code":"KH","name":"Khenchela","country":"Algeria","type-en":"Province","region":null,"longitude":"7.02787","woe-name":"Khenchela","latitude":"34.8896","woe-label":"Khenchela, DZ, Algeria","type":"Wilaya"},"geometry":{"type":"Polygon","coordinates":[[[7049,8159],[6964,8175],[6858,8232],[6833,8276],[6851,8472],[6840,8508],[6773,8507],[6775,8578],[6731,8665],[6754,8782],[6777,8812],[6759,8880],[6831,8936],[6839,9035],[6867,9001],[6946,9009],[6975,8978],[7021,9005],[7087,9004],[7175,8961],[7212,8914],[7157,8882],[7146,8719],[7071,8611],[7138,8631],[7161,8493],[7107,8382],[7079,8240],[7049,8159]]]}}]}