{"title":"Comoros","version":"1.1.2","type":"FeatureCollection","copyright":"Copyright (c) 2015 Highsoft AS, Based on data from Natural Earth","copyrightShort":"Natural Earth","copyrightUrl":"http://www.naturalearthdata.com","crs":{"type":"name","properties":{"name":"urn:ogc:def:crs:EPSG:32738"}},"hc-transform":{"default":{"crs":"+proj=utm +zone=38 +south +datum=WGS84 +units=m +no_defs","scale":0.00487776939538,"jsonres":15.5,"jsonmarginX":-999,"jsonmarginY":9851.0,"xoffset":305269.937332,"yoffset":8743568.03859}},
"features":[{"type":"Feature","id":"KM.3651","properties":{"hc-group":"admin1","hc-middle-x":0.33,"hc-middle-y":0.47,"hc-key":"km-3651","hc-a2":"MO","labelrank":"20","hasc":"KM.AN","alt-name":"Moûhîlî|M?h?l?|Mohéli|Mwali","woe-id":"2345045","subregion":null,"fips":"CN03","postal-code":null,"name":"Moûhîlî","country":"Comoros","type-en":null,"region":null,"longitude":"43.7462","woe-name":"Moheli","latitude":"-12.3178","woe-label":"Moheli, KM, Comoros","type":null},"geometry":{"type":"Polygon","coordinates":[[[4213,1406],[4019,1406],[3461,1516],[2885,1529],[2751,1575],[2715,1638],[2722,1782],[2699,1861],[2627,1928],[2551,1959],[2492,2004],[2468,2115],[2457,2416],[2504,2540],[2639,2493],[2757,2431],[3102,2368],[3258,2321],[3687,2038],[3765,1952],[3834,1922],[4271,1635],[4366,1492],[4338,1425],[4213,1406]]]}},{"type":"Feature","id":"KM.6458","properties":{"hc-group":"admin1","hc-middle-x":0.39,"hc-middle-y":0.63,"hc-key":"km-6458","hc-a2":"AN","labelrank":"20","hasc":"KM.GC","alt-name":"Andjazîdja|Anjaz?jah|Grande Comore|Ngazidja","woe-id":"2345044","subregion":null,"fips":"CN02","postal-code":null,"name":"Andjazîdja","country":"Comoros","type-en":null,"region":null,"longitude":"43.3378","woe-name":"Grande Comore","latitude":"-11.6952","woe-label":"Grande Comore, KM, Comoros","type":null},"geometry":{"type":"Polygon","coordinates":[[[1070,5092],[958,5075],[860,5085],[817,5148],[763,5252],[299,5676],[177,5725],[-176,5743],[-263,5765],[-358,5816],[-517,5941],[-585,6026],[-608,6100],[-620,6173],[-658,6254],[-869,6457],[-960,6591],[-999,6795],[-977,6877],[-924,6979],[-747,7239],[-745,7328],[-769,7418],[-778,7516],[-673,8995],[-691,9093],[-737,9182],[-657,9328],[-580,9534],[-495,9694],[-397,9698],[-47,9819],[158,9851],[309,9791],[409,9662],[483,9527],[521,9375],[346,7813],[422,7474],[791,6953],[926,6612],[930,6526],[918,6349],[928,6264],[966,6203],[1020,6150],[1071,6090],[1115,5922],[1167,5827],[1361,5573],[1358,5502],[1265,5353],[1239,5268],[1230,5208],[1209,5161],[1148,5117],[1070,5092]]]}},{"type":"Feature","id":"KM.6459","properties":{"hc-group":"admin1","hc-middle-x":0.75,"hc-middle-y":0.48,"hc-key":"km-6459","hc-a2":"AN","labelrank":"20","hasc":"KM.MO","alt-name":"Andjouân|Anjw?n|Anjouan|Ndzuwani","woe-id":"2345043","subregion":null,"fips":"CN01","postal-code":null,"name":"Andjouân","country":"Comoros","type-en":null,"region":null,"longitude":"44.4518","woe-name":"Anjouan","latitude":"-12.226","woe-label":"Anjouan, KM, Comoros","type":null},"geometry":{"type":"Polygon","coordinates":[[[9479,3830],[9829,2716],[9851,2599],[9848,1580],[9803,1429],[9709,1366],[9636,1396],[9552,1467],[9484,1552],[9455,1625],[9439,1729],[9394,1788],[8787,2203],[8719,2311],[8669,2439],[8544,2501],[8219,2567],[7707,2827],[7638,2882],[7307,3077],[7196,3197],[7328,3202],[7438,3175],[7650,3084],[7793,3048],[8059,3010],[8156,2971],[8200,3006],[8282,3049],[8324,3086],[8571,3036],[8789,3236],[8913,3547],[8884,3829],[8964,3853],[9077,3919],[9166,3944],[9206,3962],[9281,4009],[9338,4007],[9386,3972],[9451,3856],[9479,3830]]]}}]}