{"title":"South Dakota","version":"1.1.2","type":"FeatureCollection","copyright":"Copyright (c) 2015 Highsoft AS, Based on data from The United States Census Bureau","copyrightShort":"USA Census Bureau","copyrightUrl":"http://www.census.gov","crs":{"type":"name","properties":{"name":"urn:ogc:def:crs:EPSG:2841"}},"hc-transform":{"default":{"crs":"+proj=lcc +lat_1=45.68333333333333 +lat_2=44.41666666666666 +lat_0=43.83333333333334 +lon_0=-100 +x_0=600000 +y_0=0 +ellps=GRS80 +towgs84=0,0,0,0,0,0,0 +units=m +no_defs","scale":0.00112796495838,"jsonres":15.5,"jsonmarginX":-999,"jsonmarginY":9851.0,"xoffset":269464.993317,"yoffset":242539.30937}},
"features":[{"type":"Feature","id":"US.SD.129","properties":{"hc-group":"admin2","hc-middle-x":0.59,"hc-middle-y":0.50,"hc-key":"us-sd-129","hc-a2":"WA","fips":"46129","name":"Walworth"},"geometry":{"type":"Polygon","coordinates":[[[4423,8357],[4358,8445],[4346,8496],[4404,8620],[4327,8742],[4312,8797],[4245,8873],[4173,8869],[4115,8922],[4193,9034],[4532,9032],[5165,9031],[5179,9031],[5179,8553],[5179,8356],[4860,8356],[4423,8357]]]}},{"type":"Feature","id":"US.SD.041","properties":{"hc-group":"admin2","hc-middle-x":0.55,"hc-middle-y":0.43,"hc-key":"us-sd-041","hc-a2":"DE","fips":"46041","name":"Dewey"},"geometry":{"type":"Polygon","coordinates":[[[4312,8797],[4327,8742],[4404,8620],[4346,8496],[4358,8445],[4423,8357],[4396,8187],[4332,8071],[4344,7993],[4394,7914],[4240,7929],[4195,7859],[4221,7680],[4237,7636],[4201,7574],[4123,7522],[4028,7416],[3937,7432],[3845,7538],[3791,7534],[3787,7437],[3674,7424],[3632,7462],[3511,7437],[3430,7402],[3364,7350],[3318,7382],[3206,7397],[3214,7877],[2711,7884],[2732,7971],[2745,8645],[2766,8645],[2770,8812],[2770,8813],[2770,8813],[3945,8798],[4312,8797]]]}},{"type":"Feature","id":"US.SD.067","properties":{"hc-group":"admin2","hc-middle-x":0.50,"hc-middle-y":0.50,"hc-key":"us-sd-067","hc-a2":"HU","fips":"46067","name":"Hutchinson"},"geometry":{"type":"Polygon","coordinates":[[[7467,4405],[7449,4964],[7446,4991],[7642,4997],[7658,4997],[7979,5007],[8164,5013],[8342,5018],[8455,5021],[8469,4619],[8479,4380],[8218,4370],[8140,4368],[7916,4363],[7515,4351],[7525,4383],[7467,4405]]]}},{"type":"Feature","id":"US.SD.043","properties":{"hc-group":"admin2","hc-middle-x":0.65,"hc-middle-y":0.40,"hc-key":"us-sd-043","hc-a2":"DO","fips":"46043","name":"Douglas"},"geometry":{"type":"Polygon","coordinates":[[[7446,4991],[7449,4964],[7467,4405],[6650,4732],[6613,4725],[6610,4976],[6945,4981],[7155,4985],[7305,4987],[7446,4991]]]}},{"type":"Feature","id":"US.SD.045","properties":{"hc-group":"admin2","hc-middle-x":0.50,"hc-middle-y":0.50,"hc-key":"us-sd-045","hc-a2":"ED","fips":"46045","name":"Edmunds"},"geometry":{"type":"Polygon","coordinates":[[[5365,8355],[5320,8356],[5179,8356],[5179,8553],[5179,9031],[6358,9039],[6519,9040],[6523,9040],[6533,8365],[6360,8364],[5365,8355]]]}},{"type":"Feature","id":"US.SD.107","properties":{"hc-group":"admin2","hc-middle-x":0.56,"hc-middle-y":0.50,"hc-key":"us-sd-107","hc-a2":"PO","fips":"46107","name":"Potter"},"geometry":{"type":"Polygon","coordinates":[[[5179,8356],[5320,8356],[5365,8355],[5369,7927],[5370,7679],[5317,7679],[5231,7679],[4385,7680],[4221,7680],[4195,7859],[4240,7929],[4394,7914],[4344,7993],[4332,8071],[4396,8187],[4423,8357],[4860,8356],[5179,8356]]]}},{"type":"Feature","id":"US.SD.061","properties":{"hc-group":"admin2","hc-middle-x":0.50,"hc-middle-y":0.50,"hc-key":"us-sd-061","hc-a2":"HA","fips":"46061","name":"Hanson"},"geometry":{"type":"Polygon","coordinates":[[[7801,5683],[7888,5685],[8142,5691],[8151,5462],[8164,5013],[7979,5007],[7658,4997],[7641,5478],[7638,5680],[7723,5682],[7801,5683]]]}},{"type":"Feature","id":"US.SD.097","properties":{"hc-group":"admin2","hc-middle-x":0.49,"hc-middle-y":0.50,"hc-key":"us-sd-097","hc-a2":"MI","fips":"46097","name":"Miner"},"geometry":{"type":"Polygon","coordinates":[[[8142,5691],[7888,5685],[7801,5683],[7790,6101],[7785,6354],[8018,6359],[8455,6373],[8469,5955],[8478,5700],[8240,5693],[8142,5691]]]}},{"type":"Feature","id":"US.SD.087","properties":{"hc-group":"admin2","hc-middle-x":0.50,"hc-middle-y":0.50,"hc-key":"us-sd-087","hc-a2":"MC","fips":"46087","name":"McCook"},"geometry":{"type":"Polygon","coordinates":[[[8142,5691],[8240,5693],[8478,5700],[8629,5705],[8816,5711],[8832,5252],[8839,5034],[8683,5029],[8455,5021],[8342,5018],[8164,5013],[8151,5462],[8142,5691]]]}},{"type":"Feature","id":"US.SD.079","properties":{"hc-group":"admin2","hc-middle-x":0.50,"hc-middle-y":0.50,"hc-key":"us-sd-079","hc-a2":"LA","fips":"46079","name":"Lake"},"geometry":{"type":"Polygon","coordinates":[[[8816,5711],[8629,5705],[8478,5700],[8469,5955],[8455,6373],[8594,6380],[8791,6386],[8814,6387],[9127,6398],[9132,6287],[9154,5724],[9026,5719],[8816,5711]]]}},{"type":"Feature","id":"US.SD.099","properties":{"hc-group":"admin2","hc-middle-x":0.50,"hc-middle-y":0.50,"hc-key":"us-sd-099","hc-a2":"MI","fips":"46099","name":"Minnehaha"},"geometry":{"type":"Polygon","coordinates":[[[8816,5711],[9026,5719],[9154,5724],[9688,5744],[9766,5751],[9795,5074],[9589,5065],[9290,5052],[9128,5046],[9009,5041],[8839,5034],[8832,5252],[8816,5711]]]}},{"type":"Feature","id":"US.SD.051","properties":{"hc-group":"admin2","hc-middle-x":0.66,"hc-middle-y":0.50,"hc-key":"us-sd-051","hc-a2":"GR","fips":"46051","name":"Grant"},"geometry":{"type":"Polygon","coordinates":[[[9281,7922],[9078,7915],[9063,8251],[8592,8237],[8586,8426],[8583,8521],[8883,8530],[8900,8589],[9616,8617],[9642,8568],[9671,7941],[9671,7941],[9281,7922]]]}},{"type":"Feature","id":"US.SD.039","properties":{"hc-group":"admin2","hc-middle-x":0.50,"hc-middle-y":0.50,"hc-key":"us-sd-039","hc-a2":"DE","fips":"46039","name":"Deuel"},"geometry":{"type":"Polygon","coordinates":[[[9078,7915],[9281,7922],[9671,7940],[9694,7438],[9708,7099],[9443,7088],[9106,7074],[9092,7484],[9088,7580],[9084,7746],[9078,7915]]]}},{"type":"Feature","id":"US.SD.103","properties":{"hc-group":"admin2","hc-middle-x":0.76,"hc-middle-y":0.71,"hc-key":"us-sd-103","hc-a2":"PE","fips":"46103","name":"Pennington"},"geometry":{"type":"Polygon","coordinates":[[[-920,5792],[-904,6077],[-890,6350],[-455,6329],[-49,6311],[1439,6256],[1418,6287],[1435,6378],[1487,6429],[1475,6493],[1516,6659],[1575,6708],[1574,6796],[1603,6851],[1688,6856],[1732,6806],[1796,6837],[1840,6820],[1947,6949],[1998,6961],[1990,6637],[1982,6637],[1965,5959],[1948,5959],[1935,5404],[1887,5367],[1765,5393],[1713,5369],[818,5397],[924,5552],[987,5605],[1003,5717],[428,5739],[-140,5762],[-920,5792]]]}},{"type":"Feature","id":"US.SD.025","properties":{"hc-group":"admin2","hc-middle-x":0.50,"hc-middle-y":0.50,"hc-key":"us-sd-025","hc-a2":"CL","fips":"46025","name":"Clark"},"geometry":{"type":"Polygon","coordinates":[[[7762,7032],[7754,7200],[7585,7196],[7573,7703],[7565,7703],[7554,8210],[7740,8212],[8224,8225],[8240,7720],[8249,7550],[8259,7207],[8264,7045],[8101,7041],[7762,7032]]]}},{"type":"Feature","id":"US.SD.005","properties":{"hc-group":"admin2","hc-middle-x":0.50,"hc-middle-y":0.50,"hc-key":"us-sd-005","hc-a2":"BE","fips":"46005","name":"Beadle"},"geometry":{"type":"Polygon","coordinates":[[[7585,7196],[7754,7200],[7762,7032],[7772,6668],[7780,6353],[7626,6348],[7111,6340],[6701,6333],[6596,6331],[6584,7012],[6575,7181],[6939,7185],[7585,7196]]]}},{"type":"Feature","id":"US.SD.011","properties":{"hc-group":"admin2","hc-middle-x":0.50,"hc-middle-y":0.50,"hc-key":"us-sd-011","hc-a2":"BR","fips":"46011","name":"Brookings"},"geometry":{"type":"Polygon","coordinates":[[[8769,7060],[8871,7065],[9106,7074],[9443,7088],[9708,7099],[9728,6630],[9736,6425],[9507,6413],[9127,6398],[8814,6387],[8791,6386],[8786,6565],[8769,7060]]]}},{"type":"Feature","id":"US.SD.057","properties":{"hc-group":"admin2","hc-middle-x":0.50,"hc-middle-y":0.50,"hc-key":"us-sd-057","hc-a2":"HA","fips":"46057","name":"Hamlin"},"geometry":{"type":"Polygon","coordinates":[[[9106,7074],[8871,7065],[8769,7060],[8505,7052],[8264,7045],[8259,7207],[8249,7550],[8753,7566],[9088,7580],[9092,7484],[9106,7074]]]}},{"type":"Feature","id":"US.SD.109","properties":{"hc-group":"admin2","hc-middle-x":0.31,"hc-middle-y":0.61,"hc-key":"us-sd-109","hc-a2":"RO","fips":"46109","name":"Roberts"},"geometry":{"type":"Polygon","coordinates":[[[8583,8521],[8574,8739],[8564,9026],[8548,9474],[8538,9759],[9438,9793],[9421,9568],[9307,9393],[9204,9324],[9087,9219],[9066,9137],[9200,8976],[9248,8855],[9322,8768],[9405,8768],[9588,8675],[9616,8617],[8900,8589],[8883,8530],[8583,8521]]]}},{"type":"Feature","id":"US.SD.037","properties":{"hc-group":"admin2","hc-middle-x":0.49,"hc-middle-y":0.50,"hc-key":"us-sd-037","hc-a2":"DA","fips":"46037","name":"Day"},"geometry":{"type":"Polygon","coordinates":[[[8564,9026],[8574,8739],[8583,8521],[8586,8426],[8592,8237],[8393,8231],[8224,8225],[7740,8212],[7554,8210],[7554,8246],[7550,8379],[7541,8842],[7536,9055],[8363,9077],[8377,9021],[8564,9026]]]}},{"type":"Feature","id":"US.SD.015","properties":{"hc-group":"admin2","hc-middle-x":0.56,"hc-middle-y":0.50,"hc-key":"us-sd-015","hc-a2":"BR","fips":"46015","name":"Brule"},"geometry":{"type":"Polygon","coordinates":[[[5773,4967],[5793,5028],[5713,5124],[5689,5243],[5661,5271],[5543,5268],[5547,5329],[5616,5365],[5598,5442],[5610,5500],[5672,5535],[5749,5657],[5690,5729],[5684,5810],[5921,5810],[6286,5818],[6398,5820],[6454,5821],[6458,5652],[6471,5653],[6485,4974],[6106,4970],[5773,4967],[5773,4967]]]}},{"type":"Feature","id":"US.SD.023","properties":{"hc-group":"admin2","hc-middle-x":0.65,"hc-middle-y":0.50,"hc-key":"us-sd-023","hc-a2":"CM","fips":"46023","name":"Charles Mix"},"geometry":{"type":"Polygon","coordinates":[[[5773,4967],[6106,4970],[6485,4974],[6597,4976],[6610,4976],[6613,4725],[6650,4732],[7467,4405],[7525,4383],[7515,4351],[7472,4193],[7484,4095],[7469,4035],[7501,3973],[7460,3848],[7472,3771],[7421,3709],[7325,3734],[7269,3774],[7195,3788],[6968,3910],[6922,4008],[6883,4087],[6835,4124],[6748,4152],[6645,4155],[6525,4288],[6389,4317],[6375,4443],[6347,4482],[6227,4504],[6100,4622],[5980,4827],[5944,4848],[5833,4846],[5765,4890],[5773,4967],[5773,4967]]]}},{"type":"Feature","id":"US.SD.059","properties":{"hc-group":"admin2","hc-middle-x":0.50,"hc-middle-y":0.50,"hc-key":"us-sd-059","hc-a2":"HA","fips":"46059","name":"Hand"},"geometry":{"type":"Polygon","coordinates":[[[6552,7691],[6568,7691],[6575,7181],[6584,7012],[6596,6331],[6418,6328],[6281,6326],[5847,6321],[5758,6317],[5752,7002],[5735,7002],[5730,7682],[6102,7685],[6552,7691]]]}},{"type":"Feature","id":"US.SD.115","properties":{"hc-group":"admin2","hc-middle-x":0.50,"hc-middle-y":0.50,"hc-key":"us-sd-115","hc-a2":"SP","fips":"46115","name":"Spink"},"geometry":{"type":"Polygon","coordinates":[[[6575,7181],[6568,7691],[6552,7691],[6545,8057],[6540,8365],[6845,8367],[7550,8379],[7554,8246],[7554,8210],[7565,7703],[7573,7703],[7585,7196],[6939,7185],[6575,7181]]]}},{"type":"Feature","id":"US.SD.085","properties":{"hc-group":"admin2","hc-middle-x":0.48,"hc-middle-y":0.43,"hc-key":"us-sd-085","hc-a2":"LY","fips":"46085","name":"Lyman"},"geometry":{"type":"Polygon","coordinates":[[[5692,4966],[5438,4964],[5312,4964],[5310,5435],[5248,5476],[5225,5406],[5212,5470],[5160,5389],[5144,5445],[5113,5423],[5138,5372],[5064,5374],[5009,5331],[4930,5349],[4885,5326],[4806,5326],[4756,5365],[4709,5336],[4618,5323],[4540,5363],[4485,5320],[4455,5379],[4370,5350],[4355,5391],[4302,5385],[4303,5638],[4265,5638],[4266,6263],[4267,6314],[4866,6314],[4942,6186],[4975,6175],[5104,6199],[5264,6133],[5323,6137],[5325,6225],[5205,6270],[5197,6330],[5250,6358],[5294,6355],[5372,6310],[5422,6228],[5392,6133],[5465,6043],[5565,6028],[5686,5929],[5684,5810],[5690,5729],[5749,5657],[5672,5535],[5610,5500],[5598,5442],[5616,5365],[5547,5329],[5543,5268],[5661,5271],[5689,5243],[5713,5124],[5793,5028],[5773,4967],[5773,4967],[5692,4966]]]}},{"type":"Feature","id":"US.SD.053","properties":{"hc-group":"admin2","hc-middle-x":0.28,"hc-middle-y":0.56,"hc-key":"us-sd-053","hc-a2":"GR","fips":"46053","name":"Gregory"},"geometry":{"type":"Polygon","coordinates":[[[5692,4966],[5773,4967],[5773,4967],[5765,4890],[5833,4846],[5944,4848],[5980,4827],[6100,4622],[6227,4504],[6347,4482],[6375,4443],[6389,4317],[6525,4288],[6645,4155],[6748,4152],[6835,4124],[6883,4087],[6922,4008],[6370,3999],[5445,3989],[5440,4895],[5438,4964],[5692,4966]]]}},{"type":"Feature","id":"US.SD.105","properties":{"hc-group":"admin2","hc-middle-x":0.51,"hc-middle-y":0.50,"hc-key":"us-sd-105","hc-a2":"PE","fips":"46105","name":"Perkins"},"geometry":{"type":"Polygon","coordinates":[[[732,8702],[742,8701],[766,9371],[777,9374],[792,9786],[1900,9751],[2068,9746],[2055,9257],[2046,8829],[2034,8354],[2025,7985],[1498,8001],[707,8028],[712,8176],[719,8365],[719,8365],[732,8702]]]}},{"type":"Feature","id":"US.SD.063","properties":{"hc-group":"admin2","hc-middle-x":0.50,"hc-middle-y":0.50,"hc-key":"us-sd-063","hc-a2":"HA","fips":"46063","name":"Harding"},"geometry":{"type":"Polygon","coordinates":[[[732,8702],[719,8365],[719,8365],[-8,8395],[-766,8429],[-751,8742],[-702,9851],[792,9786],[777,9374],[766,9371],[742,8701],[732,8702]]]}},{"type":"Feature","id":"US.SD.019","properties":{"hc-group":"admin2","hc-middle-x":0.51,"hc-middle-y":0.50,"hc-key":"us-sd-019","hc-a2":"BU","fips":"46019","name":"Butte"},"geometry":{"type":"Polygon","coordinates":[[[719,8365],[712,8176],[707,8028],[681,7351],[667,7184],[-170,7217],[-521,7234],[-553,7202],[-599,7224],[-700,7190],[-850,7185],[-811,8012],[-786,8013],[-766,8429],[-8,8395],[719,8365],[719,8365]]]}},{"type":"Feature","id":"US.SD.137","properties":{"hc-group":"admin2","hc-middle-x":0.43,"hc-middle-y":0.52,"hc-key":"us-sd-137","hc-a2":"ZI","fips":"46137","name":"Ziebach"},"geometry":{"type":"Polygon","coordinates":[[[2766,8645],[2745,8645],[2732,7971],[2711,7884],[3214,7877],[3206,7397],[3168,7346],[3076,7292],[3062,7305],[2951,7271],[2892,7287],[2887,7236],[2760,7189],[2730,7122],[2654,7058],[2584,7079],[2521,7072],[2474,7101],[2444,7068],[2399,7085],[2263,6977],[2155,7011],[2019,6988],[1999,6962],[1999,6963],[2020,7784],[2025,7985],[2034,8354],[2046,8829],[2224,8825],[2770,8813],[2770,8813],[2766,8645]]]}},{"type":"Feature","id":"US.SD.055","properties":{"hc-group":"admin2","hc-middle-x":0.45,"hc-middle-y":0.60,"hc-key":"us-sd-055","hc-a2":"HA","fips":"46055","name":"Haakon"},"geometry":{"type":"Polygon","coordinates":[[[2019,6988],[2155,7011],[2263,6977],[2399,7085],[2444,7068],[2474,7101],[2521,7072],[2584,7079],[2654,7058],[2730,7122],[2760,7189],[2887,7236],[2892,7287],[2951,7271],[3062,7305],[3076,7292],[3168,7346],[3206,7397],[3204,7286],[3180,7286],[3169,6613],[3153,6613],[3148,6273],[3316,6271],[3312,5934],[3288,5934],[3035,5938],[1965,5959],[1982,6637],[1990,6637],[1998,6961],[1999,6962],[1999,6963],[2019,6988]]]}},{"type":"Feature","id":"US.SD.031","properties":{"hc-group":"admin2","hc-middle-x":0.50,"hc-middle-y":0.50,"hc-key":"us-sd-031","hc-a2":"CO","fips":"46031","name":"Corson"},"geometry":{"type":"Polygon","coordinates":[[[2770,8813],[2770,8813],[2224,8825],[2046,8829],[2055,9257],[2068,9746],[2359,9739],[4103,9713],[4254,9567],[4270,9464],[4359,9253],[4347,9187],[4226,9142],[4193,9034],[4115,8922],[4173,8869],[4245,8873],[4312,8797],[3945,8798],[2770,8813]]]}},{"type":"Feature","id":"US.SD.069","properties":{"hc-group":"admin2","hc-middle-x":0.49,"hc-middle-y":0.50,"hc-key":"us-sd-069","hc-a2":"HY","fips":"46069","name":"Hyde"},"geometry":{"type":"Polygon","coordinates":[[[5372,6310],[5294,6355],[5250,6358],[5247,7000],[5229,7000],[5230,7559],[5231,7679],[5317,7679],[5370,7679],[5491,7680],[5730,7682],[5735,7002],[5752,7002],[5758,6317],[5651,6316],[5372,6310]]]}},{"type":"Feature","id":"US.SD.093","properties":{"hc-group":"admin2","hc-middle-x":0.58,"hc-middle-y":0.52,"hc-key":"us-sd-093","hc-a2":"ME","fips":"46093","name":"Meade"},"geometry":{"type":"Polygon","coordinates":[[[1999,6963],[1999,6962],[1998,6961],[1947,6949],[1840,6820],[1796,6837],[1732,6806],[1688,6856],[1603,6851],[1574,6796],[1575,6708],[1516,6659],[1475,6493],[1487,6429],[1435,6378],[1418,6287],[1439,6256],[-49,6311],[-40,6536],[-209,6542],[-195,6713],[-170,7217],[667,7184],[681,7351],[707,8028],[1498,8001],[2025,7985],[2020,7784],[1999,6963]]]}},{"type":"Feature","id":"US.SD.089","properties":{"hc-group":"admin2","hc-middle-x":0.50,"hc-middle-y":0.50,"hc-key":"us-sd-089","hc-a2":"MC","fips":"46089","name":"McPherson"},"geometry":{"type":"Polygon","coordinates":[[[5179,9031],[5165,9031],[5164,9261],[5162,9706],[6128,9711],[6509,9715],[6514,9434],[6519,9040],[6358,9039],[5179,9031]]]}},{"type":"Feature","id":"US.SD.073","properties":{"hc-group":"admin2","hc-middle-x":0.50,"hc-middle-y":0.50,"hc-key":"us-sd-073","hc-a2":"JE","fips":"46073","name":"Jerauld"},"geometry":{"type":"Polygon","coordinates":[[[6454,5821],[6398,5820],[6286,5818],[6284,6014],[6281,6326],[6418,6328],[6596,6331],[6701,6333],[7111,6340],[7115,6176],[7122,5837],[6805,5829],[6454,5821]]]}},{"type":"Feature","id":"US.SD.013","properties":{"hc-group":"admin2","hc-middle-x":0.50,"hc-middle-y":0.50,"hc-key":"us-sd-013","hc-a2":"BR","fips":"46013","name":"Brown"},"geometry":{"type":"Polygon","coordinates":[[[6540,8365],[6535,8365],[6533,8365],[6523,9040],[6519,9040],[6514,9434],[6509,9715],[6930,9718],[7520,9730],[7528,9406],[7536,9055],[7541,8842],[7550,8379],[6845,8367],[6540,8365]]]}},{"type":"Feature","id":"US.SD.049","properties":{"hc-group":"admin2","hc-middle-x":0.50,"hc-middle-y":0.50,"hc-key":"us-sd-049","hc-a2":"FA","fips":"46049","name":"Faulk"},"geometry":{"type":"Polygon","coordinates":[[[6533,8365],[6535,8365],[6540,8365],[6545,8057],[6552,7691],[6102,7685],[5730,7682],[5491,7680],[5370,7679],[5369,7927],[5365,8355],[6360,8364],[6533,8365]]]}},{"type":"Feature","id":"US.SD.077","properties":{"hc-group":"admin2","hc-middle-x":0.50,"hc-middle-y":0.50,"hc-key":"us-sd-077","hc-a2":"KI","fips":"46077","name":"Kingsbury"},"geometry":{"type":"Polygon","coordinates":[[[7785,6354],[7780,6353],[7780,6353],[7772,6668],[7762,7032],[8101,7041],[8264,7045],[8505,7052],[8769,7060],[8786,6565],[8791,6386],[8594,6380],[8455,6373],[8018,6359],[7785,6354]]]}},{"type":"Feature","id":"US.SD.111","properties":{"hc-group":"admin2","hc-middle-x":0.50,"hc-middle-y":0.50,"hc-key":"us-sd-111","hc-a2":"SA","fips":"46111","name":"Sanborn"},"geometry":{"type":"Polygon","coordinates":[[[7780,6353],[7780,6353],[7785,6354],[7790,6101],[7801,5683],[7723,5682],[7638,5680],[7188,5671],[7134,5669],[7126,5669],[7122,5837],[7115,6176],[7111,6340],[7626,6348],[7780,6353]]]}},{"type":"Feature","id":"US.SD.003","properties":{"hc-group":"admin2","hc-middle-x":0.50,"hc-middle-y":0.50,"hc-key":"us-sd-003","hc-a2":"AU","fips":"46003","name":"Aurora"},"geometry":{"type":"Polygon","coordinates":[[[7122,5837],[7126,5669],[7134,5669],[7146,5142],[7155,4985],[6945,4981],[6610,4976],[6597,4976],[6485,4974],[6471,5653],[6458,5652],[6454,5821],[6805,5829],[7122,5837]]]}},{"type":"Feature","id":"US.SD.021","properties":{"hc-group":"admin2","hc-middle-x":0.62,"hc-middle-y":0.50,"hc-key":"us-sd-021","hc-a2":"CA","fips":"46021","name":"Campbell"},"geometry":{"type":"Polygon","coordinates":[[[4103,9713],[4362,9711],[5162,9706],[5164,9261],[5165,9031],[4532,9032],[4193,9034],[4226,9142],[4347,9187],[4359,9253],[4270,9464],[4254,9567],[4103,9713]]]}},{"type":"Feature","id":"US.SD.117","properties":{"hc-group":"admin2","hc-middle-x":0.31,"hc-middle-y":0.56,"hc-key":"us-sd-117","hc-a2":"ST","fips":"46117","name":"Stanley"},"geometry":{"type":"Polygon","coordinates":[[[3787,7437],[3838,7391],[3907,7370],[3930,7311],[3889,7146],[3891,7072],[3956,7019],[4048,7000],[4041,6938],[3979,6893],[3981,6822],[4034,6801],[4119,6831],[4213,6824],[4242,6791],[4271,6626],[4311,6602],[4456,6567],[4549,6565],[4661,6534],[4802,6456],[4887,6452],[4931,6404],[4866,6314],[4267,6314],[4266,6263],[3521,6268],[3316,6271],[3148,6273],[3153,6613],[3169,6613],[3180,7286],[3204,7286],[3206,7397],[3318,7382],[3364,7350],[3430,7402],[3511,7437],[3632,7462],[3674,7424],[3787,7437]]]}},{"type":"Feature","id":"US.SD.119","properties":{"hc-group":"admin2","hc-middle-x":0.54,"hc-middle-y":0.50,"hc-key":"us-sd-119","hc-a2":"SU","fips":"46119","name":"Sully"},"geometry":{"type":"Polygon","coordinates":[[[4048,7000],[3956,7019],[3891,7072],[3889,7146],[3930,7311],[3907,7370],[3838,7391],[3787,7437],[3791,7534],[3845,7538],[3937,7432],[4028,7416],[4123,7522],[4201,7574],[4237,7636],[4221,7680],[4385,7680],[5231,7679],[5230,7559],[5229,7000],[4568,7000],[4048,7000]]]}},{"type":"Feature","id":"US.SD.027","properties":{"hc-group":"admin2","hc-middle-x":0.50,"hc-middle-y":0.43,"hc-key":"us-sd-027","hc-a2":"CL","fips":"46027","name":"Clay"},"geometry":{"type":"Polygon","coordinates":[[[9357,3507],[9209,3559],[9131,3530],[9105,3606],[8972,3625],[8888,3620],[8843,3673],[8836,3859],[8824,4224],[9008,4231],[9160,4237],[9242,4240],[9329,4244],[9341,3931],[9357,3507]]]}},{"type":"Feature","id":"US.SD.017","properties":{"hc-group":"admin2","hc-middle-x":0.64,"hc-middle-y":0.50,"hc-key":"us-sd-017","hc-a2":"BU","fips":"46017","name":"Buffalo"},"geometry":{"type":"Polygon","coordinates":[[[5758,6317],[5847,6321],[6281,6326],[6284,6014],[6286,5818],[5921,5810],[5684,5810],[5686,5929],[5565,6028],[5465,6043],[5392,6133],[5422,6228],[5372,6310],[5651,6316],[5758,6317]]]}},{"type":"Feature","id":"US.SD.071","properties":{"hc-group":"admin2","hc-middle-x":0.48,"hc-middle-y":0.50,"hc-key":"us-sd-071","hc-a2":"JA","fips":"46071","name":"Jackson"},"geometry":{"type":"Polygon","coordinates":[[[1965,5959],[3035,5938],[3288,5934],[3287,5879],[3283,5635],[3198,5643],[3106,5564],[3051,5537],[3040,4761],[2477,4770],[1789,4788],[1793,4957],[1754,4958],[1765,5393],[1887,5367],[1935,5404],[1948,5959],[1965,5959]]]}},{"type":"Feature","id":"US.SD.127","properties":{"hc-group":"admin2","hc-middle-x":0.39,"hc-middle-y":0.36,"hc-key":"us-sd-127","hc-a2":"UN","fips":"46127","name":"Union"},"geometry":{"type":"Polygon","coordinates":[[[9357,3507],[9341,3931],[9329,4244],[9444,4249],[9829,4264],[9821,4227],[9751,4195],[9781,4120],[9743,4059],[9776,4017],[9724,3920],[9719,3806],[9678,3780],[9639,3671],[9595,3634],[9594,3581],[9639,3515],[9745,3429],[9780,3376],[9809,3247],[9841,3238],[9821,3159],[9848,3110],[9812,3095],[9776,3147],[9728,3164],[9664,3131],[9622,3168],[9610,3221],[9538,3271],[9501,3326],[9530,3397],[9472,3439],[9365,3445],[9357,3507]]]}},{"type":"Feature","id":"US.SD.081","properties":{"hc-group":"admin2","hc-middle-x":0.42,"hc-middle-y":0.49,"hc-key":"us-sd-081","hc-a2":"LA","fips":"46081","name":"Lawrence"},"geometry":{"type":"Polygon","coordinates":[[[-890,6350],[-881,6562],[-850,7185],[-700,7190],[-599,7224],[-553,7202],[-521,7234],[-170,7217],[-195,6713],[-209,6542],[-40,6536],[-49,6311],[-455,6329],[-890,6350]]]}},{"type":"Feature","id":"US.SD.029","properties":{"hc-group":"admin2","hc-middle-x":0.50,"hc-middle-y":0.50,"hc-key":"us-sd-029","hc-a2":"CO","fips":"46029","name":"Codington"},"geometry":{"type":"Polygon","coordinates":[[[8249,7550],[8240,7720],[8224,8225],[8393,8231],[8592,8237],[9063,8251],[9078,7915],[9084,7746],[9088,7580],[8753,7566],[8249,7550]]]}},{"type":"Feature","id":"US.SD.033","properties":{"hc-group":"admin2","hc-middle-x":0.45,"hc-middle-y":0.51,"hc-key":"us-sd-033","hc-a2":"CU","fips":"46033","name":"Custer"},"geometry":{"type":"Polygon","coordinates":[[[-955,5063],[-930,5573],[-920,5792],[-140,5762],[428,5739],[1003,5717],[987,5605],[924,5552],[818,5397],[786,5338],[688,5376],[641,5269],[544,5247],[535,4997],[76,5016],[-955,5063]]]}},{"type":"Feature","id":"US.SD.007","properties":{"hc-group":"admin2","hc-middle-x":0.50,"hc-middle-y":0.50,"hc-key":"us-sd-007","hc-a2":"BE","fips":"46007","name":"Bennett"},"geometry":{"type":"Polygon","coordinates":[[[1789,4788],[2477,4770],[3040,4761],[3033,4325],[3028,4001],[2451,4008],[2123,4021],[1810,4028],[1818,4280],[1779,4282],[1789,4788]]]}},{"type":"Feature","id":"US.SD.035","properties":{"hc-group":"admin2","hc-middle-x":0.50,"hc-middle-y":0.50,"hc-key":"us-sd-035","hc-a2":"DA","fips":"46035","name":"Davison"},"geometry":{"type":"Polygon","coordinates":[[[7155,4985],[7146,5142],[7134,5669],[7188,5671],[7638,5680],[7641,5478],[7658,4997],[7642,4997],[7446,4991],[7305,4987],[7155,4985]]]}},{"type":"Feature","id":"US.SD.009","properties":{"hc-group":"admin2","hc-middle-x":0.49,"hc-middle-y":0.40,"hc-key":"us-sd-009","hc-a2":"BH","fips":"46009","name":"Bon Homme"},"geometry":{"type":"Polygon","coordinates":[[[8161,3752],[8088,3732],[7962,3743],[7880,3778],[7817,3756],[7801,3675],[7719,3583],[7625,3564],[7553,3599],[7421,3709],[7472,3771],[7460,3848],[7501,3973],[7469,4035],[7484,4095],[7472,4193],[7515,4351],[7916,4363],[8140,4368],[8155,3976],[8161,3752]]]}},{"type":"Feature","id":"US.SD.101","properties":{"hc-group":"admin2","hc-middle-x":0.50,"hc-middle-y":0.50,"hc-key":"us-sd-101","hc-a2":"MO","fips":"46101","name":"Moody"},"geometry":{"type":"Polygon","coordinates":[[[9154,5724],[9132,6287],[9127,6398],[9507,6413],[9736,6425],[9760,5862],[9766,5751],[9688,5744],[9154,5724]]]}},{"type":"Feature","id":"US.SD.125","properties":{"hc-group":"admin2","hc-middle-x":0.50,"hc-middle-y":0.40,"hc-key":"us-sd-125","hc-a2":"TU","fips":"46125","name":"Turner"},"geometry":{"type":"Polygon","coordinates":[[[8824,4224],[8818,4392],[8479,4380],[8469,4619],[8455,5021],[8683,5029],[8839,5034],[9009,5041],[9128,5046],[9148,4549],[9160,4237],[9008,4231],[8824,4224]]]}},{"type":"Feature","id":"US.SD.135","properties":{"hc-group":"admin2","hc-middle-x":0.50,"hc-middle-y":0.45,"hc-key":"us-sd-135","hc-a2":"YA","fips":"46135","name":"Yankton"},"geometry":{"type":"Polygon","coordinates":[[[8479,4380],[8818,4392],[8824,4224],[8836,3859],[8843,3673],[8768,3695],[8758,3759],[8654,3775],[8630,3798],[8552,3771],[8472,3790],[8442,3752],[8347,3771],[8266,3748],[8161,3752],[8155,3976],[8140,4368],[8218,4370],[8479,4380]]]}},{"type":"Feature","id":"US.SD.121","properties":{"hc-group":"admin2","hc-middle-x":0.50,"hc-middle-y":0.50,"hc-key":"us-sd-121","hc-a2":"TO","fips":"46121","name":"Todd"},"geometry":{"type":"Polygon","coordinates":[[[4497,3989],[3976,3991],[3028,4001],[3033,4325],[3040,4761],[3717,4753],[4476,4750],[4476,4241],[4497,4241],[4497,3989]]]}},{"type":"Feature","id":"US.SD.095","properties":{"hc-group":"admin2","hc-middle-x":0.42,"hc-middle-y":0.58,"hc-key":"us-sd-095","hc-a2":"ME","fips":"46095","name":"Mellette"},"geometry":{"type":"Polygon","coordinates":[[[4476,4750],[3717,4753],[3040,4761],[3051,5537],[3106,5564],[3198,5643],[3283,5635],[3392,5650],[3415,5588],[3471,5614],[3528,5536],[3549,5553],[3595,5475],[3641,5487],[3647,5441],[3744,5371],[3859,5416],[3959,5487],[4113,5394],[4261,5429],[4302,5385],[4355,5391],[4370,5350],[4455,5379],[4453,4921],[4476,4919],[4476,4750]]]}},{"type":"Feature","id":"US.SD.123","properties":{"hc-group":"admin2","hc-middle-x":0.50,"hc-middle-y":0.53,"hc-key":"us-sd-123","hc-a2":"TR","fips":"46123","name":"Tripp"},"geometry":{"type":"Polygon","coordinates":[[[5445,3989],[4731,3988],[4497,3989],[4497,4241],[4476,4241],[4476,4750],[4476,4919],[4453,4921],[4455,5379],[4485,5320],[4540,5363],[4618,5323],[4709,5336],[4756,5365],[4806,5326],[4885,5326],[4930,5349],[5009,5331],[5064,5374],[5138,5372],[5113,5423],[5144,5445],[5160,5389],[5212,5470],[5225,5406],[5248,5476],[5310,5435],[5312,4964],[5438,4964],[5440,4895],[5445,3989]]]}},{"type":"Feature","id":"US.SD.083","properties":{"hc-group":"admin2","hc-middle-x":0.45,"hc-middle-y":0.57,"hc-key":"us-sd-083","hc-a2":"LI","fips":"46083","name":"Lincoln"},"geometry":{"type":"Polygon","coordinates":[[[9589,5065],[9615,5000],[9588,4965],[9673,4868],[9702,4867],[9702,4679],[9640,4675],[9625,4625],[9671,4601],[9649,4559],[9722,4522],[9785,4532],[9801,4409],[9851,4336],[9829,4264],[9444,4249],[9329,4244],[9242,4240],[9160,4237],[9148,4549],[9128,5046],[9290,5052],[9589,5065]]]}},{"type":"Feature","id":"US.SD.091","properties":{"hc-group":"admin2","hc-middle-x":0.50,"hc-middle-y":0.48,"hc-key":"us-sd-091","hc-a2":"MA","fips":"46091","name":"Marshall"},"geometry":{"type":"Polygon","coordinates":[[[7536,9055],[7528,9406],[7520,9730],[8193,9747],[8538,9759],[8548,9474],[8564,9026],[8377,9021],[8363,9077],[7536,9055]]]}},{"type":"Feature","id":"US.SD.047","properties":{"hc-group":"admin2","hc-middle-x":0.50,"hc-middle-y":0.50,"hc-key":"us-sd-047","hc-a2":"FR","fips":"46047","name":"Fall River"},"geometry":{"type":"Polygon","coordinates":[[[500,4072],[-429,4112],[-999,4137],[-955,5063],[76,5016],[535,4997],[518,4556],[500,4072]]]}},{"type":"Feature","id":"US.SD.113","properties":{"hc-group":"admin2","hc-middle-x":0.51,"hc-middle-y":0.53,"hc-key":"us-sd-113","hc-a2":"SH","fips":"46113","name":"Shannon"},"geometry":{"type":"Polygon","coordinates":[[[500,4072],[518,4556],[535,4997],[544,5247],[641,5269],[688,5376],[786,5338],[818,5397],[1713,5369],[1765,5393],[1754,4958],[1793,4957],[1789,4788],[1779,4282],[1818,4280],[1809,4028],[798,4060],[500,4072]]]}},{"type":"Feature","id":"US.SD.065","properties":{"hc-group":"admin2","hc-middle-x":0.61,"hc-middle-y":0.31,"hc-key":"us-sd-065","hc-a2":"HU","fips":"46065","name":"Hughes"},"geometry":{"type":"Polygon","coordinates":[[[4048,7000],[4568,7000],[5229,7000],[5247,7000],[5250,6358],[5197,6330],[5205,6270],[5325,6225],[5323,6137],[5264,6133],[5104,6199],[4975,6175],[4942,6186],[4866,6314],[4931,6404],[4887,6452],[4802,6456],[4661,6534],[4549,6565],[4456,6567],[4311,6602],[4271,6626],[4242,6791],[4213,6824],[4119,6831],[4034,6801],[3981,6822],[3979,6893],[4041,6938],[4048,7000]]]}},{"type":"Feature","id":"US.SD.075","properties":{"hc-group":"admin2","hc-middle-x":0.50,"hc-middle-y":0.49,"hc-key":"us-sd-075","hc-a2":"JO","fips":"46075","name":"Jones"},"geometry":{"type":"Polygon","coordinates":[[[3316,6271],[3521,6268],[4266,6263],[4265,5638],[4303,5638],[4302,5385],[4261,5429],[4113,5394],[3959,5487],[3859,5416],[3744,5371],[3647,5441],[3641,5487],[3595,5475],[3549,5553],[3528,5536],[3471,5614],[3415,5588],[3392,5650],[3283,5635],[3287,5879],[3288,5934],[3312,5934],[3316,6271]]]}}]}