{"title":"Mongolia","version":"1.1.2","type":"FeatureCollection","copyright":"Copyright (c) 2015 Highsoft AS, Based on data from Natural Earth","copyrightShort":"Natural Earth","copyrightUrl":"http://www.naturalearthdata.com","crs":{"type":"name","properties":{"name":"urn:ogc:def:crs:EPSG:54003"}},"hc-transform":{"default":{"crs":"+proj=mill +lat_0=0 +lon_0=0 +x_0=0 +y_0=0 +R_A +datum=WGS84 +units=m +no_defs","scale":0.000195825043309,"jsonres":15.5,"jsonmarginX":-999,"jsonmarginY":9851.0,"xoffset":9758132.63428,"yoffset":6360796.24282}},
"features":[{"type":"Feature","id":"MN.DA","properties":{"hc-group":"admin1","hc-middle-x":0.51,"hc-middle-y":0.59,"hc-key":"mn-da","hc-a2":"DA","labelrank":"4","hasc":"MN.DA","alt-name":"Darchan|Darhan|Darkhan|Darkhan-Uul|Darchan-Uul","woe-id":"20070014","subregion":null,"fips":"MG05","postal-code":"DA","name":"Darhan-Uul","country":"Mongolia","type-en":"Municipality","region":null,"longitude":"106.306","woe-name":"Darhan-Uul","latitude":"49.3586","woe-label":"Darhan, MN, Mongolia","type":"Hot"},"geometry":{"type":"Polygon","coordinates":[[[5271,8695],[5297,8696],[5329,8729],[5402,8702],[5428,8670],[5422,8580],[5428,8522],[5361,8502],[5279,8545],[5232,8537],[5180,8506],[5094,8522],[5107,8564],[5123,8679],[5102,8742],[5176,8817],[5204,8824],[5206,8790],[5172,8734],[5271,8695]]]}},{"type":"Feature","id":"MN.UB","properties":{"hc-group":"admin1","hc-middle-x":0.48,"hc-middle-y":0.49,"hc-key":"mn-ub","hc-a2":"UB","labelrank":"9","hasc":"MN.UB","alt-name":"Oulan-Bator|Ulan Bator|Ulan Bator Choto","woe-id":"20070016","subregion":null,"fips":"MG20","postal-code":"UB","name":"Ulaanbaatar","country":"Mongolia","type-en":"Municipality","region":null,"longitude":"106.967","woe-name":"Ulaanbaatar","latitude":"47.9597","woe-label":"Ulaanbaatar, MN, Mongolia","type":"Hot"},"geometry":{"type":"Polygon","coordinates":[[[5448,8108],[5529,8126],[5614,8022],[5689,7995],[5668,7883],[5589,7877],[5533,7911],[5472,7918],[5382,7908],[5334,7923],[5327,7974],[5304,8018],[5301,8074],[5279,8142],[5448,8108]]]}},{"type":"Feature","id":"MN.HG","properties":{"hc-group":"admin1","hc-middle-x":0.56,"hc-middle-y":0.50,"hc-key":"mn-hg","hc-a2":"HG","labelrank":"4","hasc":"MN.HG","alt-name":"Chövsgöl|Chuwsgul|Hobsgol|Höbsögöl|Hubsugul|Khubsugal|Khubsugud|Khubsugul|Kossogol","woe-id":"2346167","subregion":null,"fips":"MG13","postal-code":"HG","name":"Hövsgöl","country":"Mongolia","type-en":"Province","region":null,"longitude":"99.8205","woe-name":"Hövsgöl","latitude":"50.1456","woe-label":"Hovsgol, MN, Mongolia","type":"Aimag|aymag"},"geometry":{"type":"Polygon","coordinates":[[[2149,8817],[2172,8792],[2222,8781],[2314,8835],[2312,8865],[2368,8884],[2401,8868],[2494,8930],[2547,9027],[2557,9131],[2466,9186],[2439,9244],[2455,9272],[2403,9318],[2393,9345],[2434,9441],[2430,9479],[2475,9553],[2533,9557],[2535,9606],[2570,9666],[2667,9694],[2698,9723],[2757,9851],[2794,9819],[2874,9790],[2905,9763],[3025,9743],[3105,9680],[3135,9672],[3306,9670],[3602,9546],[3633,9556],[3721,9543],[3825,9516],[3870,9489],[3854,9452],[3858,9388],[3886,9336],[3881,9255],[3919,9220],[3901,9189],[3919,9143],[3967,9134],[4017,9078],[3949,9034],[3929,8984],[3843,8885],[3855,8860],[3997,8810],[4073,8766],[4034,8743],[3990,8744],[3953,8686],[3903,8653],[3801,8627],[3743,8574],[3699,8548],[3691,8464],[3586,8454],[3496,8508],[3383,8559],[3332,8498],[3279,8469],[3321,8431],[3273,8408],[3244,8327],[3287,8273],[3211,8250],[3197,8210],[3155,8208],[3092,8238],[3046,8233],[3031,8173],[2943,8161],[2915,8171],[2885,8146],[2828,8178],[2802,8306],[2848,8402],[2814,8532],[2709,8523],[2675,8471],[2634,8458],[2568,8486],[2488,8489],[2423,8481],[2300,8553],[2202,8557],[2157,8573],[2078,8639],[2072,8673],[2104,8726],[2171,8776],[2149,8817]]]}},{"type":"Feature","id":"MN.UV","properties":{"hc-group":"admin1","hc-middle-x":0.51,"hc-middle-y":0.46,"hc-key":"mn-uv","hc-a2":"UV","labelrank":"4","hasc":"MN.UV","alt-name":"Ubs|Ubsa Nor|Ubsa Nur|Ubsu Hur|Upsanol|Uws","woe-id":"2346173","subregion":null,"fips":"MG19","postal-code":"UV","name":"Uvs","country":"Mongolia","type-en":"Province","region":null,"longitude":"92.84310000000001","woe-name":"Uvs","latitude":"49.6911","woe-label":"Uvs, MN, Mongolia","type":"Aimag|aymag"},"geometry":{"type":"Polygon","coordinates":[[[-243,8904],[-225,8939],[-167,8952],[-82,8997],[-11,8997],[0,9026],[42,9043],[100,9090],[183,9108],[236,9106],[256,9139],[290,9150],[349,9204],[399,9215],[487,9207],[515,9220],[535,9275],[563,9285],[583,9250],[652,9200],[690,9243],[758,9246],[774,9177],[806,9166],[913,9171],[952,9160],[1188,9152],[1219,9080],[1224,9012],[1274,8969],[1319,8909],[1419,8922],[1471,8878],[1565,8879],[1607,8855],[1598,8754],[1626,8673],[1666,8651],[1677,8599],[1648,8549],[1639,8440],[1622,8403],[1569,8395],[1478,8345],[1376,8328],[1262,8345],[1152,8379],[1012,8316],[945,8249],[925,8203],[857,8248],[835,8298],[796,8318],[755,8316],[692,8274],[532,8306],[503,8293],[461,8360],[426,8361],[403,8436],[345,8448],[301,8422],[247,8354],[213,8335],[200,8400],[163,8443],[124,8459],[65,8558],[59,8596],[-11,8606],[-27,8651],[-141,8716],[-183,8797],[-209,8883],[-243,8904]]]}},{"type":"Feature","id":"MN.DG","properties":{"hc-group":"admin1","hc-middle-x":0.52,"hc-middle-y":0.55,"hc-key":"mn-dg","hc-a2":"DG","labelrank":"4","hasc":"MN.DG","alt-name":"Dornogobi|Dornogov'|Dorono Gobi|East Gobi|Dornogow'|Ostgobi|G¢bi Oriental","woe-id":"2346161","subregion":null,"fips":"MG07","postal-code":"DG","name":"Dornogovi","country":"Mongolia","type-en":"Province","region":null,"longitude":"109.825","woe-name":"Dornogovi","latitude":"44.4088","woe-label":"Dornogovi, MN, Mongolia","type":"Aimag|aymag"},"geometry":{"type":"Polygon","coordinates":[[[7178,6799],[7095,6749],[7032,6635],[7029,6597],[6983,6521],[6980,6492],[7011,6465],[7021,6426],[7060,6376],[7129,6323],[7164,6261],[7161,6224],[7100,6210],[7047,6153],[6878,6088],[6823,6056],[6738,5962],[6714,5916],[6660,5872],[6646,5844],[6534,5793],[6479,5787],[6396,5755],[6334,5714],[6256,5705],[6169,5714],[6102,5694],[6014,5708],[5850,5710],[5839,5905],[5851,5970],[5833,6080],[5825,6228],[5755,6418],[5725,6471],[5735,6560],[5763,6591],[5777,6674],[5792,6685],[5937,6701],[5970,6718],[5996,6760],[6040,6772],[6011,6944],[6005,7029],[6014,7103],[6033,7153],[5975,7139],[5932,7197],[5944,7301],[5931,7342],[5858,7423],[5905,7465],[5840,7474],[5819,7508],[5872,7524],[5995,7511],[6073,7545],[6113,7609],[6154,7593],[6171,7527],[6194,7550],[6211,7508],[6171,7399],[6253,7287],[6303,7256],[6421,7261],[6505,7312],[6532,7391],[6527,7448],[6560,7449],[6662,7345],[6695,7283],[6795,7220],[6836,7212],[6924,7278],[7049,7228],[7094,7140],[7106,7099],[7100,6975],[7128,6953],[7135,6917],[7173,6882],[7178,6799]]]}},{"type":"Feature","id":"MN.OG","properties":{"hc-group":"admin1","hc-middle-x":0.54,"hc-middle-y":0.50,"hc-key":"mn-og","hc-a2":"OG","labelrank":"4","hasc":"MN.OG","alt-name":"Góbi do Sul|Ömnögov'|Ömönö Gobi|South Gobi|Umnu|Ömnögow'|Südgobi","woe-id":"2346168","subregion":null,"fips":"MG14","postal-code":"OG","name":"Ömnögovi","country":"Mongolia","type-en":"Province","region":null,"longitude":"103.762","woe-name":"Ömnögovi","latitude":"43.4636","woe-label":"Omnogov, MN, Mongolia","type":"Aimag|aymag"},"geometry":{"type":"Polygon","coordinates":[[[5735,6560],[5725,6471],[5755,6418],[5825,6228],[5833,6080],[5851,5970],[5839,5905],[5850,5710],[5417,5648],[5114,5530],[4889,5429],[4826,5369],[4784,5389],[4686,5389],[4651,5397],[4652,5480],[4389,5434],[4170,5534],[3820,5607],[3770,5645],[3719,5719],[3686,5741],[3609,5753],[3544,5747],[3139,5807],[3006,5774],[2971,6021],[2955,6361],[2960,6395],[3062,6419],[3133,6369],[3220,6280],[3534,6275],[3558,6281],[3725,6372],[3850,6410],[4020,6421],[4146,6412],[4122,6480],[4233,6697],[4360,6769],[4406,6841],[4517,6839],[4526,6828],[4521,6732],[4552,6692],[4726,6664],[4962,6643],[4988,6634],[5054,6538],[5078,6475],[5167,6430],[5303,6449],[5397,6495],[5590,6553],[5640,6541],[5735,6560]]]}},{"type":"Feature","id":"MN.HN","properties":{"hc-group":"admin1","hc-middle-x":0.50,"hc-middle-y":0.50,"hc-key":"mn-hn","hc-a2":"HN","labelrank":"4","hasc":"MN.HN","alt-name":"Chentii|Chentij|Hentey|Hentii|Kentai|Kentei|Khentei|Khenti","woe-id":"2346165","subregion":null,"fips":"MG11","postal-code":"HN","name":"Hentiy","country":"Mongolia","type-en":"Province","region":null,"longitude":"110.542","woe-name":"Hentiy","latitude":"47.7116","woe-label":"Hentiy, MN, Mongolia","type":"Aimag|aymag"},"geometry":{"type":"Polygon","coordinates":[[[6924,7278],[6836,7212],[6795,7220],[6695,7283],[6662,7345],[6560,7449],[6527,7448],[6532,7391],[6505,7312],[6421,7261],[6303,7256],[6253,7287],[6171,7399],[6211,7508],[6194,7550],[6171,7527],[6154,7593],[6113,7609],[6067,7646],[6016,7757],[5969,7817],[5978,7842],[5973,7873],[6000,7929],[5997,7995],[6044,8006],[6128,8063],[6182,8160],[6183,8181],[6122,8385],[6082,8453],[6009,8518],[6014,8563],[6026,8606],[6147,8616],[6225,8616],[6327,8595],[6345,8576],[6417,8581],[6447,8564],[6569,8535],[6634,8570],[6712,8528],[6755,8524],[6834,8555],[6960,8623],[7016,8616],[7069,8637],[7193,8644],[7226,8656],[7253,8620],[7241,8604],[7267,8473],[7255,8442],[7340,8297],[7370,8211],[7357,8139],[7365,8065],[7401,8004],[7416,7950],[7254,7904],[7222,7881],[7205,7826],[7214,7767],[7131,7777],[7079,7754],[7024,7679],[7004,7571],[6949,7483],[6935,7418],[6953,7346],[6924,7278]]]}},{"type":"Feature","id":"MN.BH","properties":{"hc-group":"admin1","hc-middle-x":0.44,"hc-middle-y":0.48,"hc-key":"mn-bh","hc-a2":"BH","labelrank":"6","hasc":"MN.BH","alt-name":"Bajan-Chongor|Bayan Khangor|Bayan Khongor","woe-id":"2346158","subregion":null,"fips":"MG02","postal-code":"BH","name":"Bayanhongor","country":"Mongolia","type-en":"Province","region":null,"longitude":"99.6955","woe-name":"Bayanhongor","latitude":"45.8317","woe-label":"Bayanhongor, MN, Mongolia","type":"Aimag|aymag"},"geometry":{"type":"Polygon","coordinates":[[[3006,5774],[2956,5761],[2408,5826],[2390,6040],[2435,6171],[2435,6234],[2451,6347],[2439,6465],[2446,6517],[2518,6559],[2539,6615],[2533,6712],[2542,6758],[2576,6796],[2614,6913],[2620,6951],[2601,7069],[2586,7112],[2509,7204],[2459,7218],[2359,7314],[2337,7373],[2336,7437],[2352,7500],[2416,7687],[2510,7706],[2552,7771],[2548,7797],[2589,7859],[2590,7882],[2625,7907],[2686,7918],[2713,7905],[2732,7844],[2800,7808],[2879,7813],[2919,7842],[3016,7888],[3023,7830],[3072,7787],[3076,7711],[3103,7645],[3251,7682],[3305,7599],[3333,7592],[3374,7537],[3531,7548],[3560,7527],[3646,7433],[3658,7365],[3623,7320],[3639,7292],[3631,7233],[3594,7216],[3569,7174],[3575,7086],[3548,6982],[3508,6935],[3518,6826],[3533,6774],[3591,6751],[3662,6701],[3641,6649],[3670,6566],[3725,6372],[3558,6281],[3534,6275],[3220,6280],[3133,6369],[3062,6419],[2960,6395],[2955,6361],[2971,6021],[3006,5774]]]}},{"type":"Feature","id":"MN.AR","properties":{"hc-group":"admin1","hc-middle-x":0.46,"hc-middle-y":0.62,"hc-key":"mn-ar","hc-a2":"AR","labelrank":"4","hasc":"MN.AR","alt-name":"Alahangai|Ara Hangay|Ara-Khangai|Archangaj|Arkhangai|North Hangay|North Khangai|Archangai","woe-id":"2346157","subregion":null,"fips":"MG01","postal-code":"AR","name":"Arhangay","country":"Mongolia","type-en":"Province","region":null,"longitude":"100.92","woe-name":"Arhangay","latitude":"48.0061","woe-label":"Arhangay, MN, Mongolia","type":"Aimag|aymag"},"geometry":{"type":"Polygon","coordinates":[[[2828,8178],[2885,8146],[2915,8171],[2943,8161],[3031,8173],[3046,8233],[3092,8238],[3155,8208],[3197,8210],[3211,8250],[3287,8273],[3244,8327],[3273,8408],[3321,8431],[3279,8469],[3332,8498],[3383,8559],[3496,8508],[3586,8454],[3691,8464],[3726,8416],[3768,8403],[3795,8371],[3852,8382],[3875,8324],[3889,8240],[3929,8199],[3933,8175],[3970,8147],[4022,8140],[4081,8066],[4092,8002],[4150,7965],[4176,7913],[4208,7908],[4281,7815],[4369,7748],[4374,7711],[4323,7688],[4211,7692],[4156,7754],[4030,7789],[4023,7770],[4055,7726],[4021,7668],[3995,7653],[3981,7593],[3963,7586],[3899,7628],[3789,7596],[3741,7562],[3560,7527],[3531,7548],[3374,7537],[3333,7592],[3305,7599],[3251,7682],[3103,7645],[3076,7711],[3072,7787],[3023,7830],[3016,7888],[2919,7842],[2879,7813],[2800,7808],[2732,7844],[2713,7905],[2686,7918],[2625,7907],[2590,7882],[2521,7895],[2532,7982],[2513,8033],[2532,8068],[2621,8075],[2684,8121],[2828,8178]]]}},{"type":"Feature","id":"MN.DZ","properties":{"hc-group":"admin1","hc-middle-x":0.60,"hc-middle-y":0.48,"hc-key":"mn-dz","hc-a2":"DZ","labelrank":"4","hasc":"MN.DZ","alt-name":"Dsawchan|Dzabhan|Dzabkhan|Dzavchan|Psapchyn|Zavhan|Zavkhan","woe-id":"2346163","subregion":null,"fips":"MG09","postal-code":"DZ","name":"Dzavhan","country":"Mongolia","type-en":"Province","region":null,"longitude":"96.1728","woe-name":"Dzavhan","latitude":"48.615","woe-label":"Dzavhan, MN, Mongolia","type":"Aimag|aymag"},"geometry":{"type":"Polygon","coordinates":[[[2828,8178],[2684,8121],[2621,8075],[2532,8068],[2513,8033],[2532,7982],[2521,7895],[2590,7882],[2589,7859],[2548,7797],[2552,7771],[2510,7706],[2416,7687],[2352,7500],[2336,7437],[2268,7465],[2207,7431],[2116,7439],[2111,7470],[2077,7507],[2065,7559],[2012,7579],[1925,7556],[1891,7638],[1849,7708],[1604,7849],[1518,7853],[1483,7844],[1445,7888],[1406,7901],[1325,7894],[1217,7913],[1136,7935],[1018,7882],[935,7874],[865,7967],[835,8070],[877,8096],[933,8156],[925,8203],[945,8249],[1012,8316],[1152,8379],[1262,8345],[1376,8328],[1478,8345],[1569,8395],[1622,8403],[1639,8440],[1648,8549],[1677,8599],[1666,8651],[1626,8673],[1598,8754],[1607,8855],[1738,8909],[1765,8875],[1797,8901],[1863,8880],[1909,8852],[1943,8868],[1975,8841],[2020,8864],[2110,8852],[2149,8817],[2171,8776],[2104,8726],[2072,8673],[2078,8639],[2157,8573],[2202,8557],[2300,8553],[2423,8481],[2488,8489],[2568,8486],[2634,8458],[2675,8471],[2709,8523],[2814,8532],[2848,8402],[2802,8306],[2828,8178]]]}},{"type":"Feature","id":"MN.GA","properties":{"hc-group":"admin1","hc-middle-x":0.56,"hc-middle-y":0.46,"hc-key":"mn-ga","hc-a2":"GA","labelrank":"4","hasc":"MN.GA","alt-name":"Gobi-Altai|Gobi Altay|Gov'altaj|Gov'altay|Govyaltaj|Gow'altai","woe-id":"2346164","subregion":null,"fips":"MG10","postal-code":"GA","name":"Govi-Altay","country":"Mongolia","type-en":"Province","region":null,"longitude":"95.77760000000001","woe-name":"Govi-Altay","latitude":"45.4627","woe-label":"Govi-Altay, MN, Mongolia","type":"Aimag|aymag"},"geometry":{"type":"Polygon","coordinates":[[[2408,5826],[2186,5852],[1943,5829],[1901,5833],[1882,5911],[1752,6026],[1727,6106],[1679,6197],[1644,6295],[1618,6340],[1556,6351],[1554,6410],[1574,6467],[1458,6454],[1344,6490],[1307,6529],[1222,6560],[1174,6619],[1084,6627],[1012,6711],[948,6742],[796,6765],[816,6950],[808,7042],[825,7074],[864,7094],[909,7149],[907,7186],[985,7342],[955,7426],[1035,7428],[1072,7459],[1171,7503],[1198,7547],[1136,7637],[1119,7708],[1049,7743],[953,7820],[935,7874],[1018,7882],[1136,7935],[1217,7913],[1325,7894],[1406,7901],[1445,7888],[1483,7844],[1518,7853],[1604,7849],[1849,7708],[1891,7638],[1925,7556],[2012,7579],[2065,7559],[2077,7507],[2111,7470],[2116,7439],[2207,7431],[2268,7465],[2336,7437],[2337,7373],[2359,7314],[2459,7218],[2509,7204],[2586,7112],[2601,7069],[2620,6951],[2614,6913],[2576,6796],[2542,6758],[2533,6712],[2539,6615],[2518,6559],[2446,6517],[2439,6465],[2451,6347],[2435,6234],[2435,6171],[2390,6040],[2408,5826]]]}},{"type":"Feature","id":"MN.HD","properties":{"hc-group":"admin1","hc-middle-x":0.45,"hc-middle-y":0.64,"hc-key":"mn-hd","hc-a2":"HD","labelrank":"4","hasc":"MN.HD","alt-name":"Chovd|Hobdo|Khobdo|Khovd|Kobdo|Chowd","woe-id":"2346166","subregion":null,"fips":"MG00","postal-code":"HD","name":"Hovd","country":"Mongolia","type-en":"Province","region":null,"longitude":"92.4584","woe-name":"Hovd","latitude":"46.8037","woe-label":"Hovd, MN, Mongolia","type":"Aimag|aymag"},"geometry":{"type":"Polygon","coordinates":[[[925,8203],[933,8156],[877,8096],[835,8070],[865,7967],[935,7874],[953,7820],[1049,7743],[1119,7708],[1136,7637],[1198,7547],[1171,7503],[1072,7459],[1035,7428],[955,7426],[985,7342],[907,7186],[909,7149],[864,7094],[825,7074],[808,7042],[816,6950],[796,6765],[687,6779],[593,6762],[498,6769],[436,6794],[319,6788],[272,6795],[249,6820],[180,6817],[141,6845],[87,6852],[53,6840],[7,6947],[-22,6969],[-2,7077],[96,7190],[94,7229],[61,7309],[112,7420],[100,7473],[186,7460],[236,7418],[261,7449],[379,7444],[396,7472],[310,7544],[244,7582],[233,7612],[254,7680],[186,7758],[181,7825],[129,7926],[83,8046],[42,8080],[25,8166],[43,8204],[31,8251],[-9,8289],[27,8295],[128,8335],[213,8335],[247,8354],[301,8422],[345,8448],[403,8436],[426,8361],[461,8360],[503,8293],[532,8306],[692,8274],[755,8316],[796,8318],[835,8298],[857,8248],[925,8203]]]}},{"type":"Feature","id":"MN.BO","properties":{"hc-group":"admin1","hc-middle-x":0.50,"hc-middle-y":0.36,"hc-key":"mn-bo","hc-a2":"BO","labelrank":"7","hasc":"MN.BO","alt-name":"Bajan-Ölgij|Bayan Ölögey|Bayan-Ulegei|Bayanulgee|Bayan-Ulgii|Bajan-Ulegei","woe-id":"2346159","subregion":null,"fips":"MG03","postal-code":"BO","name":"Bayan-Ölgiy","country":"Mongolia","type-en":"Province","region":null,"longitude":"89.81270000000001","woe-name":"Bayan-Ölgiy","latitude":"48.8811","woe-label":"Bayan-Olgiy, MN, Mongolia","type":"Aimag|aymag"},"geometry":{"type":"Polygon","coordinates":[[[213,8335],[128,8335],[27,8295],[-9,8289],[31,8251],[43,8204],[25,8166],[42,8080],[83,8046],[129,7926],[181,7825],[186,7758],[254,7680],[233,7612],[244,7582],[310,7544],[396,7472],[379,7444],[261,7449],[236,7418],[186,7460],[100,7473],[70,7525],[73,7551],[38,7597],[-2,7611],[-84,7736],[-93,7815],[-131,7870],[-126,7885],[-214,7927],[-227,7980],[-254,7984],[-279,7956],[-326,7956],[-397,8045],[-467,8046],[-497,8023],[-564,8029],[-602,8074],[-645,8078],[-721,8123],[-726,8180],[-776,8202],[-837,8245],[-911,8265],[-936,8291],[-895,8327],[-925,8358],[-982,8378],[-999,8430],[-960,8451],[-977,8477],[-979,8537],[-932,8538],[-868,8582],[-878,8620],[-858,8658],[-703,8679],[-682,8659],[-623,8655],[-627,8695],[-592,8666],[-525,8684],[-506,8741],[-454,8718],[-430,8745],[-349,8774],[-368,8809],[-369,8859],[-287,8877],[-243,8904],[-209,8883],[-183,8797],[-141,8716],[-27,8651],[-11,8606],[59,8596],[65,8558],[124,8459],[163,8443],[200,8400],[213,8335]]]}},{"type":"Feature","id":"MN.BU","properties":{"hc-group":"admin1","hc-middle-x":0.55,"hc-middle-y":0.36,"hc-key":"mn-bu","hc-a2":"BU","labelrank":"4","hasc":"MN.BU","alt-name":"Bulagan","woe-id":"2346174","subregion":null,"fips":"MG21","postal-code":"BU","name":"Bulgan","country":"Mongolia","type-en":"Province","region":null,"longitude":"103.196","woe-name":"Bulgan","latitude":"49.0014","woe-label":"Bulgan, MN, Mongolia","type":"Aimag|aymag"},"geometry":{"type":"Polygon","coordinates":[[[4374,7711],[4369,7748],[4281,7815],[4208,7908],[4176,7913],[4150,7965],[4092,8002],[4081,8066],[4022,8140],[3970,8147],[3933,8175],[3929,8199],[3889,8240],[3875,8324],[3852,8382],[3795,8371],[3768,8403],[3726,8416],[3691,8464],[3699,8548],[3743,8574],[3801,8627],[3903,8653],[3953,8686],[3990,8744],[4034,8743],[4073,8766],[3997,8810],[3855,8860],[3843,8885],[3929,8984],[3949,9034],[4017,9078],[4066,9067],[4137,9032],[4214,9033],[4231,8997],[4283,8989],[4371,8960],[4411,8984],[4474,8967],[4550,8977],[4601,9022],[4660,8968],[4691,8906],[4657,8894],[4664,8838],[4731,8764],[4710,8746],[4700,8653],[4684,8623],[4659,8510],[4599,8517],[4579,8500],[4518,8517],[4484,8482],[4483,8459],[4565,8441],[4611,8421],[4666,8373],[4661,8302],[4663,8213],[4618,8160],[4581,8094],[4611,8059],[4616,8027],[4650,8013],[4721,8008],[4719,7953],[4740,7887],[4661,7883],[4647,7860],[4594,7858],[4506,7804],[4538,7761],[4533,7731],[4467,7717],[4374,7711]]]}},{"type":"Feature","id":"MN.ER","properties":{"hc-group":"admin1","hc-middle-x":0.50,"hc-middle-y":0.47,"hc-key":"mn-er","hc-a2":"ER","labelrank":"4","hasc":"MN.ER","alt-name":"Erdenet|Orkhon","woe-id":"20070015","subregion":null,"fips":"MG22","postal-code":"ER","name":"Orhon","country":"Mongolia","type-en":"Municipality","region":null,"longitude":"104.286","woe-name":"Orhon","latitude":"49.0077","woe-label":"Erdenet, MN, Mongolia","type":"Hot"},"geometry":{"type":"Polygon","coordinates":[[[4611,8421],[4565,8441],[4483,8459],[4484,8482],[4518,8517],[4579,8500],[4599,8517],[4659,8510],[4673,8463],[4611,8421]]]}},{"type":"Feature","id":"MN.SL","properties":{"hc-group":"admin1","hc-middle-x":0.22,"hc-middle-y":0.48,"hc-key":"mn-sl","hc-a2":"SL","labelrank":"4","hasc":"MN.SL","alt-name":"Selenga","woe-id":"2346170","subregion":null,"fips":"MG16","postal-code":"SL","name":"Selenge","country":"Mongolia","type-en":"Province","region":null,"longitude":"106.46","woe-name":"Selenge","latitude":"48.8536","woe-label":"Selenge, MN, Mongolia","type":"Aimag|aymag"},"geometry":{"type":"Polygon","coordinates":[[[4661,8302],[4666,8373],[4611,8421],[4673,8463],[4659,8510],[4684,8623],[4700,8653],[4710,8746],[4731,8764],[4664,8838],[4657,8894],[4691,8906],[4660,8968],[4601,9022],[4643,9040],[4689,9041],[4799,9075],[4865,9078],[4932,9112],[5036,9088],[5084,9091],[5153,9078],[5177,9049],[5241,9030],[5307,9047],[5380,9046],[5424,9031],[5487,8989],[5512,8939],[5572,8901],[5619,8891],[5742,8890],[5815,8873],[5813,8754],[5844,8722],[5918,8692],[5946,8655],[6026,8606],[6014,8563],[6009,8518],[5947,8514],[5863,8468],[5802,8497],[5724,8489],[5675,8454],[5743,8375],[5711,8306],[5679,8304],[5581,8273],[5522,8298],[5453,8291],[5393,8255],[5351,8261],[5216,8329],[5181,8312],[5154,8329],[5165,8380],[5102,8406],[5010,8383],[4971,8359],[4988,8310],[4905,8273],[4825,8250],[4661,8302]],[[5271,8695],[5172,8734],[5206,8790],[5204,8824],[5176,8817],[5102,8742],[5123,8679],[5107,8564],[5094,8522],[5180,8506],[5232,8537],[5279,8545],[5361,8502],[5428,8522],[5422,8580],[5428,8670],[5402,8702],[5329,8729],[5297,8696],[5271,8695]]]}},{"type":"Feature","id":"MN.OH","properties":{"hc-group":"admin1","hc-middle-x":0.46,"hc-middle-y":0.40,"hc-key":"mn-oh","hc-a2":"OH","labelrank":"4","hasc":"MN.OH","alt-name":"Öbör Hangay|Övörchangaj|South Hangay|South Khangai|Ublhangai|Ubur-Khangai|Ovorkhangai|Öwörchangai|Uwurchangaj","woe-id":"2346169","subregion":null,"fips":"MG00","postal-code":"OH","name":"Övörhangay","country":"Mongolia","type-en":"Province","region":null,"longitude":"102.857","woe-name":"Övörhangay","latitude":"45.7785","woe-label":"Ovorhangay, MN, Mongolia","type":"Aimag|aymag"},"geometry":{"type":"Polygon","coordinates":[[[4374,7711],[4467,7717],[4533,7731],[4547,7662],[4594,7622],[4600,7564],[4562,7542],[4616,7459],[4629,7397],[4687,7359],[4662,7296],[4625,7249],[4539,7224],[4520,7098],[4503,7074],[4405,7063],[4357,7022],[4355,6979],[4420,6901],[4406,6841],[4360,6769],[4233,6697],[4122,6480],[4146,6412],[4020,6421],[3850,6410],[3725,6372],[3670,6566],[3641,6649],[3662,6701],[3591,6751],[3533,6774],[3518,6826],[3508,6935],[3548,6982],[3575,7086],[3569,7174],[3594,7216],[3631,7233],[3639,7292],[3623,7320],[3658,7365],[3646,7433],[3560,7527],[3741,7562],[3789,7596],[3899,7628],[3963,7586],[3981,7593],[3995,7653],[4021,7668],[4055,7726],[4023,7770],[4030,7789],[4156,7754],[4211,7692],[4323,7688],[4374,7711]]]}},{"type":"Feature","id":"MN.DU","properties":{"hc-group":"admin1","hc-middle-x":0.50,"hc-middle-y":0.50,"hc-key":"mn-du","hc-a2":"DU","labelrank":"4","hasc":"MN.DU","alt-name":"Central Gobi|Dunda Gobi|Dundgobi|Dundgov'|Middle Gobi|Dundgow'|Mittelgobi|G¢bi Central","woe-id":"2346162","subregion":null,"fips":"MG00","postal-code":"DU","name":"Dundgovi","country":"Mongolia","type-en":"Province","region":null,"longitude":"106.116","woe-name":"Dundgovi","latitude":"45.4132","woe-label":"Dundgovi, MN, Mongolia","type":"Aimag|aymag"},"geometry":{"type":"Polygon","coordinates":[[[4406,6841],[4420,6901],[4355,6979],[4357,7022],[4405,7063],[4503,7074],[4520,7098],[4539,7224],[4625,7249],[4662,7296],[4687,7359],[4704,7342],[4780,7397],[4809,7430],[4897,7403],[4955,7366],[5043,7481],[5079,7491],[5194,7444],[5214,7424],[5394,7423],[5461,7404],[5530,7351],[5611,7356],[5670,7373],[5699,7403],[5776,7437],[5785,7503],[5819,7508],[5840,7474],[5905,7465],[5858,7423],[5931,7342],[5944,7301],[5932,7197],[5975,7139],[6033,7153],[6014,7103],[6005,7029],[6011,6944],[6040,6772],[5996,6760],[5970,6718],[5937,6701],[5792,6685],[5777,6674],[5763,6591],[5735,6560],[5640,6541],[5590,6553],[5397,6495],[5303,6449],[5167,6430],[5078,6475],[5054,6538],[4988,6634],[4962,6643],[4726,6664],[4552,6692],[4521,6732],[4526,6828],[4517,6839],[4406,6841]]]}},{"type":"Feature","id":"MN.TO","properties":{"hc-group":"admin1","hc-middle-x":0.26,"hc-middle-y":0.59,"hc-key":"mn-to","hc-a2":"TO","labelrank":"4","hasc":"MN.TO","alt-name":"Central|Töb|Tub|Tuvaimag|Töw|Tuw","woe-id":"2346172","subregion":null,"fips":"MG18","postal-code":"TO","name":"Töv","country":"Mongolia","type-en":"Province","region":null,"longitude":"106.554","woe-name":"Töv","latitude":"47.1533","woe-label":"Tov, MN, Mongolia","type":"Aimag|aymag"},"geometry":{"type":"Polygon","coordinates":[[[6009,8518],[6082,8453],[6122,8385],[6183,8181],[6182,8160],[6128,8063],[6044,8006],[5997,7995],[5952,7997],[5913,7957],[5901,7925],[5910,7870],[5978,7842],[5969,7817],[6016,7757],[6067,7646],[6113,7609],[6073,7545],[5995,7511],[5872,7524],[5819,7508],[5785,7503],[5776,7437],[5699,7403],[5670,7373],[5611,7356],[5530,7351],[5461,7404],[5394,7423],[5214,7424],[5194,7444],[5079,7491],[5043,7481],[4955,7366],[4897,7403],[4809,7430],[4780,7397],[4704,7342],[4687,7359],[4629,7397],[4616,7459],[4562,7542],[4600,7564],[4594,7622],[4547,7662],[4533,7731],[4538,7761],[4506,7804],[4594,7858],[4647,7860],[4661,7883],[4740,7887],[4719,7953],[4721,8008],[4650,8013],[4616,8027],[4611,8059],[4581,8094],[4618,8160],[4663,8213],[4661,8302],[4825,8250],[4905,8273],[4988,8310],[4971,8359],[5010,8383],[5102,8406],[5165,8380],[5154,8329],[5181,8312],[5216,8329],[5351,8261],[5393,8255],[5453,8291],[5522,8298],[5581,8273],[5679,8304],[5711,8306],[5743,8375],[5675,8454],[5724,8489],[5802,8497],[5863,8468],[5947,8514],[6009,8518]],[[5448,8108],[5279,8142],[5301,8074],[5304,8018],[5327,7974],[5334,7923],[5382,7908],[5472,7918],[5533,7911],[5589,7877],[5668,7883],[5689,7995],[5614,8022],[5529,8126],[5448,8108]]]}},{"type":"Feature","id":"MN.GS","properties":{"hc-group":"admin1","hc-middle-x":0.09,"hc-middle-y":0.38,"hc-key":"mn-gs","hc-a2":"GS","labelrank":"4","hasc":"MN.GS","alt-name":"Gobisumber","woe-id":"-2346172","subregion":null,"fips":"MG20","postal-code":"GS","name":"Gov?-Sümber","country":"Mongolia","type-en":"Municipality","region":null,"longitude":"108.346","woe-name":null,"latitude":"47.74","woe-label":null,"type":"Hot"},"geometry":{"type":"Polygon","coordinates":[[[5997,7995],[6000,7929],[5973,7873],[5978,7842],[5910,7870],[5901,7925],[5913,7957],[5952,7997],[5997,7995]]]}},{"type":"Feature","id":"MN.DD","properties":{"hc-group":"admin1","hc-middle-x":0.29,"hc-middle-y":0.38,"hc-key":"mn-dd","hc-a2":"DD","labelrank":"4","hasc":"MN.DD","alt-name":"Choibalsan|Choybalsan|Doronad|Doronod|Eastern","woe-id":"2346160","subregion":null,"fips":"MG06","postal-code":"DD","name":"Dornod","country":"Mongolia","type-en":"Province","region":null,"longitude":"114.261","woe-name":"Dornod","latitude":"48.7766","woe-label":"Dornod, MN, Mongolia","type":"Aimag|aymag"},"geometry":{"type":"Polygon","coordinates":[[[7416,7950],[7401,8004],[7365,8065],[7357,8139],[7370,8211],[7340,8297],[7255,8442],[7267,8473],[7241,8604],[7253,8620],[7226,8656],[7329,8695],[7431,8679],[7536,8721],[7547,8757],[7592,8824],[7716,8911],[7808,8938],[7849,8973],[7955,9024],[8018,9005],[8113,9006],[8195,8966],[8267,8890],[8320,8856],[8449,8851],[8551,8901],[8607,8908],[8728,8868],[8764,8824],[8546,8408],[8543,8363],[8466,8261],[8469,8150],[8456,8128],[8369,8085],[8385,8003],[8484,7906],[8524,7907],[8562,7949],[8616,7973],[8702,7962],[8821,7977],[8894,7950],[8978,7883],[8993,7882],[9043,7936],[9064,7885],[9142,7924],[9169,7961],[9146,8034],[9199,8031],[9270,8044],[9391,8017],[9467,7927],[9574,7887],[9599,7825],[9650,7807],[9641,7781],[9782,7672],[9806,7601],[9847,7564],[9851,7481],[9775,7431],[9699,7446],[9653,7439],[9567,7460],[9535,7494],[9484,7502],[9451,7467],[9414,7479],[9355,7473],[9289,7483],[9167,7433],[9147,7404],[9106,7397],[9059,7435],[9004,7422],[8990,7341],[8973,7329],[8805,7343],[8730,7307],[8633,7433],[8616,7443],[8472,7438],[8409,7426],[8253,7422],[8166,7389],[8126,7454],[8086,7497],[8016,7529],[8007,7555],[8020,7667],[8005,7688],[7946,7716],[7792,7822],[7587,7861],[7522,7888],[7473,7887],[7415,7860],[7416,7950]]]}},{"type":"Feature","id":"MN.SB","properties":{"hc-group":"admin1","hc-middle-x":0.36,"hc-middle-y":0.52,"hc-key":"mn-sb","hc-a2":"SB","labelrank":"4","hasc":"MN.SB","alt-name":"Sühe Baatar|Suhe-Bator|Sükhbaatar|Sukh-Batar|Sukhe-Bator|Süchbaatar","woe-id":"2346171","subregion":null,"fips":"MG17","postal-code":"SB","name":"Sühbaatar","country":"Mongolia","type-en":"Province","region":null,"longitude":"113.904","woe-name":"Sühbaatar","latitude":"46.1847","woe-label":"Suhbaatar, MN, Mongolia","type":"Aimag|aymag"},"geometry":{"type":"Polygon","coordinates":[[[6924,7278],[6953,7346],[6935,7418],[6949,7483],[7004,7571],[7024,7679],[7079,7754],[7131,7777],[7214,7767],[7205,7826],[7222,7881],[7254,7904],[7416,7950],[7415,7860],[7473,7887],[7522,7888],[7587,7861],[7792,7822],[7946,7716],[8005,7688],[8020,7667],[8007,7555],[8016,7529],[8086,7497],[8126,7454],[8166,7389],[8253,7422],[8409,7426],[8472,7438],[8616,7443],[8633,7433],[8730,7307],[8654,7226],[8605,7143],[8618,7099],[8591,7059],[8537,7046],[8411,6948],[8310,6927],[8175,6919],[8107,6940],[8038,6924],[8000,6847],[7914,6779],[7877,6738],[7821,6725],[7735,6657],[7556,6677],[7436,6707],[7381,6731],[7332,6785],[7178,6799],[7173,6882],[7135,6917],[7128,6953],[7100,6975],[7106,7099],[7094,7140],[7049,7228],[6924,7278]]]}}]}