{"title":"Guam congressional districts","version":"1.1.2","type":"FeatureCollection","copyright":"Copyright (c) 2015 Highsoft AS, Based on data from The United States Census Bureau","copyrightShort":"USA Census Bureau","copyrightUrl":"http://www.census.gov","crs":{"type":"name","properties":{"name":"urn:ogc:def:crs:EPSG:32655"}},"hc-transform":{"default":{"crs":"+proj=utm +zone=55 +datum=WGS84 +units=m +no_defs","scale":0.0153725351195,"jsonres":15.5,"jsonmarginX":-999,"jsonmarginY":9851.0,"xoffset":242750.516342,"yoffset":1510475.51646}},
"features":[{"type":"Feature","id":"GU.3605.98","properties":{"hc-group":"special","hc-middle-x":0.24,"hc-middle-y":0.72,"hc-key":"gu-3605-98","hc-a2":"DD","geoid":"6698","name":"Delegate District (at Large)"},"geometry":{"type":"Polygon","coordinates":[[[3756,4374],[3109,3713],[2736,2626],[2474,162],[1833,-793],[1377,-982],[847,-999],[413,-844],[153,-365],[-196,92],[-277,224],[-425,1225],[-505,1402],[-628,1558],[-778,1682],[-966,1769],[-699,2032],[-528,2302],[-437,2638],[-407,3106],[-455,3324],[-583,3597],[-728,3829],[-999,4034],[-882,4233],[-679,4344],[-573,4204],[-216,4236],[1351,5126],[1714,5442],[3132,6249],[3410,6521],[3648,6837],[3857,7217],[4414,8980],[4583,9297],[4890,9584],[5312,9825],[5671,9851],[5816,9483],[6076,8895],[6528,8559],[7046,8408],[7497,8371],[7500,8062],[7121,7371],[6319,6221],[5405,5398],[3756,4374]]]}}]}