{"title":"Rhode Island","version":"1.1.2","type":"FeatureCollection","copyright":"Copyright (c) 2015 Highsoft AS, Based on data from The United States Census Bureau","copyrightShort":"USA Census Bureau","copyrightUrl":"http://www.census.gov","crs":{"type":"name","properties":{"name":"urn:ogc:def:crs:EPSG:2840"}},"hc-transform":{"default":{"crs":"+proj=tmerc +lat_0=41.08333333333334 +lon_0=-71.5 +k=0.99999375 +x_0=100000 +y_0=0 +ellps=GRS80 +towgs84=0,0,0,0,0,0,0 +units=m +no_defs","scale":0.00725218756947,"jsonres":15.5,"jsonmarginX":-999,"jsonmarginY":9851.0,"xoffset":68889.4403705,"yoffset":103903.143813}},
"features":[{"type":"Feature","id":"US.RI.009","properties":{"hc-group":"admin2","hc-middle-x":0.50,"hc-middle-y":0.35,"hc-key":"us-ri-009","hc-a2":"WA","fips":"44009","name":"Washington"},"geometry":{"type":"MultiPolygon","coordinates":[[[[1823,-999],[1425,-931],[1479,-614],[1814,-12],[2079,-835],[1823,-999]]],[[[3295,5304],[3318,4781],[3035,4305],[3205,3859],[3192,2983],[2923,2201],[2520,1704],[2212,1831],[1568,1720],[-999,916],[-901,1135],[-601,1412],[-716,2265],[-300,2340],[-213,4587],[2644,4656],[2849,5099],[3295,5304]]]]}},{"type":"Feature","id":"US.RI.005","properties":{"hc-group":"admin2","hc-middle-x":0.84,"hc-middle-y":0.46,"hc-key":"us-ri-005","hc-a2":"NE","fips":"44005","name":"Newport"},"geometry":{"type":"MultiPolygon","coordinates":[[[[3506,2915],[3480,3704],[3645,4347],[3831,4100],[3705,3154],[3506,2915]]],[[[4231,4384],[4085,4318],[4035,4952],[3840,5017],[3961,5505],[4340,4953],[4231,4384]]],[[[6047,3544],[5448,2988],[5295,3411],[5242,5203],[5355,5563],[5939,5382],[6047,3544]]],[[[4872,5201],[5114,5382],[5004,4699],[4999,3242],[4706,3327],[4346,2955],[3943,2809],[3833,3031],[4293,3318],[4166,3755],[4291,4221],[4509,4396],[4738,5102],[4777,5101],[4872,5201]]]]}},{"type":"Feature","id":"US.RI.007","properties":{"hc-group":"admin2","hc-middle-x":0.49,"hc-middle-y":0.53,"hc-key":"us-ri-007","hc-a2":"PR","fips":"44007","name":"Providence"},"geometry":{"type":"Polygon","coordinates":[[[3849,6448],[3513,7354],[3476,6679],[3082,6617],[2916,6274],[-212,6181],[-279,8759],[-288,9721],[2341,9810],[2514,9830],[3602,9851],[3604,9429],[3602,8283],[4003,8348],[4047,7898],[3925,7408],[4201,6822],[3864,6512],[3849,6448]]]}},{"type":"Feature","id":"US.RI.001","properties":{"hc-group":"admin2","hc-middle-x":0.69,"hc-middle-y":0.52,"hc-key":"us-ri-001","hc-a2":"BR","fips":"44001","name":"Bristol"},"geometry":{"type":"MultiPolygon","coordinates":[[[[3849,6448],[3864,6512],[4201,6822],[4733,6524],[5014,6098],[4742,5263],[4353,5368],[4355,5905],[4547,6389],[4379,6572],[4286,6147],[3849,6448]]],[[[4738,5102],[4766,5133],[4872,5201],[4777,5101],[4738,5102]]]]}},{"type":"Feature","id":"US.RI.003","properties":{"hc-group":"admin2","hc-middle-x":0.43,"hc-middle-y":0.60,"hc-key":"us-ri-003","hc-a2":"KE","fips":"44003","name":"Kent"},"geometry":{"type":"Polygon","coordinates":[[[3476,6679],[3737,6168],[3580,5549],[3260,5803],[2996,5586],[3295,5304],[2849,5099],[2644,4656],[-213,4587],[-202,4896],[-191,5326],[-212,6181],[2916,6274],[3082,6617],[3476,6679]]]}}]}