{"title":"Qatar","version":"1.1.2","type":"FeatureCollection","copyright":"Copyright (c) 2015 Highsoft AS, Based on data from Natural Earth","copyrightShort":"Natural Earth","copyrightUrl":"http://www.naturalearthdata.com","crs":{"type":"name","properties":{"name":"urn:ogc:def:crs:EPSG:2099"}},"hc-transform":{"default":{"crs":"+proj=cass +lat_0=25.38236111111111 +lon_0=50.76138888888889 +x_0=100000 +y_0=100000 +ellps=helmert +units=m +no_defs","scale":0.00394729375933,"jsonres":15.5,"jsonmarginX":-999,"jsonmarginY":9851.0,"xoffset":98953.5302229,"yoffset":186254.81576}},
"features":[{"type":"Feature","id":"QA.MS","properties":{"hc-group":"admin1","hc-middle-x":0.50,"hc-middle-y":0.44,"hc-key":"qa-ms","hc-a2":"MS","labelrank":"9","hasc":"QA.MS","alt-name":"Al Shamal|Ash Shamal","woe-id":"20070005","subregion":null,"fips":"QA07","postal-code":"MS","name":"Madinat ach Shamal","country":"Qatar","type-en":"Municipality","region":null,"longitude":"51.1832","woe-name":"Madinat ach Shamal","latitude":"26.0095","woe-label":"Madinat Al Shamal, QA, Qatar","type":"Baladiyah"},"geometry":{"type":"Polygon","coordinates":[[[359,7576],[349,7612],[307,7566],[218,7663],[229,7807],[389,8195],[414,8326],[430,8635],[500,8577],[518,8538],[556,8538],[694,8944],[816,9122],[991,9196],[1083,9217],[1341,9320],[1394,9359],[1426,9462],[1569,9608],[1602,9710],[1714,9670],[1839,9710],[2062,9851],[2549,9589],[2648,9479],[2659,9349],[2646,9180],[2652,9033],[2717,8970],[2833,8924],[2869,8811],[2876,8671],[2907,8546],[3003,8459],[3080,8445],[3086,7616],[2651,7610],[2648,7870],[2352,7869],[2351,8085],[2027,8083],[2026,8280],[1164,8277],[1166,7571],[359,7576]]]}},{"type":"Feature","id":"QA.US","properties":{"hc-group":"admin1","hc-middle-x":0.38,"hc-middle-y":0.45,"hc-key":"qa-us","hc-a2":"US","labelrank":"9","hasc":"QA.US","alt-name":"Um Salal|Umm ?al?l","woe-id":"20070007","subregion":null,"fips":"QA09","postal-code":"US","name":"Umm Salal","country":"Qatar","type-en":"Municipality","region":null,"longitude":"51.3552","woe-name":"Umm Salal","latitude":"25.4594","woe-label":"Umm Slal, QA, Qatar","type":"Baladiyah"},"geometry":{"type":"Polygon","coordinates":[[[2995,5725],[3029,5355],[3048,4879],[3275,4431],[2891,4559],[2408,4594],[2299,5286],[2299,5823],[2389,5724],[2995,5725]]]}},{"type":"Feature","id":"QA.DY","properties":{"hc-group":"admin1","hc-middle-x":0.42,"hc-middle-y":0.70,"hc-key":"qa-dy","hc-a2":"DY","labelrank":"9","hasc":"QA.DY","alt-name":"Az? Za?`?yin","woe-id":"-20070007","subregion":null,"fips":"QA09","postal-code":"DY","name":"Al Daayen","country":"Qatar","type-en":"Municipality","region":null,"longitude":"51.4671","woe-name":null,"latitude":"25.4579","woe-label":null,"type":"Baladiyah"},"geometry":{"type":"Polygon","coordinates":[[[3275,4431],[3048,4879],[3029,5355],[2995,5725],[3025,6132],[3312,6451],[3664,6311],[3824,6214],[3720,6189],[3636,6143],[3551,6185],[3567,5830],[3554,5718],[3469,5593],[3435,5528],[3450,5465],[3678,5074],[3715,4979],[3727,4884],[3710,4590],[3275,4431]]]}},{"type":"Feature","id":"QA.DA","properties":{"hc-group":"admin1","hc-middle-x":0.71,"hc-middle-y":0.53,"hc-key":"qa-da","hc-a2":"DA","labelrank":"9","hasc":"QA.DA","alt-name":"Doha","woe-id":"20070008","subregion":null,"fips":"QA01","postal-code":"DA","name":"Ad Dawhah","country":"Qatar","type-en":"Municipality","region":null,"longitude":"51.5282","woe-name":"Ad Dawhah","latitude":"25.2686","woe-label":"Doha, QA, Qatar","type":"Baladiyah"},"geometry":{"type":"MultiPolygon","coordinates":[[[[3886,3475],[3775,3678],[3686,3758],[3275,4431],[3710,4590],[3710,4590],[3689,4233],[3697,4084],[3732,4009],[3809,3976],[4171,3921],[4228,3861],[4281,3728],[4303,3609],[4073,3646],[3886,3475]]],[[[3384,3058],[3183,3327],[3327,3452],[3581,3214],[3476,3143],[3384,3058]]]]}},{"type":"Feature","id":"QA.RA","properties":{"hc-group":"admin1","hc-middle-x":0.46,"hc-middle-y":0.52,"hc-key":"qa-ra","hc-a2":"RA","labelrank":"9","hasc":"QA.RA","alt-name":"Al Rayyan","woe-id":"20070010","subregion":null,"fips":"QA06","postal-code":"RA","name":"Ar Rayy?n","country":"Qatar","type-en":"Municipality","region":null,"longitude":"51.1605","woe-name":"Ar Rayyan","latitude":"25.1648","woe-label":"Al Rayyan, QA, Qatar","type":"Baladiyah"},"geometry":{"type":"Polygon","coordinates":[[[3275,4431],[3686,3758],[3775,3678],[3886,3475],[3733,3318],[3581,3214],[3327,3452],[3183,3327],[3384,3058],[3241,2927],[3146,2634],[3029,2404],[2585,2599],[2595,2055],[1904,2052],[1912,-424],[1860,-496],[1877,-549],[1458,-886],[1136,-996],[785,-999],[413,-946],[101,-815],[-194,-482],[-647,265],[-531,279],[-369,424],[-327,597],[-380,1242],[-432,1414],[-697,1906],[-717,2007],[-651,2197],[-636,2329],[-644,2451],[-682,2504],[-846,2605],[-892,2835],[-901,3084],[-957,3244],[-913,3367],[-922,3509],[-949,3660],[-957,3808],[-908,4175],[-912,4317],[-999,4826],[-928,5118],[-920,5252],[-999,5335],[-833,5554],[-715,5574],[-645,5488],[-626,5364],[-571,5312],[-571,5180],[-407,5150],[-505,5424],[-526,5541],[-534,5663],[-500,5819],[-496,5903],[-534,5987],[-584,6020],[-719,6046],[-790,6080],[-720,6166],[-553,6199],[-471,6244],[-412,6387],[-346,6394],[-307,6330],[-262,6316],[-230,6265],[-241,6150],[-282,5967],[-275,5775],[-226,5646],[-152,5571],[-91,5590],[-57,5799],[-53,5962],[-27,6034],[43,6106],[137,6038],[222,6034],[260,6081],[346,6279],[393,6363],[223,6297],[66,6268],[-64,6321],[-153,6501],[-160,6597],[-115,6917],[-28,7033],[-74,7130],[-74,7334],[11,7313],[60,7440],[117,7477],[159,7454],[218,7317],[220,7238],[1172,7239],[1173,6949],[1841,6951],[1888,6594],[2052,6183],[2299,5823],[2299,5286],[2408,4594],[2891,4559],[3275,4431]]]}},{"type":"Feature","id":"QA.WA","properties":{"hc-group":"admin1","hc-middle-x":0.36,"hc-middle-y":0.57,"hc-key":"qa-wa","hc-a2":"WA","labelrank":"9","hasc":"QA.WA","alt-name":null,"woe-id":"20070012","subregion":null,"fips":"QA05","postal-code":"WA","name":"Al Wakrah","country":"Qatar","type-en":"Municipality","region":null,"longitude":"51.4743","woe-name":"Al Wakrah","latitude":"24.9661","woe-label":"Al Wakra, QA, Qatar","type":"Baladiyah"},"geometry":{"type":"Polygon","coordinates":[[[4303,3609],[4325,3489],[4341,2929],[4279,2231],[4312,2150],[4258,2092],[4166,1682],[4087,1553],[3874,1311],[3810,1144],[3664,1074],[3634,1014],[3468,363],[3435,290],[3363,235],[3330,107],[3290,-178],[3208,-282],[2959,-432],[2906,-482],[2874,-640],[2796,-745],[2711,-831],[2655,-925],[2582,-825],[2605,-729],[2660,-622],[2692,-483],[2644,-408],[2532,-395],[2314,-418],[2304,-299],[2265,-296],[2202,-342],[2120,-372],[2011,-384],[1912,-424],[1904,2052],[2595,2055],[2585,2599],[3029,2404],[3146,2634],[3241,2927],[3384,3058],[3476,3143],[3581,3214],[3733,3318],[3886,3475],[4073,3646],[4303,3609]]]}},{"type":"Feature","id":"QA.KH","properties":{"hc-group":"admin1","hc-middle-x":0.73,"hc-middle-y":0.50,"hc-key":"qa-kh","hc-a2":"KH","labelrank":"9","hasc":"QA.KH","alt-name":"Al Khor|Al Khawr wa adh Dhakh?rah","woe-id":"20070006","subregion":null,"fips":"QA04","postal-code":"KH","name":"Al Khawr","country":"Qatar","type-en":"Municipality","region":null,"longitude":"51.4212","woe-name":"Al Khawr","latitude":"25.7512","woe-label":"Al Khor, QA, Qatar","type":"Baladiyah"},"geometry":{"type":"Polygon","coordinates":[[[2299,5823],[2052,6183],[1888,6594],[1841,6951],[1173,6949],[1172,7239],[220,7238],[307,7296],[363,7389],[381,7499],[359,7576],[1166,7571],[1164,8277],[2026,8280],[2027,8083],[2351,8085],[2352,7869],[2648,7870],[2651,7610],[3086,7616],[3080,8445],[3128,8437],[3392,8460],[3542,8446],[3665,8408],[3772,8349],[3875,8274],[3957,8190],[4024,8087],[4069,7968],[4180,7230],[4179,7138],[4161,7059],[4112,7025],[4076,7048],[4041,7145],[3987,7168],[3939,7139],[3896,7072],[3873,6994],[3883,6931],[3938,6881],[3991,6888],[4054,6979],[4154,6823],[4073,6665],[3950,6617],[3925,6793],[3842,6767],[3633,6652],[3723,6616],[3816,6559],[3892,6491],[3928,6422],[3908,6274],[3824,6214],[3664,6311],[3312,6451],[3025,6132],[2995,5725],[2389,5724],[2299,5823]]]}}]}