{"title":"Jamaica","version":"1.1.2","type":"FeatureCollection","copyright":"Copyright (c) 2015 Highsoft AS, Based on data from Natural Earth","copyrightShort":"Natural Earth","copyrightUrl":"http://www.naturalearthdata.com","crs":{"type":"name","properties":{"name":"urn:ogc:def:crs:EPSG:24100"}},"hc-transform":{"default":{"crs":"+proj=lcc +lat_1=18 +lat_0=18 +lon_0=-77 +k_0=1 +x_0=167638.49597 +y_0=121918.90616 +a=6378249.144808011 +b=6356514.966204134 +to_meter=0.3047972654 +no_defs","scale":0.000922000830256,"jsonres":15.5,"jsonmarginX":-999,"jsonmarginY":9851.0,"xoffset":73067.1516078,"yoffset":591362.832595}},
"features":[{"type":"Feature","id":"JM.HA","properties":{"hc-group":"admin1","hc-middle-x":0.51,"hc-middle-y":0.41,"hc-key":"jm-ha","hc-a2":"HA","labelrank":"9","hasc":"JM.HA","alt-name":null,"woe-id":"2345913","subregion":null,"fips":"JM02","postal-code":"HA","name":"Hanover","country":"Jamaica","type-en":"Parish","region":null,"longitude":"-78.13370000000001","woe-name":"Hanover","latitude":"18.3953","woe-label":"Hanover, JM, Jamaica","type":"Parish"},"geometry":{"type":"Polygon","coordinates":[[[-856,8687],[-847,8725],[-853,8881],[-844,8926],[-805,8987],[-783,9046],[-706,9052],[-658,9083],[-618,9144],[-567,9185],[-484,9157],[-432,9303],[-279,9442],[-102,9499],[25,9401],[99,9487],[178,9489],[269,9454],[382,9431],[703,9469],[809,9468],[863,9448],[859,9383],[826,9266],[851,9227],[932,9160],[973,9051],[1053,8891],[1150,8831],[1187,8791],[1249,8664],[834,8691],[725,8711],[453,8870],[364,8889],[-251,8890],[-279,8883],[-467,8666],[-491,8647],[-544,8642],[-811,8683],[-856,8687]]]}},{"type":"Feature","id":"JM.MA","properties":{"hc-group":"admin1","hc-middle-x":0.39,"hc-middle-y":0.43,"hc-key":"jm-ma","hc-a2":"MA","labelrank":"9","hasc":"JM.MA","alt-name":null,"woe-id":"2345914","subregion":null,"fips":"JM04","postal-code":"MA","name":"Manchester","country":"Jamaica","type-en":"Parish","region":null,"longitude":"-77.4996","woe-name":"Manchester","latitude":"18.0219","woe-label":"Manchester, JM, Jamaica","type":"Parish"},"geometry":{"type":"Polygon","coordinates":[[[3856,6357],[3741,6401],[3625,6417],[3533,6379],[3428,6308],[3323,6299],[3106,6363],[3011,6379],[2999,6402],[2665,7802],[2641,8268],[2736,8295],[2791,8328],[2855,8352],[3073,8322],[3159,8291],[3381,8137],[3392,8060],[3930,6956],[3909,6886],[3921,6755],[3938,6702],[4017,6622],[4033,6586],[4002,6473],[3991,6410],[3967,6380],[3895,6382],[3856,6357]]]}},{"type":"Feature","id":"JM.SE","properties":{"hc-group":"admin1","hc-middle-x":0.56,"hc-middle-y":0.50,"hc-key":"jm-se","hc-a2":"SE","labelrank":"9","hasc":"JM.SE","alt-name":null,"woe-id":"2345919","subregion":null,"fips":"JM11","postal-code":"SE","name":"Saint Elizabeth","country":"Jamaica","type-en":"Parish","region":null,"longitude":"-77.7646","woe-name":"Saint Elizabeth","latitude":"18.0537","woe-label":"Saint Elizabeth, JM, Jamaica","type":"Parish"},"geometry":{"type":"Polygon","coordinates":[[[2641,8268],[2665,7802],[2999,6402],[3011,6379],[2893,6400],[2219,6363],[2185,6370],[2082,6440],[1908,6528],[1864,6562],[1842,6601],[1763,6810],[1674,6842],[1646,6864],[1639,6973],[1649,7104],[1618,7214],[1492,7261],[1148,7266],[1069,7295],[1028,7391],[1063,7458],[1162,7738],[1174,7815],[1163,7855],[1172,7917],[1204,7983],[1259,8069],[1298,8105],[1373,8142],[1942,8341],[2641,8268]]]}},{"type":"Feature","id":"JM.SJ","properties":{"hc-group":"admin1","hc-middle-x":0.52,"hc-middle-y":0.46,"hc-key":"jm-sj","hc-a2":"SJ","labelrank":"9","hasc":"JM.SJ","alt-name":null,"woe-id":"2345920","subregion":null,"fips":"JM12","postal-code":"SJ","name":"Saint James","country":"Jamaica","type-en":"Parish","region":null,"longitude":"-77.8715","woe-name":"Saint James","latitude":"18.3637","woe-label":"Saint James, JM, Jamaica","type":"Parish"},"geometry":{"type":"Polygon","coordinates":[[[1942,8341],[1373,8142],[1421,8279],[1423,8328],[1384,8454],[1354,8499],[1303,8548],[1249,8664],[1187,8791],[1150,8831],[1053,8891],[973,9051],[932,9160],[851,9227],[826,9266],[859,9383],[863,9448],[956,9419],[1012,9428],[1063,9463],[1067,9537],[1097,9590],[1210,9733],[1262,9780],[1349,9819],[1550,9851],[1776,9841],[2175,9753],[2173,9744],[1942,8341]]]}},{"type":"Feature","id":"JM.TR","properties":{"hc-group":"admin1","hc-middle-x":0.53,"hc-middle-y":0.47,"hc-key":"jm-tr","hc-a2":"TR","labelrank":"9","hasc":"JM.TR","alt-name":null,"woe-id":"2345923","subregion":null,"fips":"JM15","postal-code":"TR","name":"Trelawny","country":"Jamaica","type-en":"Parish","region":null,"longitude":"-77.6163","woe-name":"Trelawny","latitude":"18.36","woe-label":"Trelawny, JM, Jamaica","type":"Parish"},"geometry":{"type":"Polygon","coordinates":[[[3381,8137],[3159,8291],[3073,8322],[2855,8352],[2791,8328],[2736,8295],[2641,8268],[1942,8341],[2173,9744],[2175,9753],[2526,9675],[3008,9664],[3220,9612],[3513,9589],[3500,9476],[3504,9433],[3560,9286],[3560,9218],[3547,9186],[3580,9120],[3580,9071],[3381,8137]]]}},{"type":"Feature","id":"JM.WE","properties":{"hc-group":"admin1","hc-middle-x":0.47,"hc-middle-y":0.24,"hc-key":"jm-we","hc-a2":"WE","labelrank":"9","hasc":"JM.WE","alt-name":null,"woe-id":"2345924","subregion":null,"fips":"JM16","postal-code":"WE","name":"Westmoreland","country":"Jamaica","type-en":"Parish","region":null,"longitude":"-78.13030000000001","woe-name":"Westmoreland","latitude":"18.2678","woe-label":"Westmoreland, JM, Jamaica","type":"Parish"},"geometry":{"type":"Polygon","coordinates":[[[1249,8664],[1303,8548],[1354,8499],[1384,8454],[1423,8328],[1421,8279],[1373,8142],[1298,8105],[1259,8069],[1204,7983],[1172,7917],[1163,7855],[1174,7815],[1162,7738],[1063,7458],[1028,7391],[953,7567],[914,7624],[822,7679],[783,7690],[752,7717],[729,7780],[699,7903],[607,8092],[484,8161],[119,8154],[-104,8193],[-186,8195],[-271,8132],[-304,8139],[-438,8197],[-508,8208],[-660,8258],[-745,8269],[-832,8292],[-916,8349],[-978,8429],[-999,8520],[-971,8562],[-897,8614],[-862,8657],[-856,8687],[-811,8683],[-544,8642],[-491,8647],[-467,8666],[-279,8883],[-251,8890],[364,8889],[453,8870],[725,8711],[834,8691],[1249,8664]]]}},{"type":"Feature","id":"JM.KI","properties":{"hc-group":"admin1","hc-middle-x":0.44,"hc-middle-y":0.40,"hc-key":"jm-ki","hc-a2":"KI","labelrank":"9","hasc":"JM.KI","alt-name":"Kingston and Port Royal","woe-id":"2345925","subregion":null,"fips":"JM17","postal-code":"KI","name":"Kingston","country":"Jamaica","type-en":"Parish","region":null,"longitude":"-76.7653","woe-name":"Kingston","latitude":"17.9799","woe-label":"Kingston St. John, JM, Jamaica","type":"Parish"},"geometry":{"type":"Polygon","coordinates":[[[7173,6877],[7136,6913],[7071,6927],[6819,6927],[6748,6969],[6773,7036],[6812,7062],[6903,7093],[7031,7099],[7105,7082],[7154,7057],[7196,6960],[7200,6893],[7173,6877]]]}},{"type":"Feature","id":"JM.PO","properties":{"hc-group":"admin1","hc-middle-x":0.47,"hc-middle-y":0.54,"hc-key":"jm-po","hc-a2":"PO","labelrank":"9","hasc":"JM.PO","alt-name":null,"woe-id":"2345915","subregion":null,"fips":"JM07","postal-code":"PO","name":"Portland","country":"Jamaica","type-en":"Parish","region":null,"longitude":"-76.50409999999999","woe-name":"Portland","latitude":"18.1179","woe-label":"Portland, JM, Jamaica","type":"Parish"},"geometry":{"type":"Polygon","coordinates":[[[7297,8502],[7399,8457],[7493,8362],[7566,8315],[7650,8289],[7815,8300],[7901,8240],[7929,8233],[7984,8188],[8025,8178],[8397,8179],[8423,8163],[8481,8066],[8846,7999],[9036,7931],[9061,7824],[9202,7690],[9312,7534],[9473,7188],[9507,7105],[9366,7060],[9314,7054],[9133,7078],[9066,7094],[8982,7189],[8808,7243],[8646,7268],[8537,7331],[8492,7338],[8433,7309],[8301,7298],[8238,7250],[8155,7234],[8120,7254],[7885,7328],[7795,7386],[7758,7437],[7664,7500],[7440,7592],[7376,7602],[7338,7542],[7264,7522],[7149,7557],[7128,7588],[7083,7718],[7050,7836],[7282,8485],[7297,8502]]]}},{"type":"Feature","id":"JM.SN","properties":{"hc-group":"admin1","hc-middle-x":0.38,"hc-middle-y":0.52,"hc-key":"jm-sn","hc-a2":"SN","labelrank":"9","hasc":"JM.SN","alt-name":null,"woe-id":"2345917","subregion":null,"fips":"JM09","postal-code":"SN","name":"Saint Ann","country":"Jamaica","type-en":"Parish","region":null,"longitude":"-77.24379999999999","woe-name":"Saint Ann","latitude":"18.3194","woe-label":"Saint Ann, JM, Jamaica","type":"Parish"},"geometry":{"type":"Polygon","coordinates":[[[3381,8137],[3580,9071],[3580,9120],[3547,9186],[3560,9218],[3560,9286],[3504,9433],[3500,9476],[3513,9589],[3564,9586],[3693,9554],[3795,9492],[3952,9532],[4206,9531],[4467,9501],[4646,9455],[4668,9432],[4687,9367],[4711,9345],[4767,9357],[4778,9384],[5000,9345],[5136,9238],[5298,9233],[5468,9261],[5528,8984],[5587,8902],[5576,8786],[5588,8751],[5671,8645],[5707,8511],[5740,8467],[5835,8372],[5537,8205],[5436,8166],[4771,8083],[4322,8089],[4079,8134],[3983,8172],[3937,8177],[3769,8139],[3668,8082],[3623,8076],[3497,8098],[3381,8137]]]}},{"type":"Feature","id":"JM.SC","properties":{"hc-group":"admin1","hc-middle-x":0.50,"hc-middle-y":0.46,"hc-key":"jm-sc","hc-a2":"SC","labelrank":"9","hasc":"JM.SC","alt-name":null,"woe-id":"2345918","subregion":null,"fips":"JM10","postal-code":"SC","name":"Saint Catherine","country":"Jamaica","type-en":"Parish","region":null,"longitude":"-77.0292","woe-name":"Saint Catherine","latitude":"17.8518","woe-label":"Saint Catherine, JM, Jamaica","type":"Parish"},"geometry":{"type":"Polygon","coordinates":[[[6562,7076],[6523,6968],[6462,6899],[6443,6859],[6377,6867],[6358,6828],[6339,6710],[6250,6397],[6184,6303],[6104,6253],[6039,6252],[5956,6299],[5901,6320],[5626,6320],[5626,6359],[5731,6394],[5678,6441],[5611,6531],[5559,6571],[5498,6595],[5355,6610],[5225,6565],[5148,6520],[5125,6768],[5114,6830],[5018,6958],[4996,7054],[4994,7235],[4976,7296],[4892,7430],[4887,7474],[4898,7549],[4931,7634],[4911,7727],[4771,8083],[5436,8166],[5537,8205],[5835,8372],[5940,8398],[6035,8388],[6067,8357],[6096,8286],[6174,8212],[6193,8172],[6209,8086],[6278,7984],[6331,7933],[6448,7886],[6436,7750],[6447,7697],[6479,7629],[6483,7584],[6433,7509],[6400,7439],[6371,7334],[6365,7259],[6401,7227],[6435,7171],[6512,7183],[6546,7136],[6562,7076]]]}},{"type":"Feature","id":"JM.SM","properties":{"hc-group":"admin1","hc-middle-x":0.48,"hc-middle-y":0.52,"hc-key":"jm-sm","hc-a2":"SM","labelrank":"9","hasc":"JM.SM","alt-name":null,"woe-id":"2345921","subregion":null,"fips":"JM13","postal-code":"SM","name":"Saint Mary","country":"Jamaica","type-en":"Parish","region":null,"longitude":"-76.88590000000001","woe-name":"Saint Mary","latitude":"18.2655","woe-label":"Saint Mary, JM, Jamaica","type":"Parish"},"geometry":{"type":"Polygon","coordinates":[[[6448,7886],[6331,7933],[6278,7984],[6209,8086],[6193,8172],[6174,8212],[6096,8286],[6067,8357],[6035,8388],[5940,8398],[5835,8372],[5740,8467],[5707,8511],[5671,8645],[5588,8751],[5576,8786],[5587,8902],[5528,8984],[5468,9261],[5559,9277],[5619,9262],[5722,9213],[5781,9203],[6074,9215],[6131,9245],[6212,9255],[6337,9240],[6373,9195],[6357,9140],[6357,9070],[6413,9020],[6589,8909],[6745,8819],[6770,8768],[6817,8632],[6846,8587],[6894,8559],[6984,8534],[7240,8514],[7297,8502],[7282,8485],[7050,7836],[6774,7967],[6691,7983],[6600,7976],[6550,7962],[6515,7914],[6448,7886]]]}},{"type":"Feature","id":"JM.SD","properties":{"hc-group":"admin1","hc-middle-x":0.37,"hc-middle-y":0.44,"hc-key":"jm-sd","hc-a2":"SD","labelrank":"9","hasc":"JM.SD","alt-name":null,"woe-id":"2345916","subregion":null,"fips":"JM08","postal-code":"SD","name":"Saint Andrew","country":"Jamaica","type-en":"Parish","region":null,"longitude":"-76.7685","woe-name":"Saint Andrew","latitude":"18.0229","woe-label":"Saint Andrew, JM, Jamaica","type":"Parish"},"geometry":{"type":"Polygon","coordinates":[[[7050,7836],[7083,7718],[7128,7588],[7149,7557],[7264,7522],[7338,7542],[7376,7602],[7440,7592],[7664,7500],[7619,7458],[7604,7383],[7602,7305],[7634,7221],[7662,7123],[7723,7026],[7701,6996],[7652,7000],[7612,6987],[7591,6953],[7581,6836],[7520,6753],[7383,6786],[7269,6837],[7166,6831],[6986,6788],[6909,6779],[6650,6788],[6650,6823],[7196,6856],[7173,6877],[7200,6893],[7196,6960],[7154,7057],[7105,7082],[7031,7099],[6903,7093],[6812,7062],[6773,7036],[6748,6969],[6627,7046],[6562,7076],[6546,7136],[6512,7183],[6435,7171],[6401,7227],[6365,7259],[6371,7334],[6400,7439],[6433,7509],[6483,7584],[6479,7629],[6447,7697],[6436,7750],[6448,7886],[6515,7914],[6550,7962],[6600,7976],[6691,7983],[6774,7967],[7050,7836]]]}},{"type":"Feature","id":"JM.ST","properties":{"hc-group":"admin1","hc-middle-x":0.42,"hc-middle-y":0.60,"hc-key":"jm-st","hc-a2":"ST","labelrank":"9","hasc":"JM.ST","alt-name":null,"woe-id":"2345922","subregion":null,"fips":"JM14","postal-code":"ST","name":"Saint Thomas","country":"Jamaica","type-en":"Parish","region":null,"longitude":"-76.4226","woe-name":"Saint Thomas","latitude":"17.951","woe-label":"Saint Thomas, JM, Jamaica","type":"Parish"},"geometry":{"type":"Polygon","coordinates":[[[9507,7105],[9548,7009],[9621,6885],[9715,6787],[9851,6686],[9799,6644],[9543,6579],[9362,6479],[9259,6449],[9170,6471],[9218,6514],[9238,6578],[9148,6544],[9069,6426],[8982,6399],[8905,6421],[8816,6462],[8724,6485],[8575,6429],[8185,6394],[7909,6435],[7831,6426],[7791,6431],[7739,6467],[7717,6514],[7691,6625],[7612,6659],[7563,6723],[7520,6753],[7581,6836],[7591,6953],[7612,6987],[7652,7000],[7701,6996],[7723,7026],[7662,7123],[7634,7221],[7602,7305],[7604,7383],[7619,7458],[7664,7500],[7758,7437],[7795,7386],[7885,7328],[8120,7254],[8155,7234],[8238,7250],[8301,7298],[8433,7309],[8492,7338],[8537,7331],[8646,7268],[8808,7243],[8982,7189],[9066,7094],[9133,7078],[9314,7054],[9366,7060],[9507,7105]]]}},{"type":"Feature","id":"JM.CL","properties":{"hc-group":"admin1","hc-middle-x":0.62,"hc-middle-y":0.51,"hc-key":"jm-cl","hc-a2":"CL","labelrank":"9","hasc":"JM.CL","alt-name":null,"woe-id":"2345912","subregion":null,"fips":"JM01","postal-code":"CL","name":"Clarendon","country":"Jamaica","type-en":"Parish","region":null,"longitude":"-77.3109","woe-name":"Clarendon","latitude":"17.9947","woe-label":"Clarendon, JM, Jamaica","type":"Parish"},"geometry":{"type":"Polygon","coordinates":[[[5148,6520],[5113,6500],[5012,6290],[5049,6146],[4914,6079],[4947,5966],[4894,5990],[4841,5993],[4789,5974],[4741,5934],[4828,5881],[4920,5860],[5017,5868],[5117,5899],[5167,5703],[5152,5614],[5030,5576],[4927,5582],[4834,5603],[4742,5647],[4311,6032],[4222,6144],[3856,6357],[3895,6382],[3967,6380],[3991,6410],[4002,6473],[4033,6586],[4017,6622],[3938,6702],[3921,6755],[3909,6886],[3930,6956],[3392,8060],[3381,8137],[3497,8098],[3623,8076],[3668,8082],[3769,8139],[3937,8177],[3983,8172],[4079,8134],[4322,8089],[4771,8083],[4911,7727],[4931,7634],[4898,7549],[4887,7474],[4892,7430],[4976,7296],[4994,7235],[4996,7054],[5018,6958],[5114,6830],[5125,6768],[5148,6520]]]}}]}