{"title":"Northern Mariana Islands","version":"1.1.2","type":"FeatureCollection","copyright":"Copyright (c) 2015 Highsoft AS, Based on data from Natural Earth","copyrightShort":"Natural Earth","copyrightUrl":"http://www.naturalearthdata.com","crs":{"type":"name","properties":{"name":"urn:ogc:def:crs:EPSG:32655"}},"hc-transform":{"default":{"crs":"+proj=utm +zone=55 +datum=WGS84 +units=m +no_defs","scale":0.000980905919147,"jsonres":15.5,"jsonmarginX":-999,"jsonmarginY":9851.0,"xoffset":281270.740495,"yoffset":2274327.29127}},
"features":[{"type":"Feature","id":"MP.RO","properties":{"hc-group":"admin1","hc-middle-x":0.52,"hc-middle-y":0.59,"hc-key":"mp-ro","hc-a2":"RO","labelrank":"20","hasc":"MP.RO","alt-name":null,"woe-id":"29389660","subregion":null,"fips":"100","postal-code":"RO","name":"Rota","country":"Northern Mariana Islands","type-en":null,"region":null,"longitude":"145.205","woe-name":"Rota","latitude":"14.1465","woe-label":"Rota, MP, Northern Mariana Islands","type":null},"geometry":{"type":"Polygon","coordinates":[[[-567,-968],[-580,-984],[-611,-999],[-629,-993],[-645,-980],[-674,-972],[-722,-978],[-749,-977],[-760,-966],[-741,-937],[-697,-909],[-649,-888],[-618,-880],[-541,-849],[-495,-845],[-478,-881],[-484,-901],[-492,-915],[-506,-924],[-528,-927],[-546,-933],[-557,-949],[-567,-968]]]}},{"type":"Feature","id":"MP.TI","properties":{"hc-group":"admin1","hc-middle-x":0.50,"hc-middle-y":0.51,"hc-key":"mp-ti","hc-a2":"TI","labelrank":"20","hasc":"MP.TI","alt-name":null,"woe-id":"29389659","subregion":null,"fips":"120","postal-code":"TI","name":"Tinian","country":"Northern Mariana Islands","type-en":null,"region":null,"longitude":"145.622","woe-name":"Tinian","latitude":"14.9995","woe-label":"Tinian, MP, Northern Mariana Islands","type":null},"geometry":{"type":"Polygon","coordinates":[[[112,374],[79,350],[48,372],[40,393],[34,440],[25,464],[5,490],[1,503],[3,522],[22,561],[57,605],[93,630],[116,613],[125,592],[122,570],[117,547],[116,521],[122,507],[144,480],[149,463],[138,420],[112,374]]]}},{"type":"Feature","id":"MP.SA","properties":{"hc-group":"admin1","hc-middle-x":0.43,"hc-middle-y":0.47,"hc-key":"mp-sa","hc-a2":"SA","labelrank":"20","hasc":"MP.SA","alt-name":null,"woe-id":"29389658","subregion":null,"fips":"110","postal-code":"SA","name":"Saipan","country":"Northern Mariana Islands","type-en":null,"region":null,"longitude":"145.744","woe-name":"Saipan","latitude":"15.1921","woe-label":"Saipan, MP, Northern Mariana Islands","type":null},"geometry":{"type":"Polygon","coordinates":[[[341,774],[333,759],[323,751],[311,752],[296,762],[276,743],[266,721],[267,698],[279,675],[288,653],[265,653],[237,664],[229,669],[193,661],[179,664],[173,688],[176,713],[196,775],[198,799],[198,817],[201,833],[213,849],[222,854],[253,866],[258,874],[260,894],[263,901],[283,910],[326,924],[348,940],[369,948],[395,945],[406,932],[387,911],[368,900],[355,881],[327,810],[328,795],[341,774]]]}},{"type":"Feature","id":"MP.NI","properties":{"hc-group":"admin1","hc-middle-x":0.89,"hc-middle-y":0.58,"hc-key":"mp-ni","hc-a2":"NI","labelrank":"20","hasc":"MP.NI","alt-name":null,"woe-id":"29389661","subregion":null,"fips":"085","postal-code":"NI","name":"Northern Islands","country":"Northern Mariana Islands","type-en":null,"region":null,"longitude":"145.674","woe-name":"Northern Islands","latitude":"16.3573","woe-label":null,"type":null},"geometry":{"type":"MultiPolygon","coordinates":[[[[211,2749],[165,2744],[144,2746],[124,2754],[108,2768],[99,2787],[101,2803],[115,2813],[141,2815],[162,2809],[212,2802],[231,2792],[244,2767],[234,2754],[211,2749]]],[[[389,3338],[364,3309],[331,3342],[358,3350],[389,3338]]],[[[498,4362],[476,4335],[446,4368],[470,4375],[498,4362]]],[[[498,4822],[478,4808],[442,4826],[434,4852],[446,4874],[472,4875],[492,4861],[502,4841],[498,4822]]],[[[328,5641],[305,5627],[266,5629],[256,5668],[299,5691],[317,5729],[327,5810],[350,5832],[416,5830],[437,5819],[453,5803],[460,5781],[454,5753],[439,5738],[419,5727],[399,5712],[328,5641]]],[[[233,6763],[208,6754],[181,6757],[140,6796],[135,6863],[164,6900],[225,6897],[247,6870],[256,6850],[259,6828],[258,6797],[251,6778],[233,6763]]],[[[-202,8339],[-215,8323],[-237,8336],[-252,8357],[-252,8376],[-228,8384],[-208,8376],[-199,8359],[-202,8339]]],[[[-464,8970],[-463,8961],[-453,8963],[-438,8968],[-426,8971],[-420,8964],[-424,8950],[-432,8939],[-443,8931],[-456,8926],[-473,8932],[-487,8944],[-493,8961],[-489,8979],[-474,8995],[-467,8987],[-464,8970]]],[[[-962,9800],[-978,9787],[-995,9803],[-999,9825],[-991,9845],[-971,9851],[-952,9840],[-951,9821],[-962,9800]]]]}}]}