{"title":"The Bahamas","version":"1.1.2","type":"FeatureCollection","copyright":"Copyright (c) 2015 Highsoft AS, Based on data from Natural Earth","copyrightShort":"Natural Earth","copyrightUrl":"http://www.naturalearthdata.com","crs":{"type":"name","properties":{"name":"urn:ogc:def:crs:EPSG:32618"}},"hc-transform":{"default":{"crs":"+proj=utm +zone=18 +datum=WGS84 +units=m +no_defs","scale":0.000994342136171,"jsonres":15.5,"jsonmarginX":-999,"jsonmarginY":9851.0,"xoffset":30836.463015,"yoffset":3017030.41423}},
"features":[{"type":"Feature","id":"BS.RC","properties":{"hc-group":"admin1","hc-middle-x":0.76,"hc-middle-y":0.82,"hc-key":"bs-rc","hc-a2":"RC","labelrank":"20","hasc":"BS.RC","alt-name":null,"woe-id":"24551252","subregion":null,"fips":"BF49","postal-code":"RC","name":"Rum Cay","country":"The Bahamas","type-en":"District","region":null,"longitude":"-74.8408","woe-name":"Rum Cay","latitude":"23.6787","woe-label":"Rum Cay, BS, The Bahamas","type":"Third Schedule District"},"geometry":{"type":"MultiPolygon","coordinates":[[[[6058,3950],[6048,3944],[6038,3971],[6048,3996],[6061,3998],[6065,3990],[6066,3972],[6058,3950]]],[[[6547,3772],[6582,3747],[6566,3721],[6556,3699],[6540,3686],[6507,3688],[6507,3677],[6517,3664],[6489,3664],[6451,3676],[6432,3700],[6403,3687],[6351,3687],[6324,3677],[6318,3716],[6328,3738],[6353,3750],[6389,3759],[6468,3782],[6527,3781],[6547,3772]]]]}},{"type":"Feature","id":"BS.RI","properties":{"hc-group":"admin1","hc-middle-x":0.85,"hc-middle-y":0.92,"hc-key":"bs-ri","hc-a2":"RI","labelrank":"20","hasc":"BS.RI","alt-name":null,"woe-id":"2344775","subregion":null,"fips":"BF18","postal-code":"RI","name":"Ragged Island","country":"The Bahamas","type-en":"District","region":null,"longitude":"-75.7413","woe-name":"Ragged Island","latitude":"22.2296","woe-label":"Ragged Island, BS, The Bahamas","type":"Third Schedule District"},"geometry":{"type":"MultiPolygon","coordinates":[[[[5085,1195],[5096,1162],[5085,1149],[5065,1149],[5052,1163],[5041,1199],[5048,1201],[5067,1191],[5057,1230],[5062,1233],[5085,1195]]],[[[5047,1253],[5035,1255],[5038,1299],[5045,1296],[5049,1267],[5047,1253]]],[[[5025,1383],[5024,1368],[5015,1374],[5015,1400],[5025,1383]]],[[[4958,1453],[4954,1443],[4942,1458],[4930,1484],[4925,1509],[4932,1513],[4941,1495],[4958,1453]]],[[[4907,1638],[4897,1637],[4890,1649],[4894,1669],[4907,1650],[4907,1638]]]]}},{"type":"Feature","id":"BS.CK","properties":{"hc-group":"admin1","hc-middle-x":0.25,"hc-middle-y":0.66,"hc-key":"bs-ck","hc-a2":"CK","labelrank":"20","hasc":"BS.CK","alt-name":null,"woe-id":"24551238","subregion":null,"fips":"BF40","postal-code":"CK","name":"Crooked Island and Long Cay","country":"The Bahamas","type-en":"District","region":null,"longitude":"-74.2405","woe-name":"Crooked Island","latitude":"22.7472","woe-label":"Crooked Island, BS, The Bahamas","type":"Third Schedule District"},"geometry":{"type":"MultiPolygon","coordinates":[[[[7254,1810],[7206,1773],[7219,1846],[7265,1895],[7321,1939],[7366,1996],[7358,1948],[7313,1877],[7254,1810]]],[[[8099,2738],[8218,2727],[8306,2737],[8337,2728],[8337,2715],[8197,2686],[8131,2687],[8099,2738]]],[[[7580,2007],[7463,2037],[7447,2050],[7421,2079],[7412,2059],[7393,2042],[7374,2032],[7366,2036],[7375,2073],[7374,2093],[7361,2101],[7257,2253],[7268,2276],[7286,2277],[7322,2288],[7341,2283],[7386,2253],[7402,2249],[7437,2246],[7452,2242],[7497,2206],[7501,2192],[7503,2162],[7508,2149],[7539,2149],[7550,2125],[7581,2115],[7638,2111],[7671,2103],[7659,2126],[7694,2117],[7789,2081],[7672,1973],[7665,1991],[7649,1997],[7650,2026],[7621,2020],[7580,2007]]]]}},{"type":"Feature","id":"BS.AK","properties":{"hc-group":"admin1","hc-middle-x":0.38,"hc-middle-y":0.57,"hc-key":"bs-ak","hc-a2":"AK","labelrank":"20","hasc":"BS.AK","alt-name":null,"woe-id":"2344778","subregion":null,"fips":"BF24","postal-code":"AK","name":"Acklins","country":"The Bahamas","type-en":"District","region":null,"longitude":"-74.00239999999999","woe-name":"Acklins","latitude":"22.3745","woe-label":"Acklins, BS, The Bahamas","type":"Third Schedule District"},"geometry":{"type":"MultiPolygon","coordinates":[[[[8438,1842],[8410,1837],[8421,1883],[8440,1897],[8460,1885],[8438,1842]]],[[[8658,1862],[8648,1859],[8551,1888],[8519,1893],[8515,1902],[8570,1910],[8606,1901],[8642,1885],[8658,1862]]],[[[8016,1653],[7993,1630],[7969,1610],[7950,1602],[7932,1587],[7880,1484],[7797,1415],[7783,1408],[7766,1406],[7670,1366],[7630,1358],[7606,1335],[7566,1272],[7554,1257],[7512,1220],[7496,1213],[7460,1207],[7432,1192],[7381,1142],[7379,1158],[7380,1218],[7388,1235],[7404,1240],[7467,1235],[7480,1241],[7528,1284],[7529,1295],[7512,1307],[7512,1318],[7554,1342],[7538,1348],[7532,1366],[7563,1378],[7610,1407],[7647,1413],[7655,1418],[7672,1443],[7693,1457],[7691,1479],[7685,1502],[7685,1518],[7715,1530],[7758,1535],[7797,1545],[7814,1572],[7820,1613],[7838,1633],[7866,1641],[7901,1648],[7964,1671],[8007,1712],[8022,1767],[7997,1836],[7953,1868],[7841,1869],[7790,1893],[7766,1916],[7788,1953],[7798,1963],[7822,1974],[7812,1985],[7789,2021],[7842,2006],[7854,1999],[7860,2018],[7871,2032],[7885,2039],[7898,2034],[7919,2045],[7919,2058],[7900,2065],[7886,2082],[7968,2081],[8007,2088],[8049,2105],[8060,2083],[8023,2016],[8006,2000],[7999,2031],[7989,2040],[7974,2045],[7980,2022],[7993,2000],[8010,1989],[8028,2000],[8039,1975],[8055,1848],[8064,1822],[8084,1778],[8057,1771],[8046,1742],[8041,1705],[8031,1673],[8016,1653]]]]}},{"type":"Feature","id":"BS.BI","properties":{"hc-group":"admin1","hc-middle-x":0.91,"hc-middle-y":0.03,"hc-key":"bs-bi","hc-a2":"BI","labelrank":"20","hasc":"BS.BI","alt-name":null,"woe-id":"2344769","subregion":null,"fips":"BF05","postal-code":"BI","name":"Bimini","country":"The Bahamas","type-en":"District","region":null,"longitude":"-79.2811","woe-name":"Bimini","latitude":"25.7074","woe-label":"Bimini, BS, The Bahamas","type":"Third Schedule District"},"geometry":{"type":"MultiPolygon","coordinates":[[[[-877,3511],[-882,3508],[-912,3530],[-914,3537],[-877,3511]]],[[[-936,3578],[-939,3577],[-999,3650],[-990,3644],[-952,3600],[-936,3578]]],[[[-334,7375],[-331,7339],[-339,7333],[-368,7323],[-370,7338],[-359,7364],[-364,7373],[-386,7353],[-406,7326],[-411,7304],[-395,7290],[-371,7279],[-356,7265],[-362,7256],[-405,7264],[-422,7265],[-428,7273],[-422,7298],[-410,7330],[-388,7366],[-357,7390],[-340,7394],[-334,7375]]]]}},{"type":"Feature","id":"BS.HT","properties":{"hc-group":"admin1","hc-middle-x":0.58,"hc-middle-y":0.52,"hc-key":"bs-ht","hc-a2":"HT","labelrank":"20","hasc":"BS.HT","alt-name":null,"woe-id":"24551240","subregion":null,"fips":"BF43","postal-code":"HT","name":"Hope Town","country":"The Bahamas","type-en":"District","region":null,"longitude":"-76.96639999999999","woe-name":"Hope Town","latitude":"26.5321","woe-label":"Hope Town, BS, The Bahamas","type":"Third Schedule District"},"geometry":{"type":"Polygon","coordinates":[[[3221,8607],[3186,8549],[3183,8560],[3190,8574],[3195,8571],[3199,8596],[3218,8641],[3223,8627],[3221,8607]]]}},{"type":"Feature","id":"BS.CE","properties":{"hc-group":"admin1","hc-middle-x":0.88,"hc-middle-y":0.78,"hc-key":"bs-ce","hc-a2":"CE","labelrank":"20","hasc":"BS.CE","alt-name":null,"woe-id":"24551244","subregion":null,"fips":"BF39","postal-code":"CE","name":"Central Eleuthera","country":"The Bahamas","type-en":"District","region":null,"longitude":"-76.176","woe-name":"Central Eleuthera","latitude":"25.1588","woe-label":"Central Eleuthera, BS, The Bahamas","type":"Second Schedule District"},"geometry":{"type":"Polygon","coordinates":[[[4412,5955],[4429,5970],[4436,5983],[4449,6080],[4449,6116],[4422,6195],[4373,6237],[4318,6266],[4269,6306],[4164,6463],[4193,6487],[4239,6422],[4332,6330],[4428,6256],[4475,6225],[4495,6202],[4503,6169],[4488,6024],[4480,5982],[4473,5964],[4436,5942],[4412,5955]]]}},{"type":"Feature","id":"BS.WG","properties":{"hc-group":"admin1","hc-middle-x":0.73,"hc-middle-y":0.31,"hc-key":"bs-wg","hc-a2":"WG","labelrank":"20","hasc":"BS.WG","alt-name":null,"woe-id":"24551257","subregion":null,"fips":"BF54","postal-code":"WG","name":"West Grand Bahama","country":"The Bahamas","type-en":"District","region":null,"longitude":"-78.9085","woe-name":"West Grand Bahama","latitude":"26.6389","woe-label":"West Grand Bahama, BS, The Bahamas","type":"Second Schedule District"},"geometry":{"type":"MultiPolygon","coordinates":[[[[912,9054],[909,9041],[887,9036],[876,9050],[874,9064],[892,9050],[906,9070],[912,9054]]],[[[995,8757],[853,8724],[825,8720],[796,8712],[748,8673],[718,8665],[705,8657],[683,8683],[648,8684],[614,8641],[629,8614],[615,8602],[583,8600],[568,8594],[505,8601],[445,8625],[408,8663],[343,8706],[186,8877],[115,8940],[100,8966],[129,8962],[150,8941],[344,8810],[388,8746],[443,8754],[492,8731],[528,8729],[564,8744],[596,8765],[617,8775],[648,8793],[654,8806],[674,8822],[678,8843],[701,8861],[721,8899],[750,8917],[747,8935],[711,8959],[647,8973],[658,8995],[702,9041],[711,9062],[725,9134],[754,9112],[780,9078],[799,9040],[806,9010],[834,8991],[904,8962],[945,8873],[995,8757]]]]}},{"type":"Feature","id":"BS.EG","properties":{"hc-group":"admin1","hc-middle-x":0.35,"hc-middle-y":0.44,"hc-key":"bs-eg","hc-a2":"EG","labelrank":"20","hasc":"BS.EG","alt-name":null,"woe-id":"24551245","subregion":null,"fips":"BF41","postal-code":"EG","name":"East Grand Bahama","country":"The Bahamas","type-en":"District","region":null,"longitude":"-78.215","woe-name":"East Grand Bahama","latitude":"26.6596","woe-label":"East Grand Bahama, BS, The Bahamas","type":"Second Schedule District"},"geometry":{"type":"MultiPolygon","coordinates":[[[[1862,8737],[1848,8699],[1838,8685],[1828,8684],[1801,8722],[1791,8751],[1800,8758],[1846,8766],[1853,8757],[1835,8735],[1846,8742],[1877,8768],[1881,8763],[1862,8737]]],[[[995,8757],[945,8873],[904,8962],[959,8938],[991,8946],[1062,8926],[1139,8911],[1190,8908],[1211,8938],[1244,8953],[1291,8930],[1320,8924],[1375,8945],[1449,8933],[1498,8947],[1547,8968],[1578,8972],[1676,8971],[1700,8980],[1715,8999],[1725,9021],[1740,9039],[1764,9049],[1767,9017],[1758,8983],[1753,8948],[1779,8887],[1780,8854],[1766,8827],[1738,8815],[1727,8820],[1701,8843],[1687,8851],[1667,8855],[1567,8852],[1475,8833],[1263,8796],[1177,8798],[995,8757]]]]}},{"type":"Feature","id":"BS.GC","properties":{"hc-group":"admin1","hc-middle-x":0.54,"hc-middle-y":0.38,"hc-key":"bs-gc","hc-a2":"GC","labelrank":"20","hasc":"BS.GC","alt-name":null,"woe-id":"24551246","subregion":null,"fips":"BF42","postal-code":"GC","name":"Grand Cay","country":"The Bahamas","type-en":"District","region":null,"longitude":"-78.3185","woe-name":"Grand Cay","latitude":"27.2289","woe-label":"Grand Cay, BS, The Bahamas","type":"Third Schedule District"},"geometry":{"type":"Polygon","coordinates":[[[1158,9843],[1147,9828],[1132,9844],[1146,9851],[1158,9843]]]}},{"type":"Feature","id":"BS.CO","properties":{"hc-group":"admin1","hc-middle-x":0.66,"hc-middle-y":0.64,"hc-key":"bs-co","hc-a2":"CO","labelrank":"20","hasc":"BS.CO","alt-name":null,"woe-id":"24551242","subregion":null,"fips":"BF37","postal-code":"CO","name":"Central Abaco","country":"The Bahamas","type-en":"District","region":null,"longitude":"-77.11790000000001","woe-name":"Central Abaco","latitude":"26.4215","woe-label":"Central Abaco, BS, The Bahamas","type":"Second Schedule District"},"geometry":{"type":"MultiPolygon","coordinates":[[[[2696,8311],[2710,8309],[2721,8270],[2715,8231],[2703,8232],[2711,8268],[2700,8295],[2686,8300],[2668,8288],[2664,8294],[2696,8311]]],[[[2708,8400],[2706,8408],[2744,8440],[2756,8440],[2752,8429],[2735,8414],[2708,8400]]],[[[2794,8512],[2787,8506],[2784,8478],[2788,8458],[2767,8451],[2754,8458],[2747,8477],[2731,8499],[2757,8519],[2769,8522],[2794,8512]]],[[[2498,8769],[2512,8760],[2512,8735],[2498,8740],[2498,8769]]],[[[2589,8900],[2662,8916],[2694,8893],[2730,8881],[2780,8877],[2767,8858],[2746,8852],[2696,8855],[2718,8808],[2749,8770],[2788,8745],[2882,8726],[2924,8704],[2997,8649],[3053,8617],[3070,8601],[3084,8579],[3095,8548],[3095,8520],[3074,8508],[3069,8496],[3067,8420],[3072,8392],[3086,8374],[3106,8363],[3130,8356],[3110,8316],[3107,8304],[2799,8189],[2795,8211],[2770,8237],[2820,8308],[2818,8325],[2805,8346],[2805,8466],[2827,8466],[2844,8475],[2857,8491],[2870,8520],[2869,8553],[2874,8565],[2902,8581],[2918,8608],[2925,8638],[2915,8664],[2861,8679],[2825,8696],[2683,8720],[2656,8737],[2640,8766],[2622,8809],[2631,8833],[2627,8848],[2610,8871],[2597,8898],[2589,8900]]]]}},{"type":"Feature","id":"BS.SO","properties":{"hc-group":"admin1","hc-middle-x":0.55,"hc-middle-y":0.66,"hc-key":"bs-so","hc-a2":"SO","labelrank":"20","hasc":"BS.SO","alt-name":null,"woe-id":"24551253","subregion":null,"fips":"BF50","postal-code":"SO","name":"South Abaco","country":"The Bahamas","type-en":"District","region":null,"longitude":"-77.24209999999999","woe-name":"South Abaco","latitude":"26.0179","woe-label":"South Abaco, BS, The Bahamas","type":"Second Schedule District"},"geometry":{"type":"MultiPolygon","coordinates":[[[[2339,7865],[2329,7845],[2303,7870],[2323,7894],[2329,7894],[2339,7865]]],[[[2799,8189],[3107,8304],[3111,8285],[3125,8265],[3132,8235],[3129,8229],[3104,8205],[3091,8199],[3064,8193],[3075,8226],[3025,8221],[2977,8195],[2934,8158],[2899,8119],[2884,8077],[2868,7947],[2870,7915],[2852,7819],[2858,7681],[2850,7558],[2794,7506],[2753,7528],[2718,7577],[2694,7631],[2685,7666],[2660,7689],[2548,7715],[2518,7758],[2543,7757],[2571,7766],[2594,7784],[2612,7826],[2654,7833],[2672,7842],[2730,7905],[2767,7935],[2806,7951],[2791,7979],[2787,8016],[2781,8028],[2757,8051],[2755,8069],[2765,8088],[2793,8119],[2799,8144],[2799,8189]]]]}},{"type":"Feature","id":"BS.MI","properties":{"hc-group":"admin1","hc-middle-x":0.52,"hc-middle-y":0.47,"hc-key":"bs-mi","hc-a2":"MI","labelrank":"20","hasc":"BS.MI","alt-name":null,"woe-id":"24551248","subregion":null,"fips":"BF45","postal-code":"MI","name":"Moore's Island","country":"The Bahamas","type-en":"District","region":null,"longitude":"-77.5526","woe-name":"Moore's Island","latitude":"26.2973","woe-label":"Moore's Island, BS, The Bahamas","type":"Third Schedule District"},"geometry":{"type":"Polygon","coordinates":[[[2320,8221],[2272,8171],[2281,8208],[2274,8232],[2263,8255],[2264,8288],[2278,8280],[2318,8244],[2327,8234],[2320,8221]]]}},{"type":"Feature","id":"BS.BY","properties":{"hc-group":"admin1","hc-middle-x":0.68,"hc-middle-y":0.11,"hc-key":"bs-by","hc-a2":"BY","labelrank":"20","hasc":"BS.BY","alt-name":null,"woe-id":"24551241","subregion":null,"fips":"BF32","postal-code":"BY","name":"Berry Islands","country":"The Bahamas","type-en":"District","region":null,"longitude":"-77.8527","woe-name":"Berry Islands","latitude":"25.7591","woe-label":"Berry Islands, BS, The Bahamas","type":"Third Schedule District"},"geometry":{"type":"MultiPolygon","coordinates":[[[[1826,6735],[1810,6717],[1791,6710],[1725,6713],[1748,6729],[1799,6729],[1818,6740],[1834,6754],[1826,6735]]],[[[1869,7235],[1872,7220],[1853,7222],[1834,7246],[1810,7291],[1779,7327],[1769,7348],[1780,7362],[1799,7358],[1814,7340],[1869,7235]]]]}},{"type":"Feature","id":"BS.CS","properties":{"hc-group":"admin1","hc-middle-x":0.45,"hc-middle-y":0.28,"hc-key":"bs-cs","hc-a2":"CS","labelrank":"20","hasc":"BS.CS","alt-name":null,"woe-id":"24551243","subregion":null,"fips":"BF38","postal-code":"CS","name":"Central Andros","country":"The Bahamas","type-en":"District","region":null,"longitude":"-77.93550000000001","woe-name":"Central Andros","latitude":"24.4757","woe-label":"Central Andros, BS, The Bahamas","type":"Second Schedule District"},"geometry":{"type":"MultiPolygon","coordinates":[[[[1627,4718],[1636,4695],[1614,4702],[1574,4697],[1551,4697],[1534,4705],[1516,4719],[1510,4734],[1530,4744],[1570,4752],[1611,4770],[1644,4778],[1660,4754],[1637,4754],[1627,4740],[1627,4718]]],[[[1777,4864],[1747,4851],[1722,4865],[1722,4888],[1745,4898],[1791,4902],[1802,4901],[1777,4864]]],[[[2037,4902],[2037,4887],[2025,4878],[2009,4883],[1979,4900],[1951,4898],[1935,4892],[1903,4860],[1873,4840],[1853,4845],[1846,4862],[1855,4879],[1890,4895],[1919,4915],[1949,4928],[1980,4935],[2006,4933],[2029,4916],[2037,4902]]],[[[1772,4734],[1788,4739],[1852,4738],[1846,4721],[1836,4712],[1809,4705],[1796,4705],[1781,4714],[1765,4706],[1754,4690],[1738,4643],[1721,4624],[1701,4609],[1620,4571],[1592,4568],[1582,4581],[1574,4604],[1572,4628],[1577,4644],[1591,4645],[1628,4638],[1636,4654],[1651,4660],[1738,4717],[1772,4734]]],[[[1954,5385],[1944,5362],[1935,5330],[1946,5288],[1979,5214],[1986,5154],[1970,5111],[1934,5084],[1875,5077],[1850,5070],[1820,5034],[1803,5020],[1756,5015],[1743,5000],[1761,4962],[1741,4944],[1684,4906],[1655,4898],[1601,4898],[1582,4890],[1519,4846],[1511,4833],[1520,4791],[1510,4780],[1495,4776],[1480,4782],[1457,4804],[1440,4852],[1431,4910],[1416,4960],[1380,4982],[1333,5004],[1323,5055],[1336,5171],[1392,5248],[1437,5331],[1504,5365],[1641,5398],[1811,5412],[1954,5385]]]]}},{"type":"Feature","id":"BS.SA","properties":{"hc-group":"admin1","hc-middle-x":0.34,"hc-middle-y":0.45,"hc-key":"bs-sa","hc-a2":"SA","labelrank":"20","hasc":"BS.SA","alt-name":null,"woe-id":"24551254","subregion":null,"fips":"BF51","postal-code":"SA","name":"South Andros","country":"The Bahamas","type-en":"District","region":null,"longitude":"-77.6043","woe-name":"South Andros","latitude":"23.7822","woe-label":"South Andros, BS, The Bahamas","type":"Second Schedule District"},"geometry":{"type":"MultiPolygon","coordinates":[[[[1955,3746],[1946,3743],[1932,3753],[1944,3756],[1940,3772],[1961,3774],[1970,3766],[1955,3746]]],[[[1809,3896],[1800,3886],[1779,3896],[1785,3906],[1809,3896]]],[[[2836,4355],[2827,4337],[2800,4356],[2829,4363],[2836,4355]]],[[[1805,4270],[1871,4317],[1930,4362],[1959,4353],[1985,4375],[2035,4473],[2069,4510],[2085,4534],[2091,4567],[2094,4610],[2100,4651],[2119,4675],[2150,4670],[2173,4635],[2191,4592],[2208,4561],[2228,4537],[2238,4511],[2243,4480],[2245,4424],[2254,4373],[2252,4353],[2241,4303],[2267,4261],[2272,4244],[2267,4224],[2239,4198],[2223,4190],[2188,4190],[2158,4178],[2151,4135],[2207,4173],[2239,4187],[2271,4181],[2284,4156],[2273,4092],[2280,4063],[2253,4002],[2231,3992],[2193,4005],[2197,3983],[2225,3959],[2234,3934],[2231,3911],[2222,3886],[2201,3853],[2151,3837],[2114,3854],[2080,3880],[2040,3891],[2067,3858],[2066,3843],[2051,3821],[2039,3821],[2014,3858],[1967,3871],[1867,3870],[1921,3893],[1914,3923],[1948,3921],[2030,3891],[2040,3922],[2056,3944],[2078,3959],[2163,3998],[2187,4016],[2188,4035],[2160,4047],[2132,4031],[2105,4008],[2079,3996],[1987,3939],[1997,3928],[1960,3933],[1923,3988],[1891,4000],[1995,4035],[2048,4066],[2056,4102],[2033,4078],[2002,4069],[1919,4069],[1896,4065],[1859,4053],[1839,4058],[1826,4072],[1817,4093],[1796,4208],[1795,4251],[1805,4270]]]]}},{"type":"Feature","id":"BS.BP","properties":{"hc-group":"admin1","hc-middle-x":0.91,"hc-middle-y":0.88,"hc-key":"bs-bp","hc-a2":"BP","labelrank":"20","hasc":"BS.BP","alt-name":null,"woe-id":"24551258","subregion":null,"fips":"BF36","postal-code":"BP","name":"Black Point","country":"The Bahamas","type-en":"District","region":null,"longitude":"-76.36230000000001","woe-name":"Black Point","latitude":"24.072","woe-label":null,"type":"Third Schedule District"},"geometry":{"type":"MultiPolygon","coordinates":[[[[4164,4235],[4154,4225],[4131,4249],[4102,4310],[4077,4349],[4058,4400],[4042,4428],[4037,4446],[4037,4471],[4075,4443],[4164,4235]]],[[[3929,4660],[3942,4636],[3913,4636],[3895,4645],[3830,4731],[3816,4756],[3815,4777],[3839,4763],[3853,4742],[3864,4717],[3879,4695],[3897,4680],[3929,4660]]],[[[3464,5163],[3454,5155],[3438,5162],[3429,5184],[3434,5215],[3446,5221],[3462,5196],[3464,5163]]]]}},{"type":"Feature","id":"BS.EX","properties":{"hc-group":"admin1","hc-middle-x":0.15,"hc-middle-y":0.25,"hc-key":"bs-ex","hc-a2":"EX","labelrank":"20","hasc":"BS.EX","alt-name":null,"woe-id":"2344771","subregion":null,"fips":"BF10","postal-code":"EX","name":"Exuma","country":"The Bahamas","type-en":"District","region":null,"longitude":"-75.90689999999999","woe-name":"Exuma","latitude":"23.5855","woe-label":"Exuma, BS, The Bahamas","type":"Second Schedule District"},"geometry":{"type":"MultiPolygon","coordinates":[[[[5382,3284],[5407,3245],[5350,3264],[5284,3277],[5229,3298],[5203,3339],[5256,3335],[5324,3316],[5382,3284]]],[[[5059,3380],[5191,3328],[5169,3304],[5133,3314],[5062,3353],[4983,3359],[4953,3375],[4966,3410],[4937,3431],[4907,3459],[4880,3474],[4858,3459],[4804,3517],[4745,3561],[4679,3584],[4601,3577],[4601,3589],[4655,3606],[4652,3622],[4642,3637],[4643,3647],[4627,3658],[4614,3678],[4611,3700],[4623,3718],[4643,3714],[4676,3729],[4696,3714],[4710,3693],[4727,3675],[4747,3665],[4771,3660],[4804,3658],[4792,3641],[4783,3635],[4885,3525],[4959,3481],[4976,3476],[5001,3422],[5059,3380]]]]}},{"type":"Feature","id":"BS.SW","properties":{"hc-group":"admin1","hc-middle-x":0.49,"hc-middle-y":0.45,"hc-key":"bs-sw","hc-a2":"SW","labelrank":"20","hasc":"BS.SW","alt-name":null,"woe-id":"24551256","subregion":null,"fips":"BF53","postal-code":"SW","name":"Spanish Wells","country":"The Bahamas","type-en":"District","region":null,"longitude":"-76.8334","woe-name":"Spanish Wells","latitude":"25.5237","woe-label":null,"type":"Third Schedule District"},"geometry":{"type":"Polygon","coordinates":[[[3349,6853],[3332,6851],[3331,6864],[3356,6880],[3375,6884],[3399,6893],[3416,6894],[3430,6888],[3427,6879],[3399,6867],[3369,6868],[3349,6853]]]}},{"type":"Feature","id":"BS.HI","properties":{"hc-group":"admin1","hc-middle-x":0.51,"hc-middle-y":0.46,"hc-key":"bs-hi","hc-a2":"HI","labelrank":"20","hasc":"BS.HI","alt-name":null,"woe-id":"2344776","subregion":null,"fips":"BF22","postal-code":"HI","name":"Harbour Island","country":"The Bahamas","type-en":"District","region":null,"longitude":"-76.7641","woe-name":"Harbour Island","latitude":"25.5443","woe-label":null,"type":"Third Schedule District"},"geometry":{"type":"Polygon","coordinates":[[[3528,6914],[3522,6904],[3464,6909],[3474,6920],[3491,6925],[3528,6914]]]}},{"type":"Feature","id":"BS.FP","properties":{"hc-group":"admin1","hc-middle-x":0.44,"hc-middle-y":0.37,"hc-key":"bs-fp","hc-a2":"FP","labelrank":"20","hasc":"BS.FP","alt-name":null,"woe-id":"2344779","subregion":null,"fips":"BF25","postal-code":"FP","name":"City of Freeport","country":"The Bahamas","type-en":"District","region":null,"longitude":"-78.62520000000001","woe-name":"City of Freeport","latitude":"26.5339","woe-label":"City of Freeport, BS, The Bahamas","type":"Third Schedule District"},"geometry":{"type":"Polygon","coordinates":[[[705,8657],[657,8632],[629,8614],[614,8641],[648,8684],[683,8683],[705,8657]]]}},{"type":"Feature","id":"BS.NE","properties":{"hc-group":"admin1","hc-middle-x":0.29,"hc-middle-y":0.35,"hc-key":"bs-ne","hc-a2":"NE","labelrank":"20","hasc":"BS.NE","alt-name":null,"woe-id":"24551251","subregion":null,"fips":"BF48","postal-code":"NE","name":"North Eleuthera","country":"The Bahamas","type-en":"District","region":null,"longitude":"-76.59","woe-name":"North Eleuthera","latitude":"25.4383","woe-label":"North Eleuthera, BS, The Bahamas","type":"Third Schedule District"},"geometry":{"type":"Polygon","coordinates":[[[4193,6487],[4164,6463],[4143,6494],[4104,6527],[4046,6549],[3922,6578],[3858,6612],[3765,6702],[3705,6721],[3671,6725],[3607,6742],[3578,6746],[3544,6737],[3489,6708],[3466,6712],[3505,6752],[3528,6819],[3554,6945],[3596,6945],[3620,6942],[3638,6932],[3621,6906],[3613,6880],[3612,6851],[3615,6815],[3640,6847],[3657,6831],[3671,6797],[3685,6779],[3715,6770],[3910,6616],[3966,6583],[4038,6565],[4110,6562],[4135,6554],[4160,6534],[4193,6487]]]}},{"type":"Feature","id":"BS.SE","properties":{"hc-group":"admin1","hc-middle-x":0.81,"hc-middle-y":0.50,"hc-key":"bs-se","hc-a2":"SE","labelrank":"20","hasc":"BS.SE","alt-name":null,"woe-id":"24551255","subregion":null,"fips":"BF52","postal-code":"SE","name":"South Eleuthera","country":"The Bahamas","type-en":"District","region":null,"longitude":"-76.19670000000001","woe-name":"South Eleuthera","latitude":"24.7344","woe-label":"South Eleuthera, BS, The Bahamas","type":"Second Schedule District"},"geometry":{"type":"Polygon","coordinates":[[[4412,5955],[4436,5942],[4430,5909],[4437,5878],[4456,5835],[4462,5806],[4455,5725],[4447,5690],[4410,5632],[4401,5608],[4396,5489],[4401,5423],[4421,5368],[4369,5391],[4342,5446],[4326,5508],[4305,5556],[4279,5575],[4212,5603],[4183,5622],[4150,5660],[4155,5676],[4180,5678],[4332,5650],[4343,5655],[4365,5690],[4391,5716],[4398,5731],[4403,5754],[4402,5794],[4389,5785],[4371,5758],[4354,5742],[4345,5762],[4347,5805],[4361,5883],[4370,5912],[4384,5929],[4412,5955]]]}},{"type":"Feature","id":"BS.NO","properties":{"hc-group":"admin1","hc-middle-x":0.56,"hc-middle-y":0.18,"hc-key":"bs-no","hc-a2":"NO","labelrank":"20","hasc":"BS.NO","alt-name":null,"woe-id":"24551249","subregion":null,"fips":"BF46","postal-code":"NO","name":"North Abaco","country":"The Bahamas","type-en":"District","region":null,"longitude":"-77.6354","woe-name":"North Abaco","latitude":"26.8873","woe-label":"North Abaco, BS, The Bahamas","type":"Second Schedule District"},"geometry":{"type":"Polygon","coordinates":[[[2662,8916],[2589,8900],[2565,8881],[2534,8884],[2510,8894],[2500,8912],[2509,8939],[2485,8997],[2417,9115],[2377,9165],[2351,9185],[2318,9198],[2284,9200],[2255,9185],[2228,9176],[2192,9182],[2103,9214],[2075,9218],[2014,9220],[1996,9226],[1954,9256],[1927,9268],[1899,9273],[1778,9267],[1729,9250],[1696,9250],[1773,9296],[1842,9307],[1986,9302],[2126,9267],[2206,9258],[2242,9285],[2323,9245],[2387,9195],[2662,8916]]]}},{"type":"Feature","id":"BS.MC","properties":{"hc-group":"admin1","hc-middle-x":0.43,"hc-middle-y":0.61,"hc-key":"bs-mc","hc-a2":"MC","labelrank":"20","hasc":"BS.MC","alt-name":null,"woe-id":"24551247","subregion":null,"fips":"BF44","postal-code":"MC","name":"Mangrove Cay","country":"The Bahamas","type-en":"District","region":null,"longitude":"-77.8018","woe-name":"Mangrove Cay","latitude":"24.0806","woe-label":"Mangrove Cay, BS, The Bahamas","type":"Third Schedule District"},"geometry":{"type":"Polygon","coordinates":[[[1930,4362],[1871,4317],[1805,4270],[1782,4278],[1782,4297],[1789,4320],[1790,4341],[1772,4361],[1739,4386],[1749,4401],[1749,4412],[1719,4432],[1622,4473],[1643,4497],[1665,4482],[1674,4486],[1677,4523],[1672,4538],[1686,4553],[1702,4562],[1745,4575],[1763,4588],[1769,4602],[1780,4644],[1786,4657],[1840,4660],[1861,4668],[1877,4681],[1896,4725],[1920,4744],[1985,4770],[2003,4793],[2047,4817],[2061,4793],[2072,4766],[2085,4743],[2114,4723],[2099,4703],[2001,4625],[1962,4604],[1914,4596],[1913,4585],[1941,4582],[1952,4569],[1945,4555],[1917,4549],[1911,4542],[1927,4526],[1965,4501],[1990,4511],[1998,4493],[1994,4462],[1967,4414],[1961,4392],[1953,4374],[1930,4362]]]}},{"type":"Feature","id":"BS.CI","properties":{"hc-group":"admin1","hc-middle-x":0.87,"hc-middle-y":0.86,"hc-key":"bs-ci","hc-a2":"CI","labelrank":"20","hasc":"BS.CI","alt-name":null,"woe-id":"2344770","subregion":null,"fips":"BF06","postal-code":"CI","name":"Cat Island","country":"The Bahamas","type-en":"District","region":null,"longitude":"-75.3894","woe-name":"Cat Island","latitude":"24.2583","woe-label":"Cat Island, BS, The Bahamas","type":"Second Schedule District"},"geometry":{"type":"Polygon","coordinates":[[[5506,4577],[5537,4600],[5553,4625],[5583,4624],[5597,4670],[5590,4726],[5558,4753],[5513,4763],[5480,4789],[5397,4925],[5385,4973],[5355,5018],[5349,5041],[5339,5095],[5313,5136],[5273,5160],[5221,5164],[5227,5182],[5229,5203],[5222,5245],[5213,5266],[5195,5279],[5126,5340],[5076,5365],[5062,5375],[5052,5389],[5051,5402],[5058,5416],[5090,5455],[5103,5460],[5127,5457],[5137,5449],[5179,5409],[5219,5393],[5238,5383],[5255,5362],[5267,5253],[5276,5221],[5291,5203],[5316,5180],[5339,5153],[5357,5100],[5400,5020],[5488,4893],[5516,4870],[5577,4837],[5606,4812],[5644,4731],[5654,4718],[5671,4706],[5739,4631],[5751,4605],[5777,4507],[5706,4530],[5674,4533],[5637,4530],[5566,4516],[5541,4503],[5514,4479],[5475,4475],[5433,4503],[5416,4538],[5450,4555],[5473,4561],[5506,4577]]]}},{"type":"Feature","id":"BS.SS","properties":{"hc-group":"admin1","hc-middle-x":0.54,"hc-middle-y":0.52,"hc-key":"bs-ss","hc-a2":"SS","labelrank":"20","hasc":"BS.SS","alt-name":null,"woe-id":"2344789","subregion":null,"fips":"BF35","postal-code":"SS","name":"San Salvador","country":"The Bahamas","type-en":"District","region":null,"longitude":"-74.4785","woe-name":"San Salvador","latitude":"24.0513","woe-label":"San Salvador, BS, The Bahamas","type":"Third Schedule District"},"geometry":{"type":"Polygon","coordinates":[[[6968,4391],[6969,4432],[6986,4457],[7013,4472],[7043,4484],[7070,4507],[7080,4502],[7104,4460],[7111,4438],[7129,4403],[7128,4388],[7118,4339],[7054,4227],[7049,4247],[7052,4264],[7065,4298],[7052,4278],[7030,4208],[7028,4193],[6925,4181],[6925,4193],[6951,4226],[6969,4279],[6976,4339],[6968,4391]]]}},{"type":"Feature","id":"BS.LI","properties":{"hc-group":"admin1","hc-middle-x":0.89,"hc-middle-y":0.82,"hc-key":"bs-li","hc-a2":"LI","labelrank":"20","hasc":"BS.LI","alt-name":null,"woe-id":"2344773","subregion":null,"fips":"BF15","postal-code":"LI","name":"Long Island","country":"The Bahamas","type-en":"District","region":null,"longitude":"-74.9132","woe-name":"Long Island","latitude":"23.037","woe-label":"Long Island, BS, The Bahamas","type":"Second Schedule District"},"geometry":{"type":"Polygon","coordinates":[[[5991,3255],[6084,3074],[6081,3056],[6094,3041],[6098,3004],[6098,2928],[6111,2846],[6137,2795],[6182,2764],[6317,2713],[6375,2668],[6477,2553],[6454,2520],[6474,2502],[6487,2458],[6495,2407],[6497,2340],[6494,2322],[6485,2314],[6465,2320],[6456,2332],[6445,2390],[6423,2379],[6413,2423],[6368,2503],[6351,2573],[6336,2597],[6283,2662],[6267,2678],[6247,2687],[6066,2723],[6027,2748],[6007,2764],[5894,2836],[5870,2846],[5882,2878],[5904,2905],[5914,2905],[5930,2881],[5974,2859],[5990,2835],[5949,2841],[5936,2846],[5947,2826],[5963,2809],[5982,2799],[6001,2800],[6020,2787],[6050,2762],[6064,2754],[6108,2747],[6124,2752],[6113,2770],[6023,2871],[6012,2899],[6018,2945],[6031,2978],[6045,3006],[6054,3033],[6053,3074],[6042,3120],[6024,3160],[6001,3186],[5979,3162],[5981,3203],[5922,3253],[5925,3291],[5885,3304],[5875,3316],[5882,3337],[5850,3363],[5838,3390],[5829,3467],[5797,3548],[5781,3556],[5742,3538],[5753,3620],[5744,3645],[5711,3618],[5726,3641],[5742,3654],[5722,3660],[5697,3630],[5678,3618],[5678,3631],[5694,3648],[5706,3668],[5713,3693],[5711,3724],[5729,3717],[5742,3701],[5834,3548],[5855,3535],[5884,3502],[5910,3463],[5925,3430],[5944,3315],[5963,3285],[5991,3255]]]}},{"type":"Feature","id":"BS.MG","properties":{"hc-group":"admin1","hc-middle-x":0.21,"hc-middle-y":0.38,"hc-key":"bs-mg","hc-a2":"MG","labelrank":"20","hasc":"BS.MG","alt-name":null,"woe-id":"2344774","subregion":null,"fips":"BF16","postal-code":"MG","name":"Mayaguana","country":"The Bahamas","type-en":"District","region":null,"longitude":"-73.0295","woe-name":"Mayaguana","latitude":"22.3849","woe-label":"Mayaguana, BS, The Bahamas","type":"Third Schedule District"},"geometry":{"type":"Polygon","coordinates":[[[9735,1486],[9750,1476],[9781,1476],[9795,1470],[9810,1439],[9803,1405],[9783,1376],[9758,1365],[9730,1374],[9655,1445],[9622,1468],[9597,1482],[9569,1488],[9528,1490],[9510,1487],[9474,1476],[9456,1480],[9437,1496],[9424,1500],[9390,1492],[9328,1458],[9289,1450],[9273,1454],[9245,1473],[9185,1485],[9158,1492],[9142,1503],[9146,1519],[9174,1542],[9164,1562],[9174,1579],[9181,1602],[9178,1635],[9195,1650],[9222,1614],[9236,1606],[9260,1603],[9282,1622],[9304,1626],[9341,1616],[9380,1602],[9463,1547],[9501,1547],[9478,1583],[9532,1557],[9558,1551],[9575,1560],[9600,1541],[9625,1531],[9653,1527],[9690,1527],[9714,1511],[9735,1486]]]}},{"type":"Feature","id":"BS.IN","properties":{"hc-group":"admin1","hc-middle-x":0.38,"hc-middle-y":0.74,"hc-key":"bs-in","hc-a2":"IN","labelrank":"20","hasc":"BS.IN","alt-name":null,"woe-id":"2344772","subregion":null,"fips":"BF13","postal-code":"IN","name":"Inagua","country":"The Bahamas","type-en":"District","region":null,"longitude":"-73.36069999999999","woe-name":"Inagua","latitude":"21.06","woe-label":"Inagua, BS, The Bahamas","type":"Third Schedule District"},"geometry":{"type":"MultiPolygon","coordinates":[[[[8929,-951],[8929,-938],[8939,-929],[8915,-911],[8881,-907],[8798,-956],[8742,-953],[8648,-976],[8577,-948],[8474,-940],[8451,-944],[8425,-957],[8404,-999],[8374,-984],[8353,-961],[8345,-913],[8343,-874],[8309,-817],[8314,-804],[8362,-799],[8389,-782],[8398,-745],[8401,-712],[8364,-671],[8364,-653],[8420,-679],[8479,-657],[8498,-642],[8548,-626],[8559,-593],[8594,-561],[8608,-529],[8644,-537],[8675,-518],[8738,-517],[8771,-496],[8794,-462],[8807,-448],[8813,-455],[8824,-490],[8850,-521],[8882,-563],[8924,-582],[9025,-613],[9060,-591],[9095,-573],[9175,-552],[9211,-504],[9243,-437],[9320,-311],[9344,-278],[9375,-258],[9409,-272],[9422,-302],[9421,-341],[9391,-524],[9378,-572],[9278,-702],[9228,-852],[9194,-872],[9075,-924],[9006,-914],[8970,-928],[8940,-951],[8929,-951]]],[[[9473,-37],[9445,-64],[9427,-68],[9373,-96],[9357,-112],[9342,-115],[9339,-97],[9343,-76],[9331,-43],[9310,-10],[9303,25],[9319,37],[9356,50],[9386,69],[9414,103],[9437,121],[9452,111],[9472,87],[9489,72],[9521,55],[9553,42],[9568,25],[9562,-9],[9532,-29],[9473,-37]]]]}},{"type":"Feature","id":"BS.NS","properties":{"hc-group":"admin1","hc-middle-x":0.53,"hc-middle-y":0.54,"hc-key":"bs-ns","hc-a2":"NS","labelrank":"20","hasc":"BS.NS","alt-name":null,"woe-id":"24551250","subregion":null,"fips":"BF47","postal-code":"NS","name":"North Andros","country":"The Bahamas","type-en":"District","region":null,"longitude":"-77.99760000000001","woe-name":"North Andros","latitude":"24.8276","woe-label":"North Andros, BS, The Bahamas","type":"Second Schedule District"},"geometry":{"type":"Polygon","coordinates":[[[1336,5171],[1307,5150],[1288,5127],[1263,5110],[1222,5103],[1191,5112],[998,5228],[906,5317],[877,5353],[859,5392],[880,5397],[913,5411],[943,5428],[956,5443],[962,5467],[973,5464],[1000,5448],[1029,5471],[1033,5487],[1022,5506],[1043,5535],[1068,5534],[1088,5510],[1097,5475],[1094,5445],[1088,5420],[1077,5397],[1062,5376],[1030,5353],[1039,5321],[1051,5315],[1093,5340],[1117,5346],[1130,5360],[1127,5397],[1157,5382],[1156,5351],[1147,5316],[1151,5285],[1177,5269],[1192,5290],[1197,5328],[1190,5361],[1235,5339],[1243,5348],[1243,5373],[1231,5390],[1203,5419],[1204,5466],[1195,5479],[1162,5514],[1152,5565],[1143,5582],[1120,5574],[1136,5559],[1142,5532],[1139,5467],[1125,5486],[1104,5540],[1082,5551],[1080,5564],[1085,5593],[1101,5644],[1125,5669],[1160,5696],[1185,5729],[1179,5772],[1194,5782],[1235,5789],[1244,5799],[1249,5820],[1271,5861],[1277,5885],[1291,5886],[1267,5933],[1280,5970],[1292,5992],[1307,6002],[1319,6023],[1317,6072],[1304,6149],[1289,6203],[1258,6275],[1239,6341],[1258,6378],[1284,6376],[1340,6364],[1363,6353],[1382,6335],[1405,6300],[1430,6293],[1454,6303],[1477,6321],[1502,6332],[1528,6320],[1590,6277],[1606,6253],[1582,6227],[1578,6197],[1589,6169],[1614,6148],[1593,6081],[1586,6039],[1595,6020],[1623,6015],[1647,6001],[1666,5975],[1756,5738],[1823,5633],[1848,5605],[1893,5580],[1950,5522],[1964,5497],[1965,5466],[1961,5424],[1954,5385],[1811,5412],[1641,5398],[1504,5365],[1437,5331],[1392,5248],[1336,5171]]]}},{"type":"Feature","id":"BS.NW","properties":{"hc-group":"admin1","hc-middle-x":0.50,"hc-middle-y":0.46,"hc-key":"bs-nw","hc-a2":"NW","labelrank":"20","hasc":"BS.NW","alt-name":null,"woe-id":"2344777","subregion":null,"fips":null,"postal-code":"NW","name":"New Providence","country":"The Bahamas","type-en":"Capital","region":null,"longitude":"-77.43559999999999","woe-name":"New Providence","latitude":"25.0149","woe-label":"New Providence, BS, The Bahamas","type":"First Schedule District"},"geometry":{"type":"Polygon","coordinates":[[[2272,6006],[2247,6036],[2265,6068],[2302,6095],[2338,6110],[2361,6113],[2414,6132],[2437,6134],[2504,6130],[2570,6141],[2594,6140],[2616,6132],[2653,6109],[2712,6094],[2695,6074],[2531,6001],[2493,6003],[2444,6025],[2416,5991],[2394,5979],[2374,5986],[2351,6000],[2320,6004],[2272,6006]]]}}]}