{"title":"Trinidad and Tobago","version":"1.1.2","type":"FeatureCollection","copyright":"Copyright (c) 2015 Highsoft AS, Based on data from Natural Earth","copyrightShort":"Natural Earth","copyrightUrl":"http://www.naturalearthdata.com","crs":{"type":"name","properties":{"name":"urn:ogc:def:crs:EPSG:32620"}},"hc-transform":{"default":{"crs":"+proj=utm +zone=20 +datum=WGS84 +units=m +no_defs","scale":0.00457263639498,"jsonres":15.5,"jsonmarginX":-999,"jsonmarginY":9851.0,"xoffset":617395.773022,"yoffset":1255940.53587}},
"features":[{"type":"Feature","id":"TT.180","properties":{"hc-group":"admin1","hc-middle-x":0.62,"hc-middle-y":0.54,"hc-key":"tt-180","hc-a2":"AR","labelrank":"9","hasc":"TT.TP","alt-name":null,"woe-id":"2347116","subregion":null,"fips":"TD01","postal-code":null,"name":"Arima","country":"Trinidad and Tobago","type-en":"City","region":null,"longitude":"-61.2804","woe-name":null,"latitude":"10.6284","woe-label":null,"type":"City"},"geometry":{"type":"Polygon","coordinates":[[[4096,3988],[3991,3980],[3920,4003],[3896,4029],[3949,4103],[3958,4203],[3975,4232],[3965,4274],[3973,4344],[4083,4240],[4129,4076],[4132,4028],[4096,3988]]]}},{"type":"Feature","id":"TT.DM","properties":{"hc-group":"admin1","hc-middle-x":0.77,"hc-middle-y":0.52,"hc-key":"tt-dm","hc-a2":"DM","labelrank":"9","hasc":"TT.DM","alt-name":"Petit Valley","woe-id":"56189828","subregion":null,"fips":"TD00","postal-code":"DM","name":"Diego Martin","country":"Trinidad and Tobago","type-en":"Region","region":null,"longitude":"-61.5778","woe-name":null,"latitude":"10.7128","woe-label":null,"type":"Region"},"geometry":{"type":"MultiPolygon","coordinates":[[[[387,4632],[449,4559],[432,4533],[381,4564],[337,4559],[318,4535],[329,4509],[376,4479],[359,4454],[252,4448],[250,4480],[277,4607],[314,4640],[387,4632]]],[[[835,4520],[816,4508],[742,4521],[722,4536],[780,4670],[840,4695],[896,4694],[910,4664],[902,4575],[844,4545],[835,4520]]],[[[1928,4436],[1706,4536],[1540,4570],[1145,4595],[1096,4610],[1057,4652],[1008,4743],[1409,5022],[1514,5067],[1832,5041],[2188,5126],[2382,5125],[2399,4929],[2356,4747],[2220,4506],[2106,4523],[2042,4517],[1959,4450],[1928,4436]]]]}},{"type":"Feature","id":"TT.TP","properties":{"hc-group":"admin1","hc-middle-x":0.46,"hc-middle-y":0.53,"hc-key":"tt-tp","hc-a2":"TP","labelrank":"9","hasc":"TT.TP","alt-name":"Tunapuna","woe-id":"56189836","subregion":null,"fips":"TD00","postal-code":"TP","name":"Tunapuna/Piarco","country":"Trinidad and Tobago","type-en":"Region","region":null,"longitude":"-61.3254","woe-name":null,"latitude":"10.6903","woe-label":null,"type":"Region"},"geometry":{"type":"Polygon","coordinates":[[[3446,5518],[3473,5520],[3884,5473],[4783,5474],[4849,5525],[4880,5501],[4955,5392],[4962,5253],[4917,5210],[4800,5141],[4674,4998],[4630,4965],[4560,4943],[4341,4920],[4326,4889],[4399,4862],[4447,4859],[4522,4807],[4530,4742],[4528,4603],[4495,4484],[4521,4355],[4551,4299],[4610,4224],[4626,4176],[4615,4063],[4534,3952],[4335,3856],[4113,3784],[3778,3768],[3669,3743],[3573,3699],[3476,3693],[3362,3709],[3329,3647],[3012,3651],[2916,4249],[2918,4444],[2861,4788],[2877,4925],[2919,5003],[2986,5023],[3193,4995],[3299,5016],[3356,5013],[3490,4982],[3537,4997],[3586,5056],[3594,5143],[3530,5272],[3471,5468],[3446,5518]],[[4096,3988],[4132,4028],[4129,4076],[4083,4240],[3973,4344],[3965,4274],[3975,4232],[3958,4203],[3949,4103],[3896,4029],[3920,4003],[3991,3980],[4096,3988]]]}},{"type":"Feature","id":"TT.SF","properties":{"hc-group":"admin1","hc-middle-x":0.48,"hc-middle-y":0.27,"hc-key":"tt-sf","hc-a2":"SF","labelrank":"9","hasc":"TT.SF","alt-name":null,"woe-id":"20069924","subregion":null,"fips":"TD10","postal-code":"SF","name":"San Fernando","country":"Trinidad and Tobago","type-en":"City","region":null,"longitude":"-61.4589","woe-name":"San Fernando","latitude":"10.2772","woe-label":null,"type":"City"},"geometry":{"type":"Polygon","coordinates":[[[2403,1163],[2464,1214],[2558,1321],[2617,1422],[2646,1579],[2635,1638],[2676,1627],[2882,1642],[2778,1242],[2411,1153],[2403,1163]]]}},{"type":"Feature","id":"TT.CH","properties":{"hc-group":"admin1","hc-middle-x":0.50,"hc-middle-y":0.50,"hc-key":"tt-ch","hc-a2":"CH","labelrank":"9","hasc":"TT.CH","alt-name":null,"woe-id":"56189826","subregion":null,"fips":"TD00","postal-code":"CH","name":"Chaguanas","country":"Trinidad and Tobago","type-en":"City","region":null,"longitude":"-61.4134","woe-name":null,"latitude":"10.5359","woe-label":null,"type":"City"},"geometry":{"type":"Polygon","coordinates":[[[2607,3307],[2607,3428],[2619,3428],[2770,3640],[3012,3651],[3329,3647],[3364,3480],[3313,3299],[3303,3221],[3250,3172],[3051,3156],[2957,3185],[2898,3233],[2824,3247],[2767,3283],[2716,3296],[2607,3307]]]}},{"type":"Feature","id":"TT.PS","properties":{"hc-group":"admin1","hc-middle-x":0.58,"hc-middle-y":0.35,"hc-key":"tt-ps","hc-a2":"PS","labelrank":"9","hasc":"TT.PS","alt-name":"Port-of-Spain|Puer","woe-id":"2347120","subregion":null,"fips":"TD05","postal-code":"PS","name":"Port of Spain","country":"Trinidad and Tobago","type-en":"City","region":null,"longitude":"-61.5204","woe-name":"Port of Spain","latitude":"10.6647","woe-label":null,"type":"City"},"geometry":{"type":"Polygon","coordinates":[[[2343,4192],[2086,4365],[1928,4436],[1959,4450],[2042,4517],[2106,4523],[2220,4506],[2331,4448],[2374,4356],[2343,4192]]]}},{"type":"Feature","id":"TT.193","properties":{"hc-group":"admin1","hc-middle-x":0.62,"hc-middle-y":0.50,"hc-key":"tt-193","hc-a2":"ET","labelrank":"9","hasc":"TT.","alt-name":"Tabago","woe-id":"56189856","subregion":null,"fips":"TD11","postal-code":null,"name":"Eastern Tobago","country":"Trinidad and Tobago","type-en":"Region","region":null,"longitude":"-60.6001","woe-name":null,"latitude":"11.2899","woe-label":null,"type":"Region"},"geometry":{"type":"Polygon","coordinates":[[[8825,9505],[8971,9560],[9189,9608],[9280,9660],[9374,9679],[9497,9607],[9554,9615],[9700,9790],[9784,9851],[9842,9793],[9851,9599],[9826,9358],[9770,9188],[9683,9207],[9635,9207],[9589,9089],[9521,9075],[9443,9101],[9367,9098],[9352,9063],[9238,8908],[9210,8902],[9032,8790],[8976,8744],[8890,8691],[8642,8900],[8446,8975],[8521,9050],[8735,9192],[8886,9380],[8825,9505]]]}},{"type":"Feature","id":"TT.6597","properties":{"hc-group":"admin1","hc-middle-x":0.58,"hc-middle-y":0.55,"hc-key":"tt-6597","hc-a2":"WT","labelrank":"9","hasc":"TT.","alt-name":"Tabago","woe-id":"56189855","subregion":null,"fips":"TD11","postal-code":null,"name":"Western Tobago","country":"Trinidad and Tobago","type-en":"Region","region":null,"longitude":"-60.7709","woe-name":null,"latitude":"11.1959","woe-label":null,"type":"Region"},"geometry":{"type":"Polygon","coordinates":[[[8890,8691],[8792,8692],[8699,8710],[8625,8712],[8159,8473],[8022,8440],[7815,8258],[7684,8204],[7629,8329],[7513,8270],[7405,8288],[7341,8364],[7358,8483],[7423,8517],[7531,8535],[7631,8576],[7674,8678],[7750,8780],[8402,9214],[8540,9353],[8620,9413],[8718,9465],[8825,9505],[8886,9380],[8735,9192],[8521,9050],[8446,8975],[8642,8900],[8890,8691]]]}},{"type":"Feature","id":"TT.SI","properties":{"hc-group":"admin1","hc-middle-x":0.77,"hc-middle-y":0.49,"hc-key":"tt-si","hc-a2":"SI","labelrank":"9","hasc":"TT.SI","alt-name":null,"woe-id":"56189835","subregion":null,"fips":"TD00","postal-code":"SI","name":"Siparia","country":"Trinidad and Tobago","type-en":"Region","region":null,"longitude":"-61.6987","woe-name":null,"latitude":"10.118","woe-label":null,"type":"Region"},"geometry":{"type":"Polygon","coordinates":[[[2299,-246],[1988,-196],[1915,-214],[1694,-304],[1608,-313],[1455,-350],[1376,-359],[1267,-343],[1189,-303],[1118,-251],[1029,-200],[884,-158],[725,-140],[52,-141],[-132,-164],[-273,-232],[-387,-320],[-537,-411],[-696,-472],[-832,-474],[-999,-362],[-923,-255],[-674,-123],[-637,-94],[-552,-67],[-300,-19],[-249,30],[-168,148],[-47,240],[82,304],[680,484],[717,502],[837,318],[911,325],[999,355],[1164,495],[1311,711],[1320,753],[1299,791],[1244,851],[1248,854],[1240,1090],[1339,1143],[1456,1145],[1858,1078],[2163,1090],[2197,1039],[2410,854],[2507,794],[2569,666],[2566,531],[2535,387],[2499,311],[2403,197],[2363,130],[2336,45],[2299,-246]]]}},{"type":"Feature","id":"TT.SN","properties":{"hc-group":"admin1","hc-middle-x":0.38,"hc-middle-y":0.54,"hc-key":"tt-sn","hc-a2":"SN","labelrank":"9","hasc":"TT.SN","alt-name":null,"woe-id":"56189833","subregion":null,"fips":"TD00","postal-code":"SN","name":"Sangre Grande","country":"Trinidad and Tobago","type-en":"Region","region":null,"longitude":"-61.1277","woe-name":null,"latitude":"10.6838","woe-label":null,"type":"Region"},"geometry":{"type":"Polygon","coordinates":[[[4335,3856],[4534,3952],[4615,4063],[4626,4176],[4610,4224],[4551,4299],[4521,4355],[4495,4484],[4528,4603],[4530,4742],[4522,4807],[4447,4859],[4399,4862],[4326,4889],[4341,4920],[4560,4943],[4630,4965],[4674,4998],[4800,5141],[4917,5210],[4962,5253],[4955,5392],[4880,5501],[4849,5525],[4978,5624],[5430,5681],[5569,5741],[6573,5860],[6896,5798],[6571,5218],[6167,4713],[6022,4738],[5932,4587],[5891,4353],[5901,4127],[6055,3652],[6088,3420],[5864,3226],[5871,3006],[5898,2863],[5456,2906],[4667,2798],[4516,2840],[4499,2942],[4562,3119],[4563,3243],[4502,3306],[4478,3369],[4453,3700],[4421,3784],[4335,3856]]]}},{"type":"Feature","id":"TT.MR","properties":{"hc-group":"admin1","hc-middle-x":0.49,"hc-middle-y":0.47,"hc-key":"tt-mr","hc-a2":"MR","labelrank":"9","hasc":"TT.MR","alt-name":"Mayaro|Rio Claro","woe-id":"56189832","subregion":null,"fips":"TD00","postal-code":"MR","name":"Rio Claro-Mayaro","country":"Trinidad and Tobago","type-en":"Region","region":null,"longitude":"-61.1024","woe-name":null,"latitude":"10.2814","woe-label":null,"type":"Region"},"geometry":{"type":"Polygon","coordinates":[[[5898,2863],[5981,2431],[6021,2324],[6073,2225],[6214,2020],[6503,1819],[6280,1576],[6185,1170],[6184,712],[6243,313],[6076,349],[5889,291],[5713,181],[5576,63],[5440,-29],[5264,-96],[4915,-181],[4835,-189],[4717,1025],[4587,1248],[4514,1337],[4449,1350],[4420,1416],[4370,1451],[4313,1626],[4423,1788],[4485,2002],[4529,2452],[4564,2607],[4667,2798],[5456,2906],[5898,2863]]]}},{"type":"Feature","id":"TT.SL","properties":{"hc-group":"admin1","hc-middle-x":0.27,"hc-middle-y":0.60,"hc-key":"tt-sl","hc-a2":"SL","labelrank":"9","hasc":"TT.SL","alt-name":"Laventille","woe-id":"56189834","subregion":null,"fips":"TD00","postal-code":"SL","name":"San Juan-Laventille","country":"Trinidad and Tobago","type-en":"Region","region":null,"longitude":"-61.4498","woe-name":null,"latitude":"10.613","woe-label":null,"type":"Region"},"geometry":{"type":"Polygon","coordinates":[[[2607,3428],[2606,3586],[2526,3873],[2339,4107],[2396,4156],[2343,4192],[2374,4356],[2331,4448],[2220,4506],[2356,4747],[2399,4929],[2382,5125],[2416,5124],[2513,5169],[2572,5248],[2611,5280],[2651,5184],[2709,5184],[2709,5291],[2756,5292],[2762,5252],[2815,5185],[2757,5126],[2821,5142],[2916,5234],[3065,5240],[3080,5235],[3143,5293],[3289,5465],[3338,5508],[3446,5518],[3471,5468],[3530,5272],[3594,5143],[3586,5056],[3537,4997],[3490,4982],[3356,5013],[3299,5016],[3193,4995],[2986,5023],[2919,5003],[2877,4925],[2861,4788],[2918,4444],[2916,4249],[3012,3651],[2770,3640],[2619,3428],[2607,3428]]]}},{"type":"Feature","id":"TT.PT","properties":{"hc-group":"admin1","hc-middle-x":0.56,"hc-middle-y":0.54,"hc-key":"tt-pt","hc-a2":"PT","labelrank":"9","hasc":"TT.PT","alt-name":null,"woe-id":"56189831","subregion":null,"fips":"TD00","postal-code":"PT","name":"Princes Town","country":"Trinidad and Tobago","type-en":"Region","region":null,"longitude":"-61.3096","woe-name":null,"latitude":"10.2039","woe-label":null,"type":"Region"},"geometry":{"type":"Polygon","coordinates":[[[4313,1626],[4370,1451],[4420,1416],[4449,1350],[4514,1337],[4587,1248],[4717,1025],[4835,-189],[4726,-201],[4249,-126],[4078,-142],[3584,-242],[3270,-216],[3313,918],[3252,998],[3166,1076],[2778,1242],[2882,1642],[3038,1659],[3302,1771],[3562,1822],[3784,1827],[3920,1805],[4019,1779],[4244,1691],[4313,1626]]]}},{"type":"Feature","id":"TT.CT","properties":{"hc-group":"admin1","hc-middle-x":0.46,"hc-middle-y":0.61,"hc-key":"tt-ct","hc-a2":"CT","labelrank":"9","hasc":"TT.CT","alt-name":"Couva","woe-id":"56189827","subregion":null,"fips":"TD00","postal-code":"CT","name":"Couva-Tabaquite-Talparo","country":"Trinidad and Tobago","type-en":"Region","region":null,"longitude":"-61.3425","woe-name":null,"latitude":"10.4519","woe-label":null,"type":"Region"},"geometry":{"type":"Polygon","coordinates":[[[4667,2798],[4564,2607],[4529,2452],[4485,2002],[4423,1788],[4313,1626],[4244,1691],[4019,1779],[3920,1805],[3784,1827],[3562,1822],[3302,1771],[3038,1659],[2882,1642],[2676,1627],[2635,1638],[2622,1711],[2583,1837],[2561,1984],[2547,2027],[2479,2083],[2454,2118],[2451,2160],[2499,2177],[2512,2200],[2504,2261],[2458,2415],[2429,2468],[2411,2581],[2455,2736],[2556,2979],[2607,3277],[2607,3307],[2716,3296],[2767,3283],[2824,3247],[2898,3233],[2957,3185],[3051,3156],[3250,3172],[3303,3221],[3313,3299],[3364,3480],[3329,3647],[3362,3709],[3476,3693],[3573,3699],[3669,3743],[3778,3768],[4113,3784],[4335,3856],[4421,3784],[4453,3700],[4478,3369],[4502,3306],[4563,3243],[4562,3119],[4499,2942],[4516,2840],[4667,2798]]]}},{"type":"Feature","id":"TT.PD","properties":{"hc-group":"admin1","hc-middle-x":0.57,"hc-middle-y":0.50,"hc-key":"tt-pd","hc-a2":"PD","labelrank":"9","hasc":"TT.PD","alt-name":"Penal","woe-id":"56189829","subregion":null,"fips":"TD00","postal-code":"PD","name":"Penal-Debe","country":"Trinidad and Tobago","type-en":"Region","region":null,"longitude":"-61.4269","woe-name":null,"latitude":"10.1459","woe-label":null,"type":"Region"},"geometry":{"type":"Polygon","coordinates":[[[3270,-216],[2972,-191],[2307,-248],[2299,-246],[2336,45],[2363,130],[2403,197],[2499,311],[2535,387],[2566,531],[2569,666],[2507,794],[2410,854],[2197,1039],[2163,1090],[2273,1095],[2361,1130],[2403,1163],[2411,1153],[2778,1242],[3166,1076],[3252,998],[3313,918],[3270,-216]]]}},{"type":"Feature","id":"TT.PF","properties":{"hc-group":"admin1","hc-middle-x":0.61,"hc-middle-y":0.28,"hc-key":"tt-pf","hc-a2":"PF","labelrank":"9","hasc":"TT.PF","alt-name":null,"woe-id":"56189830","subregion":null,"fips":"TD00","postal-code":"PF","name":"Point Fortin","country":"Trinidad and Tobago","type-en":"City","region":null,"longitude":"-61.6685","woe-name":null,"latitude":"10.1669","woe-label":null,"type":"City"},"geometry":{"type":"Polygon","coordinates":[[[717,502],[1014,646],[1244,851],[1299,791],[1320,753],[1311,711],[1164,495],[999,355],[911,325],[837,318],[717,502]]]}}]}