{"title":"Ohio","version":"1.1.2","type":"FeatureCollection","copyright":"Copyright (c) 2015 Highsoft AS, Based on data from The United States Census Bureau","copyrightShort":"USA Census Bureau","copyrightUrl":"http://www.census.gov","crs":{"type":"name","properties":{"name":"urn:ogc:def:crs:EPSG:102322"}},"hc-transform":{"default":{"crs":"+proj=lcc +lat_1=40.43333333333333 +lat_2=41.7 +lat_0=39.66666666666666 +lon_0=-82.5 +x_0=600000 +y_0=0 +ellps=GRS80 +units=m +no_defs","scale":0.00175257958022,"jsonres":15.5,"jsonmarginX":-999,"jsonmarginY":9851.0,"xoffset":399231.6905,"yoffset":259282.650352}},
"features":[{"type":"Feature","id":"US.OH.085","properties":{"hc-group":"admin2","hc-middle-x":0.58,"hc-middle-y":0.43,"hc-key":"us-oh-085","hc-a2":"LA","fips":"39085","name":"Lake"},"geometry":{"type":"Polygon","coordinates":[[[6967,8564],[6748,8563],[6744,8773],[7058,9048],[7780,9408],[7834,9419],[7837,9121],[7837,9016],[7615,9010],[7620,8790],[7183,8782],[7183,8568],[6967,8564]]]}},{"type":"Feature","id":"US.OH.035","properties":{"hc-group":"admin2","hc-middle-x":0.45,"hc-middle-y":0.70,"hc-key":"us-oh-035","hc-a2":"CU","fips":"39035","name":"Cuyahoga"},"geometry":{"type":"Polygon","coordinates":[[[6744,8773],[6748,8563],[6967,8564],[6971,8126],[6974,7896],[6505,7900],[6582,7679],[6310,7674],[6310,7674],[6310,7674],[6310,7674],[6080,7670],[5870,7664],[5871,7893],[5657,7893],[5661,8361],[5867,8313],[6044,8369],[6172,8338],[6332,8414],[6744,8773]]]}},{"type":"Feature","id":"US.OH.103","properties":{"hc-group":"admin2","hc-middle-x":0.50,"hc-middle-y":0.50,"hc-key":"us-oh-103","hc-a2":"ME","fips":"39103","name":"Medina"},"geometry":{"type":"Polygon","coordinates":[[[6309,7248],[6310,6804],[5989,6800],[5302,6807],[5201,6807],[5205,7023],[5208,7245],[5426,7244],[5429,7435],[5654,7436],[5655,7662],[5870,7664],[6080,7670],[6310,7674],[6310,7674],[6309,7248]]]}},{"type":"Feature","id":"US.OH.153","properties":{"hc-group":"admin2","hc-middle-x":0.50,"hc-middle-y":0.50,"hc-key":"us-oh-153","hc-a2":"SU","fips":"39153","name":"Summit"},"geometry":{"type":"Polygon","coordinates":[[[6309,7248],[6310,7674],[6582,7679],[6505,7900],[6974,7896],[6981,7253],[6985,6811],[6932,6810],[6926,6563],[6405,6580],[6403,6805],[6310,6804],[6309,7248]]]}},{"type":"Feature","id":"US.OH.063","properties":{"hc-group":"admin2","hc-middle-x":0.50,"hc-middle-y":0.50,"hc-key":"us-oh-063","hc-a2":"HA","fips":"39063","name":"Hancock"},"geometry":{"type":"Polygon","coordinates":[[[2354,7275],[2351,6816],[2266,6817],[2265,6686],[2221,6686],[2219,6556],[2133,6557],[2127,6295],[1876,6301],[1292,6311],[1293,6375],[1296,6615],[1304,7164],[1307,7361],[1659,7358],[2355,7344],[2355,7344],[2354,7275]]]}},{"type":"Feature","id":"US.OH.173","properties":{"hc-group":"admin2","hc-middle-x":0.50,"hc-middle-y":0.57,"hc-key":"us-oh-173","hc-a2":"WO","fips":"39173","name":"Wood"},"geometry":{"type":"Polygon","coordinates":[[[2355,7344],[1659,7358],[1307,7361],[1310,7897],[1314,8105],[1546,8207],[1705,8336],[1713,8425],[1780,8498],[1934,8568],[2033,8706],[2381,8708],[2381,8394],[2380,8350],[2377,8143],[2361,7615],[2361,7607],[2361,7607],[2360,7564],[2355,7344],[2355,7344],[2355,7344]]]}},{"type":"Feature","id":"US.OH.039","properties":{"hc-group":"admin2","hc-middle-x":0.50,"hc-middle-y":0.34,"hc-key":"us-oh-039","hc-a2":"DE","fips":"39039","name":"Defiance"},"geometry":{"type":"Polygon","coordinates":[[[-789,7661],[-784,7906],[-776,8184],[-499,8179],[273,8164],[531,8159],[515,7369],[326,7372],[257,7373],[259,7505],[-3,7511],[-1,7644],[-789,7661]]]}},{"type":"Feature","id":"US.OH.077","properties":{"hc-group":"admin2","hc-middle-x":0.41,"hc-middle-y":0.50,"hc-key":"us-oh-077","hc-a2":"HU","fips":"39077","name":"Huron"},"geometry":{"type":"Polygon","coordinates":[[[4814,7685],[4810,7431],[4828,7028],[4599,7027],[4608,6808],[4501,6808],[3941,6817],[3810,6818],[3702,6821],[3696,7062],[3681,7601],[3679,7657],[3678,7706],[4088,7695],[4814,7685]]]}},{"type":"Feature","id":"US.OH.093","properties":{"hc-group":"admin2","hc-middle-x":0.41,"hc-middle-y":0.43,"hc-key":"us-oh-093","hc-a2":"LO","fips":"39093","name":"Lorain"},"geometry":{"type":"Polygon","coordinates":[[[4828,7028],[4810,7431],[4814,7685],[4806,7921],[4800,8155],[5020,8188],[5196,8288],[5496,8374],[5661,8361],[5657,7893],[5871,7893],[5870,7664],[5655,7662],[5654,7436],[5429,7435],[5426,7244],[5208,7245],[5205,7023],[4913,7028],[4828,7028]]]}},{"type":"Feature","id":"US.OH.145","properties":{"hc-group":"admin2","hc-middle-x":0.48,"hc-middle-y":0.45,"hc-key":"us-oh-145","hc-a2":"SC","fips":"39145","name":"Scioto"},"geometry":{"type":"Polygon","coordinates":[[[4070,36],[3993,42],[3966,-176],[3831,-169],[3825,-275],[3886,-419],[3706,-498],[3644,-444],[3562,-124],[3580,-25],[3526,63],[3326,-27],[3200,-28],[3124,-137],[3007,-189],[2952,-309],[2794,-354],[2691,-317],[2637,-347],[2642,439],[2640,852],[2771,779],[2777,683],[3277,668],[3731,641],[3858,632],[3840,359],[4101,341],[4101,341],[4070,36]]]}},{"type":"Feature","id":"US.OH.087","properties":{"hc-group":"admin2","hc-middle-x":0.58,"hc-middle-y":0.61,"hc-key":"us-oh-087","hc-a2":"LA","fips":"39087","name":"Lawrence"},"geometry":{"type":"Polygon","coordinates":[[[4070,36],[4101,341],[4101,341],[4160,336],[4276,327],[4260,130],[4494,109],[4533,16],[4520,-163],[4799,-181],[4783,-455],[4959,-462],[4921,-715],[4873,-865],[4681,-896],[4435,-981],[4285,-999],[4233,-949],[4192,-797],[4063,-695],[3920,-536],[3772,-531],[3706,-498],[3886,-419],[3825,-275],[3831,-169],[3966,-176],[3993,42],[4070,36]]]}},{"type":"Feature","id":"US.OH.015","properties":{"hc-group":"admin2","hc-middle-x":0.50,"hc-middle-y":0.59,"hc-key":"us-oh-015","hc-a2":"BR","fips":"39015","name":"Brown"},"geometry":{"type":"Polygon","coordinates":[[[1608,-153],[1602,-271],[1449,-220],[1417,-97],[1285,-18],[1259,72],[966,184],[787,138],[918,1221],[953,1593],[1053,1584],[1251,1568],[1225,886],[1694,876],[1694,876],[1608,-153]]]}},{"type":"Feature","id":"US.OH.001","properties":{"hc-group":"admin2","hc-middle-x":0.51,"hc-middle-y":0.46,"hc-key":"us-oh-001","hc-a2":"AD","fips":"39001","name":"Adams"},"geometry":{"type":"Polygon","coordinates":[[[1608,-153],[1694,876],[1694,876],[1838,870],[2371,973],[2538,963],[2640,852],[2642,439],[2637,-347],[2588,-407],[2517,-370],[2496,-287],[2378,-214],[2165,-170],[2041,-86],[1826,-139],[1770,-181],[1745,-283],[1688,-312],[1602,-271],[1608,-153]]]}},{"type":"Feature","id":"US.OH.049","properties":{"hc-group":"admin2","hc-middle-x":0.48,"hc-middle-y":0.50,"hc-key":"us-oh-049","hc-a2":"FR","fips":"39049","name":"Franklin"},"geometry":{"type":"Polygon","coordinates":[[[3700,3196],[3204,3230],[2725,3255],[2708,3571],[2770,3616],[2714,3731],[2707,3969],[2804,3965],[2819,4145],[2902,4142],[2904,4251],[3283,4228],[3849,4194],[3819,3742],[3799,3632],[3733,3637],[3771,3545],[3751,3280],[3700,3196]]]}},{"type":"Feature","id":"US.OH.067","properties":{"hc-group":"admin2","hc-middle-x":0.50,"hc-middle-y":0.50,"hc-key":"us-oh-067","hc-a2":"HA","fips":"39067","name":"Harrison"},"geometry":{"type":"Polygon","coordinates":[[[8211,4993],[8197,4329],[8197,4329],[7667,4345],[7403,4348],[7140,4350],[7142,4477],[7146,4749],[7283,4748],[7290,5141],[7682,5138],[8047,5126],[8047,5126],[8223,5124],[8211,4993]]]}},{"type":"Feature","id":"US.OH.013","properties":{"hc-group":"admin2","hc-middle-x":0.42,"hc-middle-y":0.50,"hc-key":"us-oh-013","hc-a2":"BE","fips":"39013","name":"Belmont"},"geometry":{"type":"Polygon","coordinates":[[[8197,4329],[8468,4321],[8613,4330],[8594,4148],[8535,4080],[8550,3955],[8539,3766],[8487,3714],[8497,3578],[8414,3610],[8382,3567],[8423,3441],[8358,3398],[7646,3431],[7390,3436],[7391,3581],[7394,3687],[7398,3962],[7403,4348],[7667,4345],[8197,4329],[8197,4329]]]}},{"type":"Feature","id":"US.OH.081","properties":{"hc-group":"admin2","hc-middle-x":0.52,"hc-middle-y":0.50,"hc-key":"us-oh-081","hc-a2":"JE","fips":"39081","name":"Jefferson"},"geometry":{"type":"Polygon","coordinates":[[[8197,4329],[8211,4993],[8223,5124],[8047,5126],[8047,5126],[8048,5258],[8084,5258],[8088,5524],[8220,5524],[8221,5657],[8485,5654],[8485,5613],[8668,5615],[8764,5476],[8844,5283],[8768,5051],[8821,4975],[8842,4819],[8793,4649],[8705,4551],[8661,4417],[8613,4330],[8468,4321],[8197,4329]]]}},{"type":"Feature","id":"US.OH.105","properties":{"hc-group":"admin2","hc-middle-x":0.50,"hc-middle-y":0.30,"hc-key":"us-oh-105","hc-a2":"ME","fips":"39105","name":"Meigs"},"geometry":{"type":"Polygon","coordinates":[[[4872,880],[4909,1417],[4998,1412],[5444,1383],[6202,1348],[6236,1156],[6225,1092],[6156,1039],[6069,1043],[6094,947],[6186,852],[6147,697],[6208,603],[6166,571],[6071,640],[6000,587],[5967,470],[5850,434],[5807,503],[5867,613],[5790,763],[5677,783],[5618,888],[5543,871],[5510,781],[5400,673],[5407,807],[4869,836],[4872,880]]]}},{"type":"Feature","id":"US.OH.163","properties":{"hc-group":"admin2","hc-middle-x":0.50,"hc-middle-y":0.34,"hc-key":"us-oh-163","hc-a2":"VI","fips":"39163","name":"Vinton"},"geometry":{"type":"Polygon","coordinates":[[[4998,1412],[4909,1417],[4872,880],[4749,891],[4607,902],[4632,1213],[4360,1232],[4370,1342],[4099,1368],[4103,1407],[3838,1425],[3838,1425],[3848,1560],[3873,1908],[4137,1887],[4140,1931],[4414,1911],[4421,1990],[4947,1956],[4927,1687],[5017,1681],[4998,1412]]]}},{"type":"Feature","id":"US.OH.079","properties":{"hc-group":"admin2","hc-middle-x":0.50,"hc-middle-y":0.51,"hc-key":"us-oh-079","hc-a2":"JA","fips":"39079","name":"Jackson"},"geometry":{"type":"Polygon","coordinates":[[[4103,1407],[4099,1368],[4370,1342],[4360,1232],[4632,1213],[4607,902],[4561,327],[4279,354],[4276,327],[4160,336],[4101,341],[4101,341],[3840,359],[3858,632],[3731,641],[3750,905],[3783,1307],[3828,1303],[3838,1425],[3838,1425],[4103,1407]]]}},{"type":"Feature","id":"US.OH.009","properties":{"hc-group":"admin2","hc-middle-x":0.39,"hc-middle-y":0.61,"hc-key":"us-oh-009","hc-a2":"AT","fips":"39009","name":"Athens"},"geometry":{"type":"Polygon","coordinates":[[[4998,1412],[5017,1681],[4927,1687],[4947,1956],[4968,2224],[5233,2205],[5251,2477],[5342,2471],[5512,2461],[5494,2187],[5987,2160],[5970,1762],[6057,1714],[6053,1625],[6280,1618],[6272,1456],[6239,1377],[6202,1348],[5444,1383],[4998,1412]]]}},{"type":"Feature","id":"US.OH.059","properties":{"hc-group":"admin2","hc-middle-x":0.50,"hc-middle-y":0.43,"hc-key":"us-oh-059","hc-a2":"GU","fips":"39059","name":"Guernsey"},"geometry":{"type":"Polygon","coordinates":[[[7142,4477],[7140,4350],[7403,4348],[7398,3962],[7394,3687],[7041,3681],[7040,3592],[6864,3597],[6862,3509],[6596,3516],[6594,3339],[6329,3347],[6333,3613],[6246,3615],[6269,4280],[6374,4278],[6380,4493],[6483,4491],[6768,4485],[7142,4477]]]}},{"type":"Feature","id":"US.OH.031","properties":{"hc-group":"admin2","hc-middle-x":0.50,"hc-middle-y":0.50,"hc-key":"us-oh-031","hc-a2":"CO","fips":"39031","name":"Coshocton"},"geometry":{"type":"Polygon","coordinates":[[[6483,4491],[6380,4493],[6374,4278],[6269,4280],[5397,4306],[5179,4318],[5188,4534],[5158,4536],[5177,5031],[5182,5191],[5409,5182],[6277,5163],[6272,4940],[6494,4934],[6483,4491]]]}},{"type":"Feature","id":"US.OH.129","properties":{"hc-group":"admin2","hc-middle-x":0.41,"hc-middle-y":0.49,"hc-key":"us-oh-129","hc-a2":"PI","fips":"39129","name":"Pickaway"},"geometry":{"type":"Polygon","coordinates":[[[3892,2210],[3290,2248],[3322,2328],[2663,2362],[2672,2472],[2701,2902],[2719,3166],[2725,3255],[3204,3230],[3700,3196],[3700,3196],[3654,2492],[3914,2470],[3894,2235],[3892,2210],[3892,2210],[3892,2210],[3892,2210],[3892,2210]]]}},{"type":"Feature","id":"US.OH.097","properties":{"hc-group":"admin2","hc-middle-x":0.57,"hc-middle-y":0.48,"hc-key":"us-oh-097","hc-a2":"MA","fips":"39097","name":"Madison"},"geometry":{"type":"Polygon","coordinates":[[[2725,3255],[2719,3166],[2701,2902],[2217,2936],[1768,2977],[1780,3110],[1785,3146],[1922,3131],[2112,3857],[2098,3858],[2124,4089],[2130,4163],[2652,4151],[2819,4145],[2804,3965],[2707,3969],[2714,3731],[2770,3616],[2708,3571],[2725,3255]]]}},{"type":"Feature","id":"US.OH.045","properties":{"hc-group":"admin2","hc-middle-x":0.42,"hc-middle-y":0.51,"hc-key":"us-oh-045","hc-a2":"FA","fips":"39045","name":"Fairfield"},"geometry":{"type":"Polygon","coordinates":[[[3700,3196],[3751,3280],[3771,3545],[3733,3637],[3799,3632],[4517,3587],[4541,3603],[4519,3322],[4695,3310],[4678,3043],[4767,3037],[4747,2772],[4477,2793],[4464,2615],[4181,2633],[4174,2498],[3917,2514],[3914,2470],[3654,2492],[3700,3196],[3700,3196]]]}},{"type":"Feature","id":"US.OH.047","properties":{"hc-group":"admin2","hc-middle-x":0.49,"hc-middle-y":0.42,"hc-key":"us-oh-047","hc-a2":"FA","fips":"39047","name":"Fayette"},"geometry":{"type":"Polygon","coordinates":[[[2701,2902],[2672,2472],[2663,2362],[2514,2116],[2411,1945],[2071,1951],[1901,1955],[1941,2455],[1722,2475],[1745,2740],[1768,2977],[2217,2936],[2701,2902]]]}},{"type":"Feature","id":"US.OH.141","properties":{"hc-group":"admin2","hc-middle-x":0.50,"hc-middle-y":0.49,"hc-key":"us-oh-141","hc-a2":"RO","fips":"39141","name":"Ross"},"geometry":{"type":"MultiPolygon","coordinates":[[[[2411,1945],[2514,2116],[2663,2362],[3322,2328],[3290,2248],[3892,2210],[3892,2210],[3892,2210],[3889,2163],[3873,1908],[3848,1560],[3838,1425],[3838,1425],[3828,1303],[3783,1307],[2598,1394],[2451,1402],[2473,1562],[2432,1532],[2359,1613],[2411,1945]]],[[[3892,2210],[3892,2210],[3892,2210],[3892,2210],[3892,2210],[3892,2210]]]]}},{"type":"Feature","id":"US.OH.071","properties":{"hc-group":"admin2","hc-middle-x":0.50,"hc-middle-y":0.50,"hc-key":"us-oh-071","hc-a2":"HI","fips":"39071","name":"Highland"},"geometry":{"type":"Polygon","coordinates":[[[1901,1955],[2071,1951],[2411,1945],[2359,1613],[2432,1532],[2473,1562],[2451,1402],[2415,1200],[2371,973],[1838,870],[1694,876],[1694,876],[1225,886],[1251,1568],[1385,1497],[1442,1612],[1901,1955]]]}},{"type":"Feature","id":"US.OH.101","properties":{"hc-group":"admin2","hc-middle-x":0.42,"hc-middle-y":0.50,"hc-key":"us-oh-101","hc-a2":"MA","fips":"39101","name":"Marion"},"geometry":{"type":"Polygon","coordinates":[[[2340,5348],[2339,5644],[2343,5896],[2607,5894],[2608,5939],[3051,5938],[3367,5938],[3632,5942],[3628,5765],[3403,5762],[3399,5296],[3265,5278],[3254,5125],[2922,5143],[2730,5160],[2732,5350],[2340,5348]]]}},{"type":"Feature","id":"US.OH.065","properties":{"hc-group":"admin2","hc-middle-x":0.51,"hc-middle-y":0.50,"hc-key":"us-oh-065","hc-a2":"HA","fips":"39065","name":"Hardin"},"geometry":{"type":"Polygon","coordinates":[[[2343,5896],[2339,5644],[2340,5348],[2146,5347],[2106,5347],[2106,5347],[2106,5363],[1279,5443],[1279,5463],[1281,5652],[1284,5783],[1289,6037],[1292,6311],[1876,6301],[2127,6295],[2172,6294],[2169,5943],[2296,5943],[2343,5896]]]}},{"type":"Feature","id":"US.OH.149","properties":{"hc-group":"admin2","hc-middle-x":0.60,"hc-middle-y":0.49,"hc-key":"us-oh-149","hc-a2":"SH","fips":"39149","name":"Shelby"},"geometry":{"type":"Polygon","coordinates":[[[995,5300],[983,4787],[955,4668],[938,4475],[932,4399],[932,4399],[478,4442],[480,4456],[-15,4457],[-14,4633],[-9,4931],[-2,4931],[-9,4932],[-6,5004],[214,5002],[219,5310],[995,5300]]]}},{"type":"Feature","id":"US.OH.091","properties":{"hc-group":"admin2","hc-middle-x":0.49,"hc-middle-y":0.49,"hc-key":"us-oh-091","hc-a2":"LO","fips":"39091","name":"Logan"},"geometry":{"type":"Polygon","coordinates":[[[955,4668],[983,4787],[995,5300],[1017,5457],[1279,5463],[1279,5443],[2106,5363],[2106,5347],[2106,5347],[2102,5313],[2024,4520],[1484,4575],[1487,4619],[955,4668]]]}},{"type":"Feature","id":"US.OH.161","properties":{"hc-group":"admin2","hc-middle-x":0.50,"hc-middle-y":0.39,"hc-key":"us-oh-161","hc-a2":"VW","fips":"39161","name":"Van Wert"},"geometry":{"type":"Polygon","coordinates":[[[114,6848],[110,6585],[242,6583],[240,6449],[238,6320],[107,6322],[100,5927],[62,5927],[-37,5929],[-34,6060],[-828,6079],[-818,6452],[-809,6867],[-441,6858],[114,6848]]]}},{"type":"Feature","id":"US.OH.137","properties":{"hc-group":"admin2","hc-middle-x":0.50,"hc-middle-y":0.50,"hc-key":"us-oh-137","hc-a2":"PU","fips":"39137","name":"Putnam"},"geometry":{"type":"Polygon","coordinates":[[[240,6449],[242,6583],[110,6585],[114,6848],[245,6846],[257,7373],[326,7372],[515,7369],[1081,7362],[1307,7361],[1304,7164],[1296,6615],[1034,6617],[1033,6573],[771,6576],[769,6444],[240,6449]]]}},{"type":"Feature","id":"US.OH.133","properties":{"hc-group":"admin2","hc-middle-x":0.50,"hc-middle-y":0.50,"hc-key":"us-oh-133","hc-a2":"PO","fips":"39133","name":"Portage"},"geometry":{"type":"Polygon","coordinates":[[[7857,7908],[7867,7439],[7871,7264],[7880,6822],[7686,6820],[7122,6813],[6985,6811],[6981,7253],[6974,7896],[7186,7896],[7857,7908]]]}},{"type":"Feature","id":"US.OH.155","properties":{"hc-group":"admin2","hc-middle-x":0.50,"hc-middle-y":0.50,"hc-key":"us-oh-155","hc-a2":"TR","fips":"39155","name":"Trumbull"},"geometry":{"type":"Polygon","coordinates":[[[7871,7264],[7867,7439],[7857,7908],[7855,8077],[7850,8372],[8616,8380],[8947,8389],[8954,8101],[8973,7283],[8110,7269],[7871,7264]]]}},{"type":"Feature","id":"US.OH.055","properties":{"hc-group":"admin2","hc-middle-x":0.50,"hc-middle-y":0.59,"hc-key":"us-oh-055","hc-a2":"GE","fips":"39055","name":"Geauga"},"geometry":{"type":"Polygon","coordinates":[[[7850,8372],[7855,8077],[7857,7908],[7186,7896],[6974,7896],[6971,8126],[6967,8564],[7183,8568],[7183,8782],[7620,8790],[7615,9010],[7837,9016],[7847,8559],[7850,8372]]]}},{"type":"Feature","id":"US.OH.007","properties":{"hc-group":"admin2","hc-middle-x":0.50,"hc-middle-y":0.57,"hc-key":"us-oh-007","hc-a2":"AS","fips":"39007","name":"Ashtabula"},"geometry":{"type":"Polygon","coordinates":[[[7850,8372],[7847,8559],[7837,9016],[7837,9121],[7834,9419],[8072,9496],[8131,9559],[8259,9587],[8330,9641],[8913,9851],[8947,8389],[8616,8380],[7850,8372]]]}},{"type":"Feature","id":"US.OH.143","properties":{"hc-group":"admin2","hc-middle-x":0.50,"hc-middle-y":0.64,"hc-key":"us-oh-143","hc-a2":"SA","fips":"39143","name":"Sandusky"},"geometry":{"type":"Polygon","coordinates":[[[3337,8214],[3366,8171],[3428,8190],[3426,8130],[3665,8129],[3678,7706],[3679,7657],[3681,7601],[3681,7601],[3017,7608],[2749,7600],[2361,7607],[2361,7607],[2361,7615],[2361,7623],[2362,7637],[2370,7882],[2372,8002],[2377,8143],[2380,8350],[2552,8351],[2553,8219],[3337,8214]]]}},{"type":"Feature","id":"US.OH.147","properties":{"hc-group":"admin2","hc-middle-x":0.50,"hc-middle-y":0.50,"hc-key":"us-oh-147","hc-a2":"SE","fips":"39147","name":"Seneca"},"geometry":{"type":"Polygon","coordinates":[[[2354,7275],[2355,7344],[2355,7344],[2355,7344],[2360,7564],[2361,7607],[2361,7607],[2749,7600],[3017,7608],[3681,7601],[3696,7062],[3702,6821],[3648,6812],[3054,6815],[2713,6816],[2351,6816],[2354,7275]]]}},{"type":"Feature","id":"US.OH.165","properties":{"hc-group":"admin2","hc-middle-x":0.46,"hc-middle-y":0.49,"hc-key":"us-oh-165","hc-a2":"WA","fips":"39165","name":"Warren"},"geometry":{"type":"Polygon","coordinates":[[[323,1708],[110,1724],[110,1724],[159,2217],[176,2497],[100,2484],[101,2621],[288,2616],[687,2575],[962,2548],[1006,2543],[958,1996],[921,1596],[857,1602],[329,1655],[323,1708]]]}},{"type":"Feature","id":"US.OH.017","properties":{"hc-group":"admin2","hc-middle-x":0.50,"hc-middle-y":0.48,"hc-key":"us-oh-017","hc-a2":"BU","fips":"39017","name":"Butler"},"geometry":{"type":"Polygon","coordinates":[[[-164,2632],[-153,2629],[101,2621],[100,2484],[176,2497],[159,2217],[110,1724],[-244,1773],[-538,1799],[-565,1778],[-981,1789],[-971,2036],[-950,2581],[-165,2565],[-164,2632]]]}},{"type":"Feature","id":"US.OH.113","properties":{"hc-group":"admin2","hc-middle-x":0.48,"hc-middle-y":0.49,"hc-key":"us-oh-113","hc-a2":"MO","fips":"39113","name":"Montgomery"},"geometry":{"type":"Polygon","coordinates":[[[101,2621],[-153,2629],[-164,2632],[-161,2973],[-156,3620],[-79,3620],[-18,3620],[605,3617],[604,3505],[850,3483],[850,3482],[847,3442],[842,3394],[751,3359],[687,2575],[288,2616],[101,2621]]]}},{"type":"Feature","id":"US.OH.033","properties":{"hc-group":"admin2","hc-middle-x":0.50,"hc-middle-y":0.50,"hc-key":"us-oh-033","hc-a2":"CR","fips":"39033","name":"Crawford"},"geometry":{"type":"Polygon","coordinates":[[[3702,6821],[3810,6818],[3941,6817],[3942,6621],[3933,5959],[3633,5964],[3632,5942],[3367,5938],[3051,5938],[3053,6422],[3054,6815],[3648,6812],[3702,6821]]]}},{"type":"Feature","id":"US.OH.061","properties":{"hc-group":"admin2","hc-middle-x":0.49,"hc-middle-y":0.42,"hc-key":"us-oh-061","hc-a2":"HA","fips":"39061","name":"Hamilton"},"geometry":{"type":"Polygon","coordinates":[[[110,1724],[323,1708],[329,1655],[192,1525],[285,1454],[229,1364],[171,906],[77,968],[-86,1024],[-95,1151],[-149,1214],[-262,1138],[-373,1150],[-426,1099],[-540,1081],[-692,1172],[-757,1275],[-832,1310],[-914,1222],[-999,1187],[-981,1789],[-565,1778],[-538,1799],[-244,1773],[110,1724]]]}},{"type":"Feature","id":"US.OH.073","properties":{"hc-group":"admin2","hc-middle-x":0.51,"hc-middle-y":0.52,"hc-key":"us-oh-073","hc-a2":"HO","fips":"39073","name":"Hocking"},"geometry":{"type":"Polygon","coordinates":[[[3892,2210],[3892,2210],[3894,2235],[3914,2470],[3917,2514],[4174,2498],[4181,2633],[4464,2615],[4477,2793],[4747,2772],[4735,2597],[5011,2579],[5007,2493],[5251,2477],[5233,2205],[4968,2224],[4947,1956],[4421,1990],[4414,1911],[4140,1931],[4137,1887],[3873,1908],[3889,2163],[3892,2210],[3892,2210],[3892,2210],[3892,2210]]]}},{"type":"Feature","id":"US.OH.037","properties":{"hc-group":"admin2","hc-middle-x":0.51,"hc-middle-y":0.50,"hc-key":"us-oh-037","hc-a2":"DA","fips":"39037","name":"Darke"},"geometry":{"type":"Polygon","coordinates":[[[-18,3620],[-79,3620],[-156,3620],[-479,3621],[-916,3634],[-864,4819],[-861,4948],[-390,4933],[-9,4931],[-14,4633],[-15,4457],[-16,3774],[-18,3620]]]}},{"type":"Feature","id":"US.OH.019","properties":{"hc-group":"admin2","hc-middle-x":0.50,"hc-middle-y":0.49,"hc-key":"us-oh-019","hc-a2":"CA","fips":"39019","name":"Carroll"},"geometry":{"type":"Polygon","coordinates":[[[7347,5796],[7353,6017],[7441,6035],[7697,6035],[8087,6039],[8089,5787],[8221,5787],[8221,5657],[8220,5524],[8088,5524],[8084,5258],[8048,5258],[8047,5126],[8047,5126],[7682,5138],[7290,5141],[7296,5538],[7165,5541],[7171,5797],[7171,5797],[7347,5796]]]}},{"type":"Feature","id":"US.OH.151","properties":{"hc-group":"admin2","hc-middle-x":0.45,"hc-middle-y":0.52,"hc-key":"us-oh-151","hc-a2":"ST","fips":"39151","name":"Stark"},"geometry":{"type":"Polygon","coordinates":[[[7347,5796],[7171,5797],[7171,5797],[6781,5795],[6410,5738],[6407,5799],[6407,5838],[6409,6082],[6405,6580],[6926,6563],[6932,6810],[6985,6811],[7122,6813],[7686,6820],[7688,6633],[7690,6559],[7696,6100],[7697,6035],[7441,6035],[7353,6017],[7347,5796]]]}},{"type":"Feature","id":"US.OH.075","properties":{"hc-group":"admin2","hc-middle-x":0.50,"hc-middle-y":0.50,"hc-key":"us-oh-075","hc-a2":"HO","fips":"39075","name":"Holmes"},"geometry":{"type":"Polygon","coordinates":[[[6407,5838],[6407,5799],[6410,5738],[6381,5716],[6368,5161],[6277,5163],[5409,5182],[5182,5191],[5193,5543],[5099,5528],[5096,5828],[5313,5831],[5885,5831],[6407,5838]]]}},{"type":"Feature","id":"US.OH.099","properties":{"hc-group":"admin2","hc-middle-x":0.50,"hc-middle-y":0.50,"hc-key":"us-oh-099","hc-a2":"MA","fips":"39099","name":"Mahoning"},"geometry":{"type":"Polygon","coordinates":[[[7690,6559],[7688,6633],[7686,6820],[7880,6822],[7871,7264],[8110,7269],[8973,7283],[8979,7006],[8988,6580],[8295,6568],[8294,6655],[8125,6653],[8126,6565],[7690,6559]]]}},{"type":"Feature","id":"US.OH.005","properties":{"hc-group":"admin2","hc-middle-x":0.54,"hc-middle-y":0.49,"hc-key":"us-oh-005","hc-a2":"AS","fips":"39005","name":"Ashland"},"geometry":{"type":"Polygon","coordinates":[[[4608,6808],[4599,7027],[4828,7028],[4913,7028],[5205,7023],[5201,6807],[5302,6807],[5313,6488],[5313,5831],[5096,5828],[5099,5528],[5034,5518],[4830,5488],[4824,6006],[4734,6007],[4732,6188],[4646,6316],[4643,6808],[4608,6808]]]}},{"type":"Feature","id":"US.OH.041","properties":{"hc-group":"admin2","hc-middle-x":0.40,"hc-middle-y":0.50,"hc-key":"us-oh-041","hc-a2":"DE","fips":"39041","name":"Delaware"},"geometry":{"type":"Polygon","coordinates":[[[3890,4869],[3881,4742],[3876,4650],[3869,4544],[3849,4194],[3283,4228],[2904,4251],[2901,4556],[2725,4558],[2730,5160],[2922,5143],[3254,5125],[3251,5080],[3475,5067],[3464,4896],[3890,4869]]]}},{"type":"Feature","id":"US.OH.083","properties":{"hc-group":"admin2","hc-middle-x":0.59,"hc-middle-y":0.49,"hc-key":"us-oh-083","hc-a2":"KN","fips":"39083","name":"Knox"},"geometry":{"type":"Polygon","coordinates":[[[3876,4650],[3881,4742],[3890,4869],[4117,4854],[4148,5391],[4170,5472],[4743,5475],[4830,5488],[5034,5518],[5099,5528],[5193,5543],[5182,5191],[5177,5031],[5158,4536],[4810,4538],[4507,4555],[4510,4612],[3876,4650]]]}},{"type":"Feature","id":"US.OH.011","properties":{"hc-group":"admin2","hc-middle-x":0.35,"hc-middle-y":0.32,"hc-key":"us-oh-011","hc-a2":"AU","fips":"39011","name":"Auglaize"},"geometry":{"type":"Polygon","coordinates":[[[-37,5929],[62,5927],[100,5927],[499,5921],[498,5834],[761,5832],[761,5787],[1284,5783],[1281,5652],[1279,5463],[1017,5457],[995,5300],[219,5310],[214,5002],[-6,5004],[-9,4932],[-57,4945],[-37,5929]]]}},{"type":"Feature","id":"US.OH.089","properties":{"hc-group":"admin2","hc-middle-x":0.51,"hc-middle-y":0.50,"hc-key":"us-oh-089","hc-a2":"LI","fips":"39089","name":"Licking"},"geometry":{"type":"Polygon","coordinates":[[[3799,3632],[3819,3742],[3849,4194],[3869,4544],[3876,4650],[4510,4612],[4507,4555],[4810,4538],[5158,4536],[5188,4534],[5179,4318],[5154,3664],[5078,3667],[5073,3552],[4644,3579],[4541,3603],[4517,3587],[3799,3632]]]}},{"type":"Feature","id":"US.OH.095","properties":{"hc-group":"admin2","hc-middle-x":0.22,"hc-middle-y":0.40,"hc-key":"us-oh-095","hc-a2":"LU","fips":"39095","name":"Lucas"},"geometry":{"type":"Polygon","coordinates":[[[1314,8105],[1317,8281],[1318,8325],[1325,8717],[1335,9027],[2274,9051],[2287,9018],[2461,8961],[2613,8977],[2829,8786],[2959,8729],[2951,8716],[2381,8708],[2033,8706],[1934,8568],[1780,8498],[1713,8425],[1705,8336],[1546,8207],[1314,8105]]]}},{"type":"Feature","id":"US.OH.069","properties":{"hc-group":"admin2","hc-middle-x":0.62,"hc-middle-y":0.50,"hc-key":"us-oh-069","hc-a2":"HE","fips":"39069","name":"Henry"},"geometry":{"type":"Polygon","coordinates":[[[1318,8325],[1317,8281],[1314,8105],[1310,7897],[1307,7361],[1081,7362],[515,7369],[531,8159],[273,8164],[274,8208],[277,8338],[923,8328],[1318,8325]]]}},{"type":"Feature","id":"US.OH.171","properties":{"hc-group":"admin2","hc-middle-x":0.50,"hc-middle-y":0.49,"hc-key":"us-oh-171","hc-a2":"WI","fips":"39171","name":"Williams"},"geometry":{"type":"Polygon","coordinates":[[[277,8338],[274,8208],[273,8164],[-499,8179],[-776,8184],[-759,8999],[160,9006],[157,8738],[196,8736],[190,8426],[278,8425],[277,8338]]]}},{"type":"Feature","id":"US.OH.157","properties":{"hc-group":"admin2","hc-middle-x":0.60,"hc-middle-y":0.50,"hc-key":"us-oh-157","hc-a2":"TU","fips":"39157","name":"Tuscarawas"},"geometry":{"type":"Polygon","coordinates":[[[7171,5797],[7171,5797],[7165,5541],[7296,5538],[7290,5141],[7283,4748],[7146,4749],[7142,4477],[6768,4485],[6483,4491],[6494,4934],[6272,4940],[6277,5163],[6368,5161],[6381,5716],[6410,5738],[6781,5795],[7171,5797]]]}},{"type":"Feature","id":"US.OH.127","properties":{"hc-group":"admin2","hc-middle-x":0.57,"hc-middle-y":0.60,"hc-key":"us-oh-127","hc-a2":"PE","fips":"39127","name":"Perry"},"geometry":{"type":"Polygon","coordinates":[[[5512,2461],[5342,2471],[5251,2477],[5007,2493],[5011,2579],[4735,2597],[4747,2772],[4767,3037],[4678,3043],[4695,3310],[4519,3322],[4541,3603],[4644,3579],[5073,3552],[5239,3541],[5222,3274],[5448,3261],[5440,3125],[5433,2994],[5563,2986],[5530,2459],[5512,2461]]]}},{"type":"Feature","id":"US.OH.131","properties":{"hc-group":"admin2","hc-middle-x":0.49,"hc-middle-y":0.51,"hc-key":"us-oh-131","hc-a2":"PI","fips":"39131","name":"Pike"},"geometry":{"type":"Polygon","coordinates":[[[2371,973],[2415,1200],[2451,1402],[2598,1394],[3783,1307],[3750,905],[3731,641],[3277,668],[2777,683],[2771,779],[2640,852],[2538,963],[2371,973]]]}},{"type":"Feature","id":"US.OH.025","properties":{"hc-group":"admin2","hc-middle-x":0.44,"hc-middle-y":0.43,"hc-key":"us-oh-025","hc-a2":"CL","fips":"39025","name":"Clermont"},"geometry":{"type":"Polygon","coordinates":[[[921,1596],[927,1596],[953,1593],[918,1221],[787,138],[744,137],[410,250],[370,316],[366,509],[246,696],[171,906],[229,1364],[285,1454],[192,1525],[329,1655],[857,1602],[921,1596]]]}},{"type":"Feature","id":"US.OH.027","properties":{"hc-group":"admin2","hc-middle-x":0.40,"hc-middle-y":0.51,"hc-key":"us-oh-027","hc-a2":"CL","fips":"39027","name":"Clinton"},"geometry":{"type":"Polygon","coordinates":[[[953,1593],[927,1596],[921,1596],[958,1996],[1006,2543],[1282,2516],[1722,2475],[1941,2455],[1901,1955],[1442,1612],[1385,1497],[1251,1568],[1053,1584],[953,1593]]]}},{"type":"Feature","id":"US.OH.159","properties":{"hc-group":"admin2","hc-middle-x":0.51,"hc-middle-y":0.66,"hc-key":"us-oh-159","hc-a2":"UN","fips":"39159","name":"Union"},"geometry":{"type":"Polygon","coordinates":[[[2106,5347],[2146,5347],[2340,5348],[2732,5350],[2730,5160],[2725,4558],[2901,4556],[2904,4251],[2902,4142],[2819,4145],[2652,4151],[2130,4163],[2155,4506],[2024,4520],[2102,5313],[2106,5347],[2106,5347]]]}},{"type":"Feature","id":"US.OH.021","properties":{"hc-group":"admin2","hc-middle-x":0.50,"hc-middle-y":0.50,"hc-key":"us-oh-021","hc-a2":"CH","fips":"39021","name":"Champaign"},"geometry":{"type":"Polygon","coordinates":[[[932,4399],[938,4475],[955,4668],[1487,4619],[1484,4575],[2024,4520],[2155,4506],[2130,4163],[2124,4089],[2098,3858],[1464,3915],[894,3966],[894,3966],[897,4006],[899,4025],[912,4180],[918,4249],[923,4311],[932,4399],[932,4399]]]}},{"type":"Feature","id":"US.OH.109","properties":{"hc-group":"admin2","hc-middle-x":0.46,"hc-middle-y":0.48,"hc-key":"us-oh-109","hc-a2":"MI","fips":"39109","name":"Miami"},"geometry":{"type":"Polygon","coordinates":[[[894,3966],[868,3678],[850,3482],[850,3483],[604,3505],[605,3617],[-18,3620],[-16,3774],[-15,4457],[480,4456],[478,4442],[932,4399],[932,4399],[923,4311],[894,3966],[894,3966]]]}},{"type":"Feature","id":"US.OH.003","properties":{"hc-group":"admin2","hc-middle-x":0.58,"hc-middle-y":0.62,"hc-key":"us-oh-003","hc-a2":"AL","fips":"39003","name":"Allen"},"geometry":{"type":"Polygon","coordinates":[[[1296,6615],[1293,6375],[1292,6311],[1289,6037],[1284,5783],[761,5787],[761,5832],[498,5834],[499,5921],[100,5927],[107,6322],[238,6320],[240,6449],[769,6444],[771,6576],[1033,6573],[1034,6617],[1296,6615]]]}},{"type":"Feature","id":"US.OH.023","properties":{"hc-group":"admin2","hc-middle-x":0.49,"hc-middle-y":0.50,"hc-key":"us-oh-023","hc-a2":"CL","fips":"39023","name":"Clark"},"geometry":{"type":"Polygon","coordinates":[[[842,3394],[847,3442],[850,3482],[850,3483],[868,3678],[894,3966],[894,3966],[1464,3915],[2098,3858],[2112,3857],[1922,3131],[1785,3146],[1571,3174],[1567,3197],[1361,3227],[1367,3302],[1103,3325],[1107,3370],[842,3394]]]}},{"type":"Feature","id":"US.OH.107","properties":{"hc-group":"admin2","hc-middle-x":0.51,"hc-middle-y":0.50,"hc-key":"us-oh-107","hc-a2":"ME","fips":"39107","name":"Mercer"},"geometry":{"type":"Polygon","coordinates":[[[-9,4932],[-2,4931],[-9,4931],[-390,4933],[-861,4948],[-841,5609],[-828,6079],[-34,6060],[-37,5929],[-57,4945],[-9,4932]]]}},{"type":"Feature","id":"US.OH.053","properties":{"hc-group":"admin2","hc-middle-x":0.49,"hc-middle-y":0.49,"hc-key":"us-oh-053","hc-a2":"GA","fips":"39053","name":"Gallia"},"geometry":{"type":"Polygon","coordinates":[[[4607,902],[4749,891],[4872,880],[4869,836],[5407,807],[5400,673],[5296,490],[5295,321],[5113,155],[5164,70],[5205,-91],[5186,-167],[5231,-332],[5210,-410],[5121,-435],[5053,-414],[4959,-462],[4783,-455],[4799,-181],[4520,-163],[4533,16],[4494,109],[4260,130],[4276,327],[4279,354],[4561,327],[4607,902]]]}},{"type":"Feature","id":"US.OH.117","properties":{"hc-group":"admin2","hc-middle-x":0.51,"hc-middle-y":0.48,"hc-key":"us-oh-117","hc-a2":"MO","fips":"39117","name":"Morrow"},"geometry":{"type":"Polygon","coordinates":[[[3890,4869],[3464,4896],[3475,5067],[3251,5080],[3254,5125],[3265,5278],[3399,5296],[3403,5762],[3628,5765],[3632,5942],[3633,5964],[3933,5959],[4163,5953],[4170,5472],[4148,5391],[4117,4854],[3890,4869]]]}},{"type":"Feature","id":"US.OH.111","properties":{"hc-group":"admin2","hc-middle-x":0.49,"hc-middle-y":0.40,"hc-key":"us-oh-111","hc-a2":"MO","fips":"39111","name":"Monroe"},"geometry":{"type":"Polygon","coordinates":[[[8358,3398],[8350,3243],[8249,3134],[8337,3008],[8264,2903],[8233,2704],[8086,2660],[7868,2454],[7871,2551],[7380,2564],[7295,2644],[7296,2949],[7206,2949],[7213,3438],[7390,3436],[7646,3431],[8358,3398]]]}},{"type":"Feature","id":"US.OH.135","properties":{"hc-group":"admin2","hc-middle-x":0.51,"hc-middle-y":0.50,"hc-key":"us-oh-135","hc-a2":"PR","fips":"39135","name":"Preble"},"geometry":{"type":"Polygon","coordinates":[[[-164,2632],[-165,2565],[-950,2581],[-928,3323],[-916,3634],[-479,3621],[-156,3620],[-161,2973],[-164,2632]]]}},{"type":"Feature","id":"US.OH.119","properties":{"hc-group":"admin2","hc-middle-x":0.51,"hc-middle-y":0.50,"hc-key":"us-oh-119","hc-a2":"MU","fips":"39119","name":"Muskingum"},"geometry":{"type":"Polygon","coordinates":[[[5073,3552],[5078,3667],[5154,3664],[5179,4318],[5397,4306],[6269,4280],[6246,3615],[6333,3613],[6329,3347],[6325,3216],[6324,3084],[5787,3109],[5440,3125],[5448,3261],[5222,3274],[5239,3541],[5073,3552]]]}},{"type":"Feature","id":"US.OH.139","properties":{"hc-group":"admin2","hc-middle-x":0.50,"hc-middle-y":0.50,"hc-key":"us-oh-139","hc-a2":"RI","fips":"39139","name":"Richland"},"geometry":{"type":"Polygon","coordinates":[[[3933,5959],[3942,6621],[3941,6817],[4501,6808],[4608,6808],[4643,6808],[4646,6316],[4732,6188],[4734,6007],[4824,6006],[4830,5488],[4743,5475],[4170,5472],[4163,5953],[3933,5959]]]}},{"type":"Feature","id":"US.OH.051","properties":{"hc-group":"admin2","hc-middle-x":0.50,"hc-middle-y":0.50,"hc-key":"us-oh-051","hc-a2":"FU","fips":"39051","name":"Fulton"},"geometry":{"type":"Polygon","coordinates":[[[160,9006],[1024,9022],[1335,9027],[1325,8717],[1318,8325],[923,8328],[277,8338],[278,8425],[190,8426],[196,8736],[157,8738],[160,9006]]]}},{"type":"Feature","id":"US.OH.167","properties":{"hc-group":"admin2","hc-middle-x":0.42,"hc-middle-y":0.40,"hc-key":"us-oh-167","hc-a2":"WA","fips":"39167","name":"Washington"},"geometry":{"type":"Polygon","coordinates":[[[7295,2644],[7380,2564],[7871,2551],[7868,2454],[7745,2319],[7679,2203],[7531,2121],[7458,1988],[7338,1982],[7161,1860],[7099,1845],[7041,1885],[7014,1983],[6898,2046],[6663,1830],[6647,1641],[6401,1638],[6339,1578],[6353,1493],[6272,1456],[6280,1618],[6053,1625],[6057,1714],[5970,1762],[5987,2160],[6032,2158],[6037,2293],[6305,2255],[6312,2407],[6272,2408],[6289,2567],[6348,2587],[6583,2578],[6851,2570],[6850,2759],[6989,2714],[7034,2627],[7294,2602],[7295,2644]]]}},{"type":"Feature","id":"US.OH.175","properties":{"hc-group":"admin2","hc-middle-x":0.50,"hc-middle-y":0.50,"hc-key":"us-oh-175","hc-a2":"WY","fips":"39175","name":"Wyandot"},"geometry":{"type":"Polygon","coordinates":[[[2351,6816],[2713,6816],[3054,6815],[3053,6422],[3051,5938],[2608,5939],[2607,5894],[2343,5896],[2296,5943],[2169,5943],[2172,6294],[2127,6295],[2133,6557],[2219,6556],[2221,6686],[2265,6686],[2266,6817],[2351,6816]]]}},{"type":"Feature","id":"US.OH.169","properties":{"hc-group":"admin2","hc-middle-x":0.50,"hc-middle-y":0.50,"hc-key":"us-oh-169","hc-a2":"WA","fips":"39169","name":"Wayne"},"geometry":{"type":"Polygon","coordinates":[[[6407,5838],[5885,5831],[5313,5831],[5313,6488],[5302,6807],[5989,6800],[6310,6804],[6403,6805],[6405,6580],[6409,6082],[6407,5838]]]}},{"type":"Feature","id":"US.OH.115","properties":{"hc-group":"admin2","hc-middle-x":0.49,"hc-middle-y":0.51,"hc-key":"us-oh-115","hc-a2":"MO","fips":"39115","name":"Morgan"},"geometry":{"type":"Polygon","coordinates":[[[5440,3125],[5787,3109],[6324,3084],[6458,3079],[6453,2814],[6586,2811],[6583,2578],[6348,2587],[6289,2567],[6272,2408],[6312,2407],[6305,2255],[6037,2293],[6032,2158],[5987,2160],[5494,2187],[5512,2461],[5530,2459],[5563,2986],[5433,2994],[5440,3125]]]}},{"type":"Feature","id":"US.OH.057","properties":{"hc-group":"admin2","hc-middle-x":0.50,"hc-middle-y":0.50,"hc-key":"us-oh-057","hc-a2":"GR","fips":"39057","name":"Greene"},"geometry":{"type":"Polygon","coordinates":[[[687,2575],[751,3359],[842,3394],[1107,3370],[1103,3325],[1367,3302],[1361,3227],[1567,3197],[1571,3174],[1785,3146],[1780,3110],[1768,2977],[1745,2740],[1722,2475],[1282,2516],[1006,2543],[962,2548],[687,2575]]]}},{"type":"Feature","id":"US.OH.043","properties":{"hc-group":"admin2","hc-middle-x":0.44,"hc-middle-y":0.49,"hc-key":"us-oh-043","hc-a2":"ER","fips":"39043","name":"Erie"},"geometry":{"type":"Polygon","coordinates":[[[4814,7685],[4088,7695],[3678,7706],[3665,8129],[3426,8130],[3428,8190],[3489,8137],[3708,8251],[3802,8267],[3866,8227],[3981,8244],[4098,8200],[4065,8260],[4191,8201],[4349,8071],[4444,8023],[4595,8034],[4800,8155],[4806,7921],[4814,7685]]]}},{"type":"Feature","id":"US.OH.125","properties":{"hc-group":"admin2","hc-middle-x":0.41,"hc-middle-y":0.50,"hc-key":"us-oh-125","hc-a2":"PA","fips":"39125","name":"Paulding"},"geometry":{"type":"Polygon","coordinates":[[[114,6848],[-441,6858],[-809,6867],[-799,7265],[-789,7661],[-1,7644],[-3,7511],[259,7505],[257,7373],[245,6846],[114,6848]]]}},{"type":"Feature","id":"US.OH.029","properties":{"hc-group":"admin2","hc-middle-x":0.57,"hc-middle-y":0.50,"hc-key":"us-oh-029","hc-a2":"CO","fips":"39029","name":"Columbiana"},"geometry":{"type":"Polygon","coordinates":[[[8221,5657],[8221,5787],[8089,5787],[8087,6039],[7697,6035],[7696,6100],[7690,6559],[8126,6565],[8125,6653],[8294,6655],[8295,6568],[8988,6580],[9007,5792],[8859,5719],[8761,5730],[8668,5615],[8485,5613],[8485,5654],[8221,5657]]]}},{"type":"Feature","id":"US.OH.123","properties":{"hc-group":"admin2","hc-middle-x":0.28,"hc-middle-y":0.50,"hc-key":"us-oh-123","hc-a2":"OT","fips":"39123","name":"Ottawa"},"geometry":{"type":"Polygon","coordinates":[[[2381,8708],[2951,8716],[2959,8729],[3106,8704],[3279,8504],[3462,8435],[3583,8450],[3712,8600],[3807,8471],[3977,8469],[4005,8391],[3851,8385],[3725,8326],[3621,8351],[3414,8308],[3368,8246],[3181,8227],[3337,8214],[2553,8219],[2552,8351],[2380,8350],[2381,8394],[2381,8708]]]}},{"type":"Feature","id":"US.OH.121","properties":{"hc-group":"admin2","hc-middle-x":0.54,"hc-middle-y":0.45,"hc-key":"us-oh-121","hc-a2":"NO","fips":"39121","name":"Noble"},"geometry":{"type":"Polygon","coordinates":[[[7390,3436],[7213,3438],[7206,2949],[7296,2949],[7295,2644],[7294,2602],[7034,2627],[6989,2714],[6850,2759],[6851,2570],[6583,2578],[6586,2811],[6453,2814],[6458,3079],[6324,3084],[6325,3216],[6329,3347],[6594,3339],[6596,3516],[6862,3509],[6864,3597],[7040,3592],[7041,3681],[7394,3687],[7391,3581],[7390,3436]]]}}]}