{"title":"Saint Vincent and the Grenadines","version":"1.1.2","type":"FeatureCollection","copyright":"Copyright (c) 2015 Highsoft AS, Based on data from Natural Earth","copyrightShort":"Natural Earth","copyrightUrl":"http://www.naturalearthdata.com","crs":{"type":"name","properties":{"name":"urn:ogc:def:crs:EPSG:32620"}},"hc-transform":{"default":{"crs":"+proj=utm +zone=20 +datum=WGS84 +units=m +no_defs","scale":0.00793555498586,"jsonres":15.5,"jsonmarginX":-999,"jsonmarginY":9851.0,"xoffset":667305.649508,"yoffset":1479971.0782}},
"features":[{"type":"Feature","id":"VC.GT","properties":{"hc-group":"admin1","hc-middle-x":0.70,"hc-middle-y":0.09,"hc-key":"vc-gt","hc-a2":"GT","labelrank":"20","hasc":"VC.GT","alt-name":null,"woe-id":"2347676","subregion":null,"fips":"VC06","postal-code":"GT","name":"Grenadines","country":"Saint Vincent and the Grenadines","type-en":"Parish","region":null,"longitude":"-61.229","woe-name":"Grenadines","latitude":"13.0161","woe-label":"Grenadines, VC, Saint Vincent and the Grenadines","type":"Parish"},"geometry":{"type":"MultiPolygon","coordinates":[[[[-637,-962],[-777,-999],[-946,-987],[-999,-914],[-944,-844],[-931,-787],[-959,-738],[-943,-702],[-847,-662],[-754,-689],[-592,-789],[-555,-906],[-637,-962]]],[[[-155,-156],[-89,-196],[-35,-242],[-88,-335],[-165,-388],[-208,-463],[-236,-400],[-263,-332],[-210,-246],[-198,-189],[-144,-195],[-155,-156]]],[[[675,485],[539,477],[418,523],[451,565],[603,599],[673,689],[647,810],[653,943],[773,1024],[865,1034],[907,983],[934,859],[863,764],[786,685],[749,566],[675,485]]],[[[2614,2714],[2571,2706],[2558,2875],[2671,3083],[2781,3061],[2667,2791],[2614,2714]]],[[[3232,3828],[3124,3789],[3084,3951],[3067,4023],[3147,4072],[3158,4024],[3148,3989],[3202,3929],[3232,3828]]],[[[3354,4094],[3272,4028],[3244,4108],[3321,4187],[3354,4094]]],[[[2083,4571],[1871,4422],[1970,4422],[1871,4320],[1802,4419],[1696,4481],[1560,4507],[1406,4503],[1405,4604],[1604,4544],[1907,4606],[1906,4716],[1817,4815],[1776,4885],[1886,4993],[2256,5235],[2410,5363],[2430,5311],[2436,5262],[2455,5215],[2511,5169],[2322,4983],[2083,4571]]]]}},{"type":"Feature","id":"VC.CH","properties":{"hc-group":"admin1","hc-middle-x":0.68,"hc-middle-y":0.50,"hc-key":"vc-ch","hc-a2":"CH","labelrank":"20","hasc":"VC.CH","alt-name":null,"woe-id":"2347671","subregion":null,"fips":"VC01","postal-code":"CH","name":"Charlotte","country":"Saint Vincent and the Grenadines","type-en":"Parish","region":null,"longitude":"-61.1475","woe-name":"Charlotte","latitude":"13.2825","woe-label":"Charlotte, VC, Saint Vincent and the Grenadines","type":"Parish"},"geometry":{"type":"Polygon","coordinates":[[[2781,9840],[3048,9799],[3144,9763],[3198,9672],[3283,9474],[3419,8869],[3419,8035],[3275,7366],[3112,7429],[2911,7463],[2754,7435],[2578,7559],[2510,7617],[2411,7700],[2427,7924],[2478,8058],[2573,8246],[2748,8211],[2782,8390],[2798,8649],[2778,8872],[2768,9059],[2810,9309],[2924,9328],[2914,9506],[2782,9559],[2781,9840]]]}},{"type":"Feature","id":"VC.AN","properties":{"hc-group":"admin1","hc-middle-x":0.51,"hc-middle-y":0.53,"hc-key":"vc-an","hc-a2":"AN","labelrank":"20","hasc":"VC.AN","alt-name":null,"woe-id":"2347672","subregion":null,"fips":"VC02","postal-code":"AN","name":"Saint Andrew","country":"Saint Vincent and the Grenadines","type-en":"Parish","region":null,"longitude":"-61.2287","woe-name":"Saint Andrew","latitude":"13.1977","woe-label":null,"type":"Parish"},"geometry":{"type":"Polygon","coordinates":[[[1914,6887],[1465,7198],[1635,7383],[1905,7581],[2148,7850],[2252,7896],[2427,7924],[2411,7700],[2510,7617],[2430,7451],[2136,7119],[1914,6887]]]}},{"type":"Feature","id":"VC.DA","properties":{"hc-group":"admin1","hc-middle-x":0.65,"hc-middle-y":0.51,"hc-key":"vc-da","hc-a2":"DA","labelrank":"20","hasc":"VC.DA","alt-name":null,"woe-id":"2347673","subregion":null,"fips":"VC03","postal-code":"DA","name":"Saint David","country":"Saint Vincent and the Grenadines","type-en":"Parish","region":null,"longitude":"-61.204","woe-name":"Saint David","latitude":"13.3142","woe-label":"Saint David, VC, Saint Vincent and the Grenadines","type":"Parish"},"geometry":{"type":"Polygon","coordinates":[[[1498,8279],[1569,8423],[1534,8474],[1469,8608],[1828,8669],[1980,8977],[2069,9370],[2239,9686],[2410,9798],[2569,9846],[2712,9851],[2781,9840],[2782,9559],[2914,9506],[2924,9328],[2810,9309],[2768,9059],[2778,8872],[2798,8649],[2782,8390],[2748,8211],[2573,8246],[2397,8423],[2215,8261],[2038,8139],[1743,8204],[1498,8279]]]}},{"type":"Feature","id":"VC.GE","properties":{"hc-group":"admin1","hc-middle-x":0.48,"hc-middle-y":0.52,"hc-key":"vc-ge","hc-a2":"GE","labelrank":"20","hasc":"VC.GE","alt-name":null,"woe-id":"2347674","subregion":null,"fips":"VC04","postal-code":"GE","name":"Saint George","country":"Saint Vincent and the Grenadines","type-en":"Parish","region":null,"longitude":"-61.1899","woe-name":"Saint George","latitude":"13.1695","woe-label":"Saint George, VC, Saint Vincent and the Grenadines","type":"Parish"},"geometry":{"type":"Polygon","coordinates":[[[3275,7366],[3243,7217],[2856,6658],[2619,6472],[2285,6628],[1914,6887],[2136,7119],[2430,7451],[2510,7617],[2578,7559],[2754,7435],[2911,7463],[3112,7429],[3275,7366]]]}},{"type":"Feature","id":"VC.PA","properties":{"hc-group":"admin1","hc-middle-x":0.32,"hc-middle-y":0.48,"hc-key":"vc-pa","hc-a2":"PA","labelrank":"20","hasc":"VC.PA","alt-name":null,"woe-id":"2347675","subregion":null,"fips":"VC05","postal-code":"PA","name":"Saint Patrick","country":"Saint Vincent and the Grenadines","type-en":"Parish","region":null,"longitude":"-61.2534","woe-name":"Saint Patrick","latitude":"13.2313","woe-label":"Saint Patrick, VC, Saint Vincent and the Grenadines","type":"Parish"},"geometry":{"type":"Polygon","coordinates":[[[2573,8246],[2478,8058],[2427,7924],[2252,7896],[2148,7850],[1905,7581],[1635,7383],[1465,7198],[1356,7598],[1388,8061],[1498,8279],[1743,8204],[2038,8139],[2215,8261],[2397,8423],[2573,8246]]]}}]}