{"title":"Palau","version":"1.1.2","type":"FeatureCollection","copyright":"Copyright (c) 2015 Highsoft AS, Based on data from Natural Earth","copyrightShort":"Natural Earth","copyrightUrl":"http://www.naturalearthdata.com","crs":{"type":"name","properties":{"name":"urn:ogc:def:crs:EPSG:32653"}},"hc-transform":{"default":{"crs":"+proj=utm +zone=53 +datum=WGS84 +units=m +no_defs","scale":0.00522653993365,"jsonres":15.5,"jsonmarginX":-999,"jsonmarginY":9851.0,"xoffset":404631.015854,"yoffset":894990.540384},"pw-all-sonsorol":{"xpan":35,"ypan":30,"hitZone":{"type":"Polygon","coordinates":[[[-999,9999],[644,9999],[644,8313],[-999,8313],[-999,9999]]]},"crs":"+proj=utm +zone=53 +datum=WGS84 +units=m +no_defs","scale":0.0200505507643,"jsonres":15.5,"jsonmarginX":-999,"jsonmarginY":9851.0,"xoffset":191174.072657,"yoffset":587650.974855},"pw-all-hatobohei":{"xpan":10,"ypan":128,"hitZone":{"type":"Polygon","coordinates":[[[-999,8313],[644,8313],[644,7358],[-999,7358],[-999,8313]]]},"crs":"+proj=utm +zone=52 +datum=WGS84 +units=m +no_defs","scale":0.00105454505752,"jsonres":15.5,"jsonmarginX":-999,"jsonmarginY":9851.0,"xoffset":736865.132742,"yoffset":338504.078652}},
"features":[{"type":"Feature","id":"PW.6740","properties":{"hc-group":"admin1","hc-middle-x":0.54,"hc-middle-y":0.43,"hc-key":"pw-6740","hc-a2":"AN","labelrank":"20","hasc":"PW.AN","alt-name":null,"woe-id":"24549824","subregion":null,"fips":null,"postal-code":null,"name":"Angaur","country":"Palau","type-en":null,"region":null,"longitude":"134.158","woe-name":"Angaur","latitude":"6.91388","woe-label":null,"type":null},"geometry":{"type":"Polygon","coordinates":[[[-672,-916],[-794,-999],[-923,-867],[-999,-688],[-973,-553],[-792,-546],[-673,-637],[-632,-778],[-672,-916]]]}},{"type":"Feature","id":"PW.6753","properties":{"hc-group":"admin1","hc-middle-x":0.53,"hc-middle-y":0.49,"hc-key":"pw-6753","hc-a2":"KA","labelrank":"20","hasc":"PW.KA","alt-name":null,"woe-id":"24549826","subregion":null,"fips":null,"postal-code":null,"name":"Kayangel","country":"Palau","type-en":null,"region":null,"longitude":"134.711","woe-name":"Kayangel","latitude":"8.070499999999999","woe-label":null,"type":null},"geometry":{"type":"Polygon","coordinates":[[[4211,9511],[4060,9436],[3982,9530],[3985,9662],[4136,9851],[4248,9850],[4293,9728],[4211,9511]]]}},{"type":"Feature","id":"PW.6742","properties":{"hc-group":"admin1","hc-middle-x":0.10,"hc-middle-y":0.86,"hc-key":"pw-6742","hc-a2":"KO","labelrank":"20","hasc":"PW.KO","alt-name":null,"woe-id":"24549822","subregion":null,"fips":null,"postal-code":null,"name":"Koror","country":"Palau","type-en":null,"region":null,"longitude":"134.446","woe-name":"Koror","latitude":"7.26579","woe-label":"Koror, PW, Palau","type":null},"geometry":{"type":"MultiPolygon","coordinates":[[[[1509,2253],[1297,2043],[1163,1995],[1047,2017],[960,2075],[906,2163],[889,2271],[895,2432],[922,2462],[1205,2164],[1263,2172],[1376,2240],[1691,2521],[1754,2606],[1760,2712],[1732,2811],[1729,2869],[1804,2851],[1852,2822],[1889,2787],[1918,2738],[1933,2667],[1802,2629],[1817,2554],[1889,2467],[1933,2392],[1883,2331],[1774,2305],[1593,2301],[1509,2253]]],[[[2363,3142],[2501,3000],[2455,2820],[2362,2795],[2285,2891],[2226,3021],[2178,3101],[2058,3138],[1971,3111],[1804,2973],[1789,3106],[1805,3215],[1871,3280],[2001,3278],[2155,3236],[2363,3142]]]]}},{"type":"Feature","id":"PW.6741","properties":{"hc-group":"admin1","hc-middle-x":0.60,"hc-middle-y":0.55,"hc-key":"pw-6741","hc-a2":"PE","labelrank":"20","hasc":"PW.PE","alt-name":null,"woe-id":"24549823","subregion":null,"fips":null,"postal-code":null,"name":"Peleliu","country":"Palau","type-en":null,"region":null,"longitude":"134.259","woe-name":"Peleliu","latitude":"7.02649","woe-label":"Peleliu, PW, Palau","type":null},"geometry":{"type":"Polygon","coordinates":[[[-44,-30],[-124,-106],[-159,-62],[-112,111],[209,702],[279,685],[314,650],[325,595],[330,523],[293,478],[209,335],[284,218],[249,186],[163,181],[86,152],[-44,-30]]]}},{"type":"Feature","id":"PW.6743","properties":{"hc-group":"admin1","hc-middle-x":0.55,"hc-middle-y":0.51,"hc-key":"pw-6743","hc-a2":"AI","labelrank":"20","hasc":"PW.AM","alt-name":null,"woe-id":"24549821","subregion":null,"fips":null,"postal-code":null,"name":"Aimeliik","country":"Palau","type-en":null,"region":null,"longitude":"134.533","woe-name":"Aimeliik","latitude":"7.43236","woe-label":null,"type":null},"geometry":{"type":"Polygon","coordinates":[[[2351,3651],[2310,3829],[2251,3956],[2179,4013],[2128,4009],[2105,4024],[2118,4140],[2146,4240],[2461,4243],[2636,4159],[2703,3984],[2845,3900],[2728,3724],[2527,3591],[2351,3651]]]}},{"type":"Feature","id":"PW.6747","properties":{"hc-group":"admin1","hc-middle-x":0.63,"hc-middle-y":0.46,"hc-key":"pw-6747","hc-a2":"AI","labelrank":"20","hasc":"PW.AR","alt-name":null,"woe-id":"24549819","subregion":null,"fips":null,"postal-code":null,"name":"Airai","country":"Palau","type-en":null,"region":null,"longitude":"134.571","woe-name":"Airai","latitude":"7.39952","woe-label":"Airai, PW, Palau","type":null},"geometry":{"type":"Polygon","coordinates":[[[3100,3802],[3161,3466],[3117,3344],[3076,3316],[3032,3332],[2927,3341],[2843,3392],[2787,3400],[2746,3367],[2652,3242],[2604,3217],[2507,3234],[2469,3265],[2456,3318],[2377,3540],[2351,3651],[2527,3591],[2728,3724],[2845,3900],[3100,3802]]]}},{"type":"Feature","id":"PW.6749","properties":{"hc-group":"admin1","hc-middle-x":0.72,"hc-middle-y":0.42,"hc-key":"pw-6749","hc-a2":"ME","labelrank":"20","hasc":"PW.ME","alt-name":null,"woe-id":"24549818","subregion":null,"fips":null,"postal-code":null,"name":"Melekeok","country":"Palau","type-en":null,"region":null,"longitude":"134.613","woe-name":"Melekeok","latitude":"7.51682","woe-label":null,"type":null},"geometry":{"type":"Polygon","coordinates":[[[3382,4781],[3374,4722],[3474,4593],[3474,4537],[3432,4496],[3404,4410],[3321,4435],[3238,4401],[3196,4493],[3104,4619],[3222,4886],[3382,4781]]]}},{"type":"Feature","id":"PW.6751","properties":{"hc-group":"admin1","hc-middle-x":0.46,"hc-middle-y":0.72,"hc-key":"pw-6751","hc-a2":"NG","labelrank":"20","hasc":"PW.ND","alt-name":null,"woe-id":"24549814","subregion":null,"fips":null,"postal-code":null,"name":"Ngaraard","country":"Palau","type-en":null,"region":null,"longitude":"134.65","woe-name":"Ngaraard","latitude":"7.65055","woe-label":null,"type":null},"geometry":{"type":"Polygon","coordinates":[[[3358,5636],[3466,5667],[3519,5816],[3467,6157],[3691,6174],[3719,5749],[3673,5323],[3364,5405],[3358,5636]]]}},{"type":"Feature","id":"PW.6752","properties":{"hc-group":"admin1","hc-middle-x":0.46,"hc-middle-y":0.50,"hc-key":"pw-6752","hc-a2":"NG","labelrank":"20","hasc":"PW.NC","alt-name":null,"woe-id":"24549813","subregion":null,"fips":null,"postal-code":null,"name":"Ngarchelong","country":"Palau","type-en":null,"region":null,"longitude":"134.641","woe-name":"Ngarchelong","latitude":"7.70686","woe-label":null,"type":null},"geometry":{"type":"Polygon","coordinates":[[[3467,6157],[3448,6283],[3365,6460],[3345,6565],[3380,6605],[3460,6587],[3541,6536],[3584,6473],[3691,6174],[3467,6157]]]}},{"type":"Feature","id":"PW.6746","properties":{"hc-group":"admin1","hc-middle-x":0.66,"hc-middle-y":0.46,"hc-key":"pw-6746","hc-a2":"NG","labelrank":"20","hasc":"PW.NM","alt-name":null,"woe-id":"24549816","subregion":null,"fips":null,"postal-code":null,"name":"Ngardmau","country":"Palau","type-en":null,"region":null,"longitude":"134.597","woe-name":"Ngardmau","latitude":"7.60128","woe-label":null,"type":null},"geometry":{"type":"Polygon","coordinates":[[[2680,5229],[2673,5240],[2768,5415],[2877,5527],[3029,5588],[3253,5606],[3358,5636],[3364,5405],[3330,5162],[3255,5171],[3138,5313],[3021,5188],[2680,5229]]]}},{"type":"Feature","id":"PW.6744","properties":{"hc-group":"admin1","hc-middle-x":0.59,"hc-middle-y":0.43,"hc-key":"pw-6744","hc-a2":"NG","labelrank":"20","hasc":"PW.NP","alt-name":null,"woe-id":"24549820","subregion":null,"fips":null,"postal-code":null,"name":"Ngatpang","country":"Palau","type-en":null,"region":null,"longitude":"134.552","woe-name":"Ngatpang","latitude":"7.47929","woe-label":"Ngatpang, PW, Palau","type":null},"geometry":{"type":"Polygon","coordinates":[[[2845,3900],[2703,3984],[2636,4159],[2461,4243],[2146,4240],[2198,4332],[2270,4405],[2361,4451],[2396,4335],[2476,4320],[2561,4384],[2605,4506],[2581,4580],[2511,4653],[2654,4720],[2979,4276],[2845,3900]]]}},{"type":"Feature","id":"PW.6748","properties":{"hc-group":"admin1","hc-middle-x":0.53,"hc-middle-y":0.52,"hc-key":"pw-6748","hc-a2":"NG","labelrank":"20","hasc":"PW.NS","alt-name":null,"woe-id":"24549827","subregion":null,"fips":null,"postal-code":null,"name":"Ngchesar","country":"Palau","type-en":null,"region":null,"longitude":"134.597","woe-name":"Ngchesar","latitude":"7.46286","woe-label":"Ngchesar, PW, Palau","type":null},"geometry":{"type":"Polygon","coordinates":[[[3404,4410],[3356,4265],[3148,3994],[3100,3802],[2845,3900],[2979,4276],[3104,4619],[3196,4493],[3238,4401],[3321,4435],[3404,4410]]]}},{"type":"Feature","id":"PW.6745","properties":{"hc-group":"admin1","hc-middle-x":0.54,"hc-middle-y":0.33,"hc-key":"pw-6745","hc-a2":"NG","labelrank":"20","hasc":"PW.NL","alt-name":null,"woe-id":"24549817","subregion":null,"fips":null,"postal-code":null,"name":"Ngeremlengui","country":"Palau","type-en":null,"region":null,"longitude":"134.575","woe-name":"Ngeremlengui","latitude":"7.53794","woe-label":"Ngeremlengui, PW, Palau","type":null},"geometry":{"type":"Polygon","coordinates":[[[3222,4886],[3104,4619],[2979,4276],[2654,4720],[2511,4653],[2362,4757],[2431,4821],[2551,4990],[2659,5063],[2673,5057],[2681,5106],[2680,5229],[3021,5188],[3138,5313],[3255,5171],[3330,5162],[3222,4886]]]}},{"type":"Feature","id":"PW.6750","properties":{"hc-group":"admin1","hc-middle-x":0.75,"hc-middle-y":0.41,"hc-key":"pw-6750","hc-a2":"NG","labelrank":"20","hasc":"PW.NW","alt-name":null,"woe-id":"24549815","subregion":null,"fips":null,"postal-code":null,"name":"Ngiwal","country":"Palau","type-en":null,"region":null,"longitude":"134.636","woe-name":"Ngiwal","latitude":"7.57313","woe-label":"Ngiwal, PW, Palau","type":null},"geometry":{"type":"Polygon","coordinates":[[[3673,5323],[3558,5023],[3382,4781],[3222,4886],[3330,5162],[3364,5405],[3673,5323]]]}},{"type":"Feature","id":"PW.6739","properties":{"hc-group":"admin1","hc-middle-x":0.49,"hc-middle-y":0.37,"hc-key":"pw-6739","hc-a2":"SO","labelrank":"20","hasc":"PW.SO","alt-name":null,"woe-id":"24549825","subregion":null,"fips":null,"postal-code":null,"name":"Sonsorol","country":"Palau","type-en":null,"region":null,"longitude":"132.204","woe-name":"Sonsorol","latitude":"5.28876","woe-label":null,"type":null},"geometry":{"type":"Polygon","coordinates":[[[-13.6,9182.1],[-234.3,8766.0],[-456.5,9279.2],[-237.2,9386.0],[-13.6,9182.1]]]}},{"type":"Feature","id":"PW.3596","properties":{"hc-group":"admin1","hc-middle-x":0.04,"hc-middle-y":0.18,"hc-key":"pw-3596","hc-a2":"HA","labelrank":"20","hasc":"PW.HA","alt-name":null,"woe-id":"24549812","subregion":null,"fips":null,"postal-code":null,"name":"Hatobohei","country":"Palau","type-en":null,"region":null,"longitude":"131.794","woe-name":"Hatohobei","latitude":"2.96318","woe-label":null,"type":null},"geometry":{"type":"MultiPolygon","coordinates":[[[[396,7689],[364,7668],[334,7675],[328,7695],[345,7714],[357,7720],[384,7714],[396,7689]]],[[[-791,7799],[-831,7792],[-844,7811],[-824,7843],[-790,7864],[-749,7867],[-733,7846],[-754,7818],[-791,7799]]]]}},{"type":"Feature","properties":{"hc-group":"__separator_lines__"},"geometry":{"type":"MultiLineString","coordinates":[[[644,9665],[644,7358],[-999,7358]],[[-924,8313],[563,8313]]]}}]}