{"title":"Egypt","version":"1.1.2","type":"FeatureCollection","copyright":"Copyright (c) 2015 Highsoft AS, Based on data from Natural Earth","copyrightShort":"Natural Earth","copyrightUrl":"http://www.naturalearthdata.com","crs":{"type":"name","properties":{"name":"urn:ogc:def:crs:EPSG:22992"}},"hc-transform":{"default":{"crs":"+proj=tmerc +lat_0=30 +lon_0=31 +k=1 +x_0=615000 +y_0=810000 +ellps=helmert +towgs84=-130,110,-13,0,0,0,0 +units=m +no_defs","scale":0.000568355052131,"jsonres":15.5,"jsonmarginX":-999,"jsonmarginY":9851.0,"xoffset":-7520.92927507,"yoffset":1008534.68201}},
"features":[{"type":"Feature","id":"EG.5847","properties":{"hc-group":"admin1","hc-middle-x":0.52,"hc-middle-y":0.24,"hc-key":"eg-5847","hc-a2":"NU","labelrank":"20","hasc":"-99","alt-name":null,"woe-id":"-99","subregion":null,"fips":null,"postal-code":null,"name":null,"country":"Egypt","type-en":null,"region":null,"longitude":"36.6461","woe-name":null,"latitude":"22.2634","woe-label":null,"type":null},"geometry":{"type":"Polygon","coordinates":[[[8721,1566],[8742,1532],[8701,1557],[8618,1556],[8721,1566]]]}},{"type":"Feature","id":"EG.BA","properties":{"hc-group":"admin1","hc-middle-x":0.56,"hc-middle-y":0.72,"hc-key":"eg-ba","hc-a2":"BA","labelrank":"6","hasc":"EG.BA","alt-name":"Mar Rojo|Mar Vermelho|Mer Rouge|Red Sea","woe-id":"2345224","subregion":null,"fips":"EG02","postal-code":"BA","name":"Al Bahr al Ahmar","country":"Egypt","type-en":"Governorate","region":null,"longitude":"33.7267","woe-name":"Al Bahr al Ahmar","latitude":"25.2164","woe-label":"Al Bahr al Ahmar, EG, Egypt","type":"Muhafazah"},"geometry":{"type":"MultiPolygon","coordinates":[[[[7101,5702],[7142,5643],[7020,5714],[7064,5725],[7101,5702]]],[[[5904,7253],[5879,7108],[5928,7019],[6050,6891],[6095,6727],[6212,6641],[6322,6446],[6508,6252],[6507,6224],[6600,6186],[6662,6131],[6734,5969],[6638,6020],[6688,5887],[6722,5861],[6654,5826],[6710,5720],[6776,5681],[6831,5532],[6949,5454],[6962,5319],[7114,5057],[7076,5056],[7055,4893],[7129,4825],[7213,4646],[7280,4538],[7429,4236],[7620,3971],[7701,3821],[7748,3684],[7805,3610],[7865,3475],[8036,3180],[8045,3108],[8106,3045],[8271,2693],[8414,2583],[8450,2489],[8597,2386],[8614,2331],[8716,2310],[8747,2251],[8689,2228],[8533,2288],[8508,2229],[8504,2111],[8537,2072],[8526,1818],[8576,1734],[8612,1542],[8689,1408],[8730,1271],[8909,1085],[9000,1047],[9195,1012],[9267,956],[9305,859],[9412,799],[9425,731],[9539,677],[9681,557],[9720,566],[9851,462],[9843,393],[4934,290],[5021,396],[5209,485],[5265,554],[5341,568],[5431,660],[5489,826],[5533,867],[5674,757],[5760,747],[5877,788],[6055,958],[6090,1009],[6093,1110],[6145,1209],[6284,1126],[6424,1118],[6557,1002],[6594,1035],[6553,1162],[6494,1238],[6358,1307],[6345,1352],[6439,1488],[6477,1620],[6409,1802],[6433,1900],[6411,2033],[6355,2080],[6277,2243],[6250,2410],[6282,2571],[6378,2712],[6387,2771],[6288,2970],[6272,3150],[6244,3264],[6179,3359],[5997,3494],[5938,3578],[5920,3703],[5954,3788],[6131,3977],[6188,4146],[6176,4253],[6140,4342],[6035,4440],[5966,4459],[5839,4450],[5635,4357],[5500,4540],[5352,4598],[5291,4687],[5284,4742],[5212,4873],[5026,5011],[4899,5255],[4775,5368],[4690,5483],[4470,5581],[4431,5663],[4433,5778],[4448,5872],[4390,6191],[4343,6282],[4324,6402],[4408,6610],[4436,6848],[4478,6975],[4647,7205],[4701,7324],[4702,7417],[4855,7227],[4914,7191],[5230,7097],[5267,7081],[5485,7105],[5821,7251],[5904,7253]]]]}},{"type":"Feature","id":"EG.JS","properties":{"hc-group":"admin1","hc-middle-x":0.54,"hc-middle-y":0.40,"hc-key":"eg-js","hc-a2":"JS","labelrank":"6","hasc":"EG.JS","alt-name":"Janub Sina|Sina al-Janubiyah|Sina' al-Jan?b?yah|Sinai al Jan?b?a|South Sinai|Sud Sina?","woe-id":"2345247","subregion":null,"fips":"EG26","postal-code":"JS","name":"Janub Sina'","country":"Egypt","type-en":"Governorate","region":null,"longitude":"33.7687","woe-name":"Janub Sina'","latitude":"28.925","woe-label":"Janub Sina', EG, Egypt","type":"Muhafazah"},"geometry":{"type":"MultiPolygon","coordinates":[[[[7556,6190],[7624,6118],[7561,6115],[7516,6149],[7556,6190]]],[[[7804,7659],[7683,7474],[7680,7370],[7636,7279],[7649,7164],[7616,7142],[7611,6949],[7560,6806],[7478,6637],[7428,6491],[7436,6418],[7474,6355],[7452,6270],[7455,6174],[7380,6097],[7324,6004],[7263,5973],[7157,5988],[7013,6116],[6981,6115],[6836,6249],[6700,6463],[6586,6528],[6528,6606],[6413,6720],[6374,6826],[6401,6913],[6359,6965],[6343,7119],[6317,7176],[6161,7337],[6099,7376],[6038,7489],[6037,7542],[5955,7593],[5945,7703],[5918,7722],[5925,7852],[5891,7907],[5891,7907],[6062,8030],[6296,8046],[6841,7961],[7063,7850],[7237,7789],[7446,7703],[7804,7659]]]]}},{"type":"Feature","id":"EG.UQ","properties":{"hc-group":"admin1","hc-middle-x":0.52,"hc-middle-y":0.61,"hc-key":"eg-uq","hc-a2":"UQ","labelrank":"9","hasc":"EG.UQ","alt-name":"al-Aq?ur|Aqsur|Uqsur","woe-id":"56120896","subregion":null,"fips":"EG28","postal-code":"UQ","name":"Luxor","country":"Egypt","type-en":"Governorate","region":null,"longitude":"32.6501","woe-name":null,"latitude":"25.705","woe-label":null,"type":"Muhafazah"},"geometry":{"type":"Polygon","coordinates":[[[5950,3912],[5921,3900],[5942,3942],[5960,3934],[5950,3912]]]}},{"type":"Feature","id":"EG.IS","properties":{"hc-group":"admin1","hc-middle-x":0.55,"hc-middle-y":0.52,"hc-key":"eg-is","hc-a2":"IS","labelrank":"7","hasc":"EG.IS","alt-name":"As Ismailiyah|Ismailia|Ismaïlia|Isma'iliya","woe-id":"2345229","subregion":null,"fips":"EG07","postal-code":"IS","name":"Al Isma`iliyah","country":"Egypt","type-en":"Governorate","region":null,"longitude":"32.2811","woe-name":"Al Isma`iliyah","latitude":"30.6765","woe-label":"Al Isma'iliyah, EG, Egypt","type":"Muhafazah"},"geometry":{"type":"Polygon","coordinates":[[[5444,9162],[5447,9161],[5444,9169],[5516,9178],[5568,9196],[5586,9201],[5832,9063],[5883,8600],[5962,8477],[6009,8362],[5848,8371],[5726,8310],[5542,8345],[5236,8332],[5198,8436],[5161,8597],[5133,8653],[5188,8639],[5307,8652],[5411,8768],[5437,8831],[5426,8920],[5489,9050],[5486,9119],[5444,9162]]]}},{"type":"Feature","id":"EG.GH","properties":{"hc-group":"admin1","hc-middle-x":0.49,"hc-middle-y":0.48,"hc-key":"eg-gh","hc-a2":"GH","labelrank":"6","hasc":"EG.GH","alt-name":"al-Garb?yah|El Gharbiya|Garbia|Gharbieh|Gharb?ya|Gharbia","woe-id":"2345227","subregion":null,"fips":"EG05","postal-code":"GH","name":"Al Gharbiyah","country":"Egypt","type-en":"Governorate","region":null,"longitude":"31.0287","woe-name":"Al Gharbiyah","latitude":"30.8504","woe-label":"Al Gharbiyah, EG, Egypt","type":"Muhafazah"},"geometry":{"type":"Polygon","coordinates":[[[4696,8654],[4538,8771],[4477,8767],[4423,8802],[4312,8766],[4312,8832],[4276,8859],[4328,8901],[4285,9063],[4357,9061],[4525,9112],[4543,9197],[4692,9186],[4667,9109],[4741,9108],[4705,9053],[4678,8897],[4712,8748],[4698,8677],[4696,8654]]]}},{"type":"Feature","id":"EG.MF","properties":{"hc-group":"admin1","hc-middle-x":0.46,"hc-middle-y":0.31,"hc-key":"eg-mf","hc-a2":"MF","labelrank":"6","hasc":"EG.MF","alt-name":"Menoufieh|Menufia|Men?f?ya|Min?f?ya|Munufia|Menoufia|Minufia","woe-id":"2345231","subregion":null,"fips":"EG09","postal-code":"MF","name":"Al Minufiyah","country":"Egypt","type-en":"Governorate","region":null,"longitude":"31.0029","woe-name":"Al Minufiyah","latitude":"30.5076","woe-label":"Al Minufiyah, EG, Egypt","type":"Muhafazah"},"geometry":{"type":"Polygon","coordinates":[[[4312,8766],[4423,8802],[4477,8767],[4538,8771],[4696,8654],[4676,8608],[4599,8538],[4574,8475],[4582,8312],[4607,8273],[4541,8318],[4466,8322],[4413,8430],[4342,8428],[4382,8466],[4352,8494],[4312,8766]]]}},{"type":"Feature","id":"EG.QH","properties":{"hc-group":"admin1","hc-middle-x":0.48,"hc-middle-y":0.54,"hc-key":"eg-qh","hc-a2":"QH","labelrank":"9","hasc":"EG.QH","alt-name":"Cairo|El Cairo|El Qahira|Le Caire","woe-id":"2345233","subregion":null,"fips":"EG11","postal-code":"QH","name":"Al Qahirah","country":"Egypt","type-en":"Governorate","region":null,"longitude":"31.5788","woe-name":"Al Qahirah","latitude":"29.9801","woe-label":"Al Qahirah, EG, Egypt","type":"Muhafazah"},"geometry":{"type":"Polygon","coordinates":[[[5198,8436],[5236,8332],[5281,7981],[5275,7893],[4732,7868],[4729,7990],[4672,8110],[4685,8214],[4857,8283],[4988,8289],[5198,8436]]]}},{"type":"Feature","id":"EG.QL","properties":{"hc-group":"admin1","hc-middle-x":0.36,"hc-middle-y":0.56,"hc-key":"eg-ql","hc-a2":"QL","labelrank":"6","hasc":"EG.QL","alt-name":"Caliubia|Kalioubieh|Kalioubiya|Qaliyubia|Qalyubiya|Kalyoubia|Kalyubia","woe-id":"2345234","subregion":null,"fips":"EG12","postal-code":"QL","name":"Al Qalyubiyah","country":"Egypt","type-en":"Governorate","region":null,"longitude":"31.325","woe-name":"Al Qalyubiyah","latitude":"30.2725","woe-label":"Al Qalyobiyah, EG, Egypt","type":"Muhafazah"},"geometry":{"type":"Polygon","coordinates":[[[4988,8289],[4857,8283],[4685,8214],[4669,8245],[4607,8273],[4582,8312],[4574,8475],[4599,8538],[4676,8608],[4696,8654],[4698,8677],[4734,8659],[4782,8663],[4728,8607],[4714,8529],[4811,8376],[4988,8289]]]}},{"type":"Feature","id":"EG.SQ","properties":{"hc-group":"admin1","hc-middle-x":0.44,"hc-middle-y":0.48,"hc-key":"eg-sq","hc-a2":"SQ","labelrank":"6","hasc":"EG.SQ","alt-name":"Charkieh|Sharqia|Sharq?ya|Sharquia|Sharkia","woe-id":"2345236","subregion":null,"fips":"EG14","postal-code":"SQ","name":"Ash Sharqiyah","country":"Egypt","type-en":"Governorate","region":null,"longitude":"31.8817","woe-name":"Ash Sharqiyah","latitude":"30.8161","woe-label":"Ash Sharquiyah, EG, Egypt","type":"Muhafazah"},"geometry":{"type":"MultiPolygon","coordinates":[[[[5198,8436],[4988,8289],[4811,8376],[4714,8529],[4728,8607],[4782,8663],[4804,8724],[4788,8845],[4839,8880],[4945,8880],[5003,8923],[5142,9145],[5284,9165],[5368,9208],[5383,9187],[5444,9162],[5486,9119],[5489,9050],[5426,8920],[5437,8831],[5411,8768],[5307,8652],[5188,8639],[5133,8653],[5161,8597],[5198,8436]]],[[[5568,9196],[5516,9178],[5444,9169],[5488,9207],[5553,9201],[5565,9251],[5566,9250],[5568,9196]]]]}},{"type":"Feature","id":"EG.SS","properties":{"hc-group":"admin1","hc-middle-x":0.54,"hc-middle-y":0.53,"hc-key":"eg-ss","hc-a2":"SS","labelrank":"6","hasc":"EG.SS","alt-name":"Shamal Sina|Nord Sinaï|North Sinai|Sina ash-Sham?l?yah|Sinai ash Sham?l?ya","woe-id":"2345248","subregion":null,"fips":"EG32","postal-code":"SS","name":"Shamal Sina'","country":"Egypt","type-en":"Governorate","region":null,"longitude":"33.6723","woe-name":"Shamal Sina'","latitude":"30.5071","woe-label":"Shamal Sina', EG, Egypt","type":"Muhafazah"},"geometry":{"type":"Polygon","coordinates":[[[7804,7659],[7446,7703],[7237,7789],[7063,7850],[6841,7961],[6296,8046],[6062,8030],[6040,8073],[6026,8271],[6009,8362],[5962,8477],[5883,8600],[5832,9063],[5829,9147],[5829,9148],[5965,9170],[6250,9330],[6383,9316],[6504,9281],[6584,9227],[6709,9220],[6882,9269],[7042,9338],[7168,9424],[7190,9387],[7286,9115],[7423,8783],[7476,8539],[7534,8487],[7659,8160],[7667,8095],[7744,7904],[7770,7736],[7804,7659]]]}},{"type":"Feature","id":"EG.SW","properties":{"hc-group":"admin1","hc-middle-x":0.30,"hc-middle-y":0.34,"hc-key":"eg-sw","hc-a2":"SW","labelrank":"9","hasc":"EG.SW","alt-name":"El Suweiz|Es Suweis|Suez","woe-id":"2345237","subregion":null,"fips":"EG15","postal-code":"SW","name":"As Suways","country":"Egypt","type-en":"Governorate","region":null,"longitude":"32.1523","woe-name":"As Suways","latitude":"29.6098","woe-label":"As Suways, EG, Egypt","type":"Muhafazah"},"geometry":{"type":"Polygon","coordinates":[[[5891,7907],[5850,7940],[5867,7989],[5819,8068],[5771,8073],[5733,8027],[5753,7968],[5671,7850],[5625,7718],[5669,7646],[5815,7523],[5845,7476],[5904,7253],[5821,7251],[5485,7105],[5267,7081],[5230,7097],[5279,7848],[5275,7893],[5281,7981],[5236,8332],[5542,8345],[5726,8310],[5848,8371],[6009,8362],[6026,8271],[6040,8073],[6062,8030],[5891,7907],[5891,7907]]]}},{"type":"Feature","id":"EG.DQ","properties":{"hc-group":"admin1","hc-middle-x":0.27,"hc-middle-y":0.50,"hc-key":"eg-dq","hc-a2":"DQ","labelrank":"6","hasc":"EG.DQ","alt-name":"Al Daqahliyah|Dacahlia|Dagahlia|Dakahlieh|Dakahliya|Dakalieh|Daqal?ya|Dakahlia|Dekahlia","woe-id":"2345223","subregion":null,"fips":"EG01","postal-code":"DQ","name":"Ad Daqahliyah","country":"Egypt","type-en":"Governorate","region":null,"longitude":"31.4929","woe-name":"Ad Daqahliyah","latitude":"31.0304","woe-label":"Ad Daqahliyah, EG, Egypt","type":"Muhafazah"},"geometry":{"type":"MultiPolygon","coordinates":[[[[5538,9354],[5496,9372],[5538,9367],[5538,9360],[5538,9354]]],[[[5151,9352],[5262,9287],[5354,9294],[5368,9208],[5284,9165],[5142,9145],[5003,8923],[4945,8880],[4839,8880],[4788,8845],[4804,8724],[4782,8663],[4734,8659],[4698,8677],[4712,8748],[4678,8897],[4705,9053],[4741,9108],[4667,9109],[4692,9186],[4735,9207],[4720,9420],[4694,9546],[4776,9596],[4922,9519],[4962,9513],[4904,9445],[5015,9364],[5065,9365],[4985,9266],[5006,9242],[5138,9321],[5151,9352]]],[[[5391,9434],[5395,9436],[5400,9440],[5490,9372],[5391,9434]]]]}},{"type":"Feature","id":"EG.BS","properties":{"hc-group":"admin1","hc-middle-x":0.45,"hc-middle-y":0.55,"hc-key":"eg-bs","hc-a2":"BS","labelrank":"9","hasc":"EG.BS","alt-name":"Bur Said|Canal|Port Said|Port-Saïd","woe-id":"2345241","subregion":null,"fips":"EG19","postal-code":"BS","name":"Bur Sa`id","country":"Egypt","type-en":"Governorate","region":null,"longitude":"32.4293","woe-name":"Bur Sa`id","latitude":"31.1245","woe-label":"Bur Sa'id, EG, Egypt","type":"Muhafazah"},"geometry":{"type":"Polygon","coordinates":[[[5832,9063],[5586,9201],[5568,9196],[5566,9250],[5565,9251],[5571,9293],[5538,9354],[5538,9360],[5538,9367],[5601,9350],[5829,9148],[5829,9147],[5832,9063]]]}},{"type":"Feature","id":"EG.DT","properties":{"hc-group":"admin1","hc-middle-x":0.35,"hc-middle-y":0.22,"hc-key":"eg-dt","hc-a2":"DT","labelrank":"9","hasc":"EG.DT","alt-name":"Damietta|Damiette|Dumi?t","woe-id":"2345242","subregion":null,"fips":"EG20","postal-code":"DT","name":"Dumyat","country":"Egypt","type-en":"Governorate","region":null,"longitude":"31.7285","woe-name":"Dumyat","latitude":"31.4067","woe-label":"Dumyat, EG, Egypt","type":"Muhafazah"},"geometry":{"type":"MultiPolygon","coordinates":[[[[5151,9352],[5138,9321],[5006,9242],[4985,9266],[5065,9365],[5015,9364],[4904,9445],[4962,9513],[5110,9551],[5185,9594],[5248,9592],[5248,9592],[5191,9568],[5200,9495],[5157,9433],[5151,9352]]],[[[5395,9436],[5391,9434],[5317,9468],[5316,9510],[5253,9592],[5253,9592],[5253,9592],[5274,9591],[5329,9490],[5400,9440],[5395,9436]]],[[[5248,9592],[5252,9594],[5253,9592],[5253,9592],[5253,9592],[5248,9592],[5248,9592]]]]}},{"type":"Feature","id":"EG.BH","properties":{"hc-group":"admin1","hc-middle-x":0.54,"hc-middle-y":0.58,"hc-key":"eg-bh","hc-a2":"BH","labelrank":"6","hasc":"EG.BH","alt-name":"Beheira|Behera|El Buhayra|Béhéra","woe-id":"2345225","subregion":null,"fips":"EG03","postal-code":"BH","name":"Al Buhayrah","country":"Egypt","type-en":"Governorate","region":null,"longitude":"30.2522","woe-name":"Al Buhayrah","latitude":"30.5945","woe-label":"Al Buhayrah, EG, Egypt","type":"Muhafazah"},"geometry":{"type":"Polygon","coordinates":[[[4285,9063],[4328,8901],[4276,8859],[4312,8832],[4312,8766],[4352,8494],[4382,8466],[4342,8428],[3947,8075],[3912,8004],[3357,8354],[3319,8438],[3371,8560],[3409,8599],[3548,8663],[3606,8713],[3650,8787],[3627,8848],[3536,8985],[3566,9088],[3538,9166],[3653,9227],[3727,9360],[3790,9346],[3783,9293],[3829,9296],[3886,9352],[3795,9346],[3908,9423],[3940,9566],[3980,9513],[4030,9420],[4080,9400],[4059,9312],[4085,9271],[4153,9248],[4231,9169],[4285,9063]]]}},{"type":"Feature","id":"EG.MT","properties":{"hc-group":"admin1","hc-middle-x":0.42,"hc-middle-y":0.53,"hc-key":"eg-mt","hc-a2":"MT","labelrank":"6","hasc":"EG.MT","alt-name":"Mars? Matr?h|Mersa Matruh|Western Desert|Matrouh","woe-id":"2345244","subregion":null,"fips":"EG22","postal-code":"MT","name":"Matruh","country":"Egypt","type-en":"Governorate","region":null,"longitude":"27.5083","woe-name":"Matruh","latitude":"29.6121","woe-label":"Matruh, EG, Egypt","type":"Muhafazah"},"geometry":{"type":"Polygon","coordinates":[[[3319,8438],[3357,8354],[3912,8004],[3245,7605],[2680,7052],[2504,6925],[1817,6762],[1752,6738],[1685,6659],[1288,5872],[-737,5951],[-753,5951],[-679,7435],[-694,7545],[-756,7721],[-750,7887],[-800,8005],[-787,8137],[-879,8391],[-876,8429],[-797,8570],[-673,8728],[-584,9005],[-661,9239],[-679,9364],[-665,9594],[-522,9698],[-487,9780],[-407,9851],[-380,9727],[-205,9690],[154,9782],[274,9778],[601,9671],[927,9614],[1020,9570],[1104,9580],[1229,9517],[1417,9489],[1449,9390],[1526,9335],[1678,9297],[1850,9344],[1876,9227],[1941,9204],[2092,9200],[2229,9164],[2302,9188],[2647,9049],[2655,9013],[2821,8924],[2983,8932],[3224,9045],[3304,9095],[3304,9094],[3319,8438]]]}},{"type":"Feature","id":"EG.IK","properties":{"hc-group":"admin1","hc-middle-x":0.41,"hc-middle-y":0.59,"hc-key":"eg-ik","hc-a2":"IK","labelrank":"9","hasc":"EG.IK","alt-name":"Alejandr¡a|Alexandria|Alexandrie|El Iskandariya","woe-id":"2345228","subregion":null,"fips":"EG06","postal-code":"IK","name":"Al Iskandariyah","country":"Egypt","type-en":"Governorate","region":null,"longitude":"29.754","woe-name":"Al Iskandariyah","latitude":"30.8251","woe-label":"Al Iskandariyah, EG, Egypt","type":"Muhafazah"},"geometry":{"type":"Polygon","coordinates":[[[3319,8438],[3304,9094],[3304,9095],[3447,9203],[3508,9234],[3704,9407],[3727,9360],[3653,9227],[3538,9166],[3566,9088],[3536,8985],[3627,8848],[3650,8787],[3606,8713],[3548,8663],[3409,8599],[3371,8560],[3319,8438]]]}},{"type":"Feature","id":"EG.JZ","properties":{"hc-group":"admin1","hc-middle-x":0.27,"hc-middle-y":0.77,"hc-key":"eg-jz","hc-a2":"JZ","labelrank":"6","hasc":"EG.JZ","alt-name":"El Giza|El G?zah|Gizeh|Giza|Guizèh","woe-id":"2345230","subregion":null,"fips":"EG08","postal-code":"JZ","name":"Al Jizah","country":"Egypt","type-en":"Governorate","region":null,"longitude":"29.7204","woe-name":"Al Jizah","latitude":"29.3499","woe-label":"Al Jizah, EG, Egypt","type":"Muhafazah"},"geometry":{"type":"Polygon","coordinates":[[[4607,8273],[4669,8245],[4685,8214],[4672,8110],[4729,7990],[4732,7868],[5275,7893],[5279,7848],[5230,7097],[4914,7191],[4855,7227],[4702,7417],[4685,7488],[4571,7516],[4510,7790],[4446,7845],[4267,7823],[4088,7742],[3870,7601],[3467,7217],[3430,6971],[3408,6896],[3264,6532],[3152,6388],[3020,6292],[2616,6088],[2553,6043],[2444,5844],[1288,5872],[1685,6659],[1752,6738],[1817,6762],[2504,6925],[2680,7052],[3245,7605],[3912,8004],[3947,8075],[4342,8428],[4413,8430],[4466,8322],[4541,8318],[4607,8273]]]}},{"type":"Feature","id":"EG.FY","properties":{"hc-group":"admin1","hc-middle-x":0.61,"hc-middle-y":0.56,"hc-key":"eg-fy","hc-a2":"FY","labelrank":"9","hasc":"EG.FY","alt-name":"El Faiyum|el Fayoum|Faium|Faiy?m|Fayum|Fayoum|Fayyum","woe-id":"2345226","subregion":null,"fips":"EG04","postal-code":"FY","name":"Al Fayyum","country":"Egypt","type-en":"Governorate","region":null,"longitude":"30.4584","woe-name":"Al Fayyum","latitude":"29.2965","woe-label":"Al Fayyum, EG, Egypt","type":"Muhafazah"},"geometry":{"type":"Polygon","coordinates":[[[3467,7217],[3870,7601],[4088,7742],[4267,7823],[4446,7845],[4510,7790],[4571,7516],[4426,7307],[4367,7243],[4295,7206],[3937,7107],[3840,7145],[3467,7217]]]}},{"type":"Feature","id":"EG.WJ","properties":{"hc-group":"admin1","hc-middle-x":0.50,"hc-middle-y":0.67,"hc-key":"eg-wj","hc-a2":"WJ","labelrank":"6","hasc":"EG.WJ","alt-name":null,"woe-id":"2345235","subregion":null,"fips":"EG13","postal-code":"WJ","name":"Al Wadi at Jadid","country":"Egypt","type-en":"Governorate","region":null,"longitude":"28.9556","woe-name":"Al Wadi at Jadid","latitude":"24.8314","woe-label":"Al Wadi al Jadid, EG, Egypt","type":"Muhafazah"},"geometry":{"type":"Polygon","coordinates":[[[4769,394],[4710,289],[-999,397],[-753,5951],[-737,5951],[1288,5872],[2444,5844],[4212,5825],[4198,5792],[4206,5697],[4286,5525],[4431,5377],[4554,5319],[4636,5236],[4746,5014],[4869,4865],[4952,4794],[5323,4336],[5463,4206],[5564,4173],[5684,4203],[5886,4300],[6006,4291],[6026,4208],[5926,3975],[5805,3877],[5761,3811],[5818,3518],[5868,3435],[5953,3372],[6076,3286],[6116,3206],[6127,3106],[6205,2890],[6165,2774],[6158,2451],[6173,2380],[6125,2293],[5982,2269],[5954,2182],[6067,2067],[6040,2033],[5876,1993],[5813,1912],[5768,1714],[5835,1672],[6067,1683],[6058,1605],[5957,1488],[5783,1054],[5525,1140],[5238,1001],[5073,1007],[5021,927],[5046,785],[4962,636],[4893,592],[4758,568],[4695,465],[4769,394]]]}},{"type":"Feature","id":"EG.MN","properties":{"hc-group":"admin1","hc-middle-x":0.63,"hc-middle-y":0.50,"hc-key":"eg-mn","hc-a2":"MN","labelrank":"9","hasc":"EG.MN","alt-name":"Minia|Minieh|Menia|Minya","woe-id":"2345232","subregion":null,"fips":"EG10","postal-code":"MN","name":"Al Minya","country":"Egypt","type-en":"Governorate","region":null,"longitude":"30.1604","woe-name":"Al Minya","latitude":"28.2141","woe-label":"Al Minya, EG, Egypt","type":"Muhafazah"},"geometry":{"type":"Polygon","coordinates":[[[4198,5792],[4212,5825],[2444,5844],[2553,6043],[2616,6088],[3020,6292],[3152,6388],[3264,6532],[3408,6896],[4285,6912],[4436,6848],[4408,6610],[4324,6402],[4343,6282],[4390,6191],[4448,5872],[4433,5778],[4340,5767],[4198,5792]]]}},{"type":"Feature","id":"EG.BN","properties":{"hc-group":"admin1","hc-middle-x":0.69,"hc-middle-y":0.70,"hc-key":"eg-bn","hc-a2":"BN","labelrank":"9","hasc":"EG.BN","alt-name":"Beni Suwayf|Beni Souef|Beni Suef","woe-id":"2345240","subregion":null,"fips":"EG18","postal-code":"BN","name":"Bani Suwayf","country":"Egypt","type-en":"Governorate","region":null,"longitude":"30.5041","woe-name":"Bani Suwayf","latitude":"28.8948","woe-label":"Bani Suwayf, EG, Egypt","type":"Muhafazah"},"geometry":{"type":"Polygon","coordinates":[[[4436,6848],[4285,6912],[3408,6896],[3430,6971],[3467,7217],[3840,7145],[3937,7107],[4295,7206],[4367,7243],[4426,7307],[4571,7516],[4685,7488],[4702,7417],[4701,7324],[4647,7205],[4478,6975],[4436,6848]]]}},{"type":"Feature","id":"EG.KS","properties":{"hc-group":"admin1","hc-middle-x":0.64,"hc-middle-y":0.53,"hc-key":"eg-ks","hc-a2":"KS","labelrank":"9","hasc":"EG.KS","alt-name":"Kafr-El-Sheikh|Kafr ash Shaikh|Kafr ash-Shayk|Kafr el Sheik|Kafr el Sheikh","woe-id":"2345243","subregion":null,"fips":"EG21","postal-code":"KS","name":"Kafr ash Shaykh","country":"Egypt","type-en":"Governorate","region":null,"longitude":"30.853","woe-name":"Kafr ash Shaykh","latitude":"31.2075","woe-label":"Kafr ash Shaykh, EG, Egypt","type":"Muhafazah"},"geometry":{"type":"Polygon","coordinates":[[[4692,9186],[4543,9197],[4525,9112],[4357,9061],[4285,9063],[4231,9169],[4153,9248],[4085,9271],[4059,9312],[4080,9400],[4030,9420],[3980,9513],[3950,9577],[4059,9528],[4213,9563],[4372,9614],[4100,9465],[4261,9458],[4315,9515],[4394,9488],[4468,9505],[4513,9586],[4569,9560],[4577,9606],[4494,9662],[4565,9672],[4668,9645],[4776,9596],[4694,9546],[4720,9420],[4735,9207],[4692,9186]]]}},{"type":"Feature","id":"EG.AT","properties":{"hc-group":"admin1","hc-middle-x":0.41,"hc-middle-y":0.43,"hc-key":"eg-at","hc-a2":"AT","labelrank":"7","hasc":"EG.AT","alt-name":"Asyiut|Assiout|Assiut|Assyut|Asyout","woe-id":"2345239","subregion":null,"fips":"EG17","postal-code":"AT","name":"Asyut","country":"Egypt","type-en":"Governorate","region":null,"longitude":"31.1431","woe-name":"Asyut","latitude":"27.2223","woe-label":"Asyut, EG, Egypt","type":"Muhafazah"},"geometry":{"type":"Polygon","coordinates":[[[4198,5792],[4340,5767],[4433,5778],[4431,5663],[4470,5581],[4690,5483],[4775,5368],[4899,5255],[5026,5011],[4968,5015],[4899,5110],[4746,5014],[4636,5236],[4554,5319],[4431,5377],[4286,5525],[4206,5697],[4198,5792]]]}},{"type":"Feature","id":"EG.AN","properties":{"hc-group":"admin1","hc-middle-x":0.81,"hc-middle-y":0.55,"hc-key":"eg-an","hc-a2":"AN","labelrank":"7","hasc":"EG.AN","alt-name":"Assouan|Assuã|Assuán|Syene","woe-id":"2345238","subregion":null,"fips":"EG16","postal-code":"AN","name":"Aswan","country":"Egypt","type-en":"Governorate","region":null,"longitude":"32.2794","woe-name":"Aswan","latitude":"22.6543","woe-label":"Aswan, EG, Egypt","type":"Muhafazah"},"geometry":{"type":"Polygon","coordinates":[[[5997,3494],[6179,3359],[6244,3264],[6272,3150],[6288,2970],[6387,2771],[6378,2712],[6282,2571],[6250,2410],[6277,2243],[6355,2080],[6411,2033],[6433,1900],[6409,1802],[6477,1620],[6439,1488],[6345,1352],[6358,1307],[6494,1238],[6553,1162],[6594,1035],[6557,1002],[6424,1118],[6284,1126],[6145,1209],[6093,1110],[6090,1009],[6055,958],[5877,788],[5760,747],[5674,757],[5533,867],[5489,826],[5431,660],[5341,568],[5265,554],[5209,485],[5021,396],[4934,290],[4880,290],[4929,439],[4922,485],[4851,513],[4769,394],[4695,465],[4758,568],[4893,592],[4962,636],[5046,785],[5021,927],[5073,1007],[5238,1001],[5525,1140],[5783,1054],[5957,1488],[6058,1605],[6067,1683],[5835,1672],[5768,1714],[5813,1912],[5876,1993],[6040,2033],[6067,2067],[5954,2182],[5982,2269],[6125,2293],[6173,2380],[6158,2451],[6165,2774],[6205,2890],[6127,3106],[6116,3206],[6076,3286],[5953,3372],[5984,3396],[5997,3494]]]}},{"type":"Feature","id":"EG.QN","properties":{"hc-group":"admin1","hc-middle-x":0.35,"hc-middle-y":0.14,"hc-key":"eg-qn","hc-a2":"QN","labelrank":"9","hasc":"EG.QN","alt-name":"Kena|Qena|Quena","woe-id":"2345245","subregion":null,"fips":"EG02","postal-code":"QN","name":"Qina","country":"Egypt","type-en":"Governorate","region":null,"longitude":"32.4417","woe-name":"Qina","latitude":"26.1216","woe-label":"Qina, EG, Egypt","type":"Muhafazah"},"geometry":{"type":"Polygon","coordinates":[[[5997,3494],[5984,3396],[5953,3372],[5868,3435],[5818,3518],[5761,3811],[5805,3877],[5926,3975],[6026,4208],[6006,4291],[5886,4300],[5684,4203],[5564,4173],[5463,4206],[5323,4336],[5485,4432],[5591,4331],[5635,4357],[5839,4450],[5966,4459],[6035,4440],[6140,4342],[6176,4253],[6188,4146],[6131,3977],[5954,3788],[5920,3703],[5938,3578],[5997,3494]],[[5950,3912],[5960,3934],[5942,3942],[5921,3900],[5950,3912]]]}},{"type":"Feature","id":"EG.SJ","properties":{"hc-group":"admin1","hc-middle-x":0.44,"hc-middle-y":0.45,"hc-key":"eg-sj","hc-a2":"SJ","labelrank":"6","hasc":"EG.SJ","alt-name":"Girga|Girgeh|Sawh?j|Sohag|Suhag","woe-id":"2345246","subregion":null,"fips":"EG24","postal-code":"SJ","name":"Suhaj","country":"Egypt","type-en":"Governorate","region":null,"longitude":"31.8037","woe-name":"Suhaj","latitude":"26.5104","woe-label":"Suhaj, EG, Egypt","type":"Muhafazah"},"geometry":{"type":"Polygon","coordinates":[[[5635,4357],[5591,4331],[5485,4432],[5323,4336],[4952,4794],[4869,4865],[4746,5014],[4899,5110],[4968,5015],[5026,5011],[5212,4873],[5284,4742],[5291,4687],[5352,4598],[5500,4540],[5635,4357]]]}}]}